
-- Records of STAFF
INSERT INTO branch_b02.staff (staff_fname, staff_mname, staff_lname, staff_title, staff_addr1, staff_addr2, staff_city, staff_postcode, staff_personal_email, staff_landline, staff_mobile)
VALUES
	('Ethan', 'William', 'White', 'Dr', '789 Pine Avenue', NULL, 'Glasgow', 'G1 1AA', 'ethan.white@gmail.com', '0162345679', '07987654322'),
  ('William', 'Daniel', 'Thomas', 'Dr', '789 Elm Street', NULL, 'Glasgow', 'G1 1AA', 'william.thomas@gmail.com', '0161234568', '07987554322'),
  ('Isabella', NULL, 'Harris', 'Dr', '456 Maple Street', NULL, 'Manchester', 'M1 2AB', 'isabella.harris@gmail.com', '0163456791', '07998765433'),
  ('James', 'Alexander', 'Brown', 'Dr', '789 Oak Lane', NULL, 'Glasgow', 'G2 1AB', 'james.brown@gmail.com', '0112345670', '07871234568'),
  ('Charlotte', NULL, 'Wilson', 'Dr', '101 Elm Street', NULL, 'Bristol', 'BS2 1AB', 'charlotte.wilson@gmail.com', '0142345679', '07876543211'),
  ('Laura', 'James', 'Taylor', 'Ms', '456 Elm Street', NULL, 'Glasgow', 'G1 1AA', 'laura.taylor@gmail.com', '0201234512', '07891232567'),
  ('Jane', NULL, 'Doe', 'Mrs', '987 Oak Avenue', NULL, 'Manchester', 'M1 2AA', 'jAne.doe@gmail.com', '0161234567', '07987654321');

-- Records of STAFF_ROLE
INSERT INTO branch_b02.staff_role (staff_id, role_id)
VALUES
  ('s000000008', 1),
  ('s000000009', 2),
  ('s000000010', 1),
  ('s000000011', 2),
  ('s000000012', 3),
  ('s000000013', 4),
  ('s000000014', 6);

-- Records of DEPARTMENT
INSERT INTO branch_b02.department (dep_id, staff_id)
VALUES
  ('d000004', 's000000008'),
  ('d000005', 's000000010'),
  ('d000007', 's000000012'),
  ('d000010', 's000000013'),
  ('d000009', 's000000014');

-- Records of COURSE
INSERT INTO branch_b02.course (course_id, staff_id)
VALUES
  ('c000007', 's000000008'),
  ('c000008', 's000000008'),
  ('c000009', 's000000010'),
  ('c000010', 's000000010');

-- Records of DEPARTMENT_COURSE
INSERT INTO branch_b02.department_course (dep_id, course_id)
VALUES
  ('d000004' , 'c000007'),
  ('d000004' , 'c000008'),
  ('d000005' , 'c000009'),
  ('d000005' , 'c000010'),
  ('d000005' , 'c000008');

-- Records of MODULE
INSERT INTO branch_b02.module (module_id)
VALUES
  ('m000013'),
  ('m000014'),
  ('m000015'),
  ('m000016'),
  ('m000017'),
  ('m000018'),
  ('m000019'),
  ('m000020');

-- Records of COURSE_MODULE
INSERT INTO branch_b02.course_module (course_id, module_id) 
VALUES
  ('c000007', 'm000013'),
  ('c000007', 'm000014'),
  ('c000008', 'm000015'),
  ('c000008', 'm000016'),
  ('c000009', 'm000017'),
  ('c000009', 'm000018'),
  ('c000010', 'm000019'),
  ('c000010', 'm000020');

-- Records of STUDENT
INSERT INTO branch_b02.student (student_personal_email, student_fname, student_mname, student_lname, student_pronouns, student_addr1, student_addr2, student_city, student_postcode, student_landline, student_mobile, student_attendance)
VALUES
  ('alexander.brown@gmail.com', 'Alexander', 'James', 'Brown', 'He/Him', '456 Birch Avenue', NULL, 'Manchester', 'M1 2AB', '0163456789', '07998765432', 0.00),
  ('olivia.taylor@gmail.com', 'Olivia', NULL, 'Taylor', 'She/Her', '101 Elm Street', NULL, 'Glasgow', 'G2 1AB', '0142345671', '07871234571', 0.00),
  ('will.thomas@gmail.com', 'William', 'John', 'Thomas', 'He/Him', '789 Oak Lane', NULL, 'Bristol', 'BS2 1AB', '0113456781', '07912335681', 0.00),
  ('will.james@gmail.com', 'Will', NULL, 'James', 'He/Him', '125 Cedar Lane', NULL, 'London', 'SW1A 4AB', '0113456780', '07912345581', 0.00),
  ('amanda.thomas@gmail.com', 'Amanda', NULL, 'Thomas', 'She/Her', '789 Oak Lane', NULL, 'Bristol', 'BS2 1AB', '0113456781', '07912345681', 0.00),
  ('amanda.james@gmail.com', 'Amanda', NULL, 'James', 'She/Her', '125 Cedar Lane', NULL, 'Bristol', 'BS2 1AB', '0113456281', '07952345681', 0.00);

-- Records of STUDENT_COURSE
INSERT INTO branch_b02.student_course (student_id, course_id, feedback, culmative_average, course_rep)
VALUES
  ('sn00000007', 'c000007', NULL, 0.00, TRUE),
  ('sn00000008', 'c000007', NULL, 0.00, FALSE),
  ('sn00000009', 'c000008', NULL, 0.00, TRUE),
  ('sn00000010', 'c000008', NULL, 0.00, FALSE),
  ('sn00000011', 'c000009', NULL, 0.00, FALSE),
  ('sn00000012', 'c000010', NULL, 0.00, FALSE);

-- Records of TUITION
INSERT INTO branch_b02.tuition (tuition_amount, tuition_paid, tuition_remaining, tuition_remaining_perc, tuition_deadline)
VALUES
  (2800.00, 0, 2800.00, 0, '2025-07-01'),
  (2900.00, 0, 2900.00, 0, '2025-08-05'),
  (3000.00, 0, 3000.00, 0, '2025-07-10'),
  (3100.00, 0, 3100.00, 0, '2024-08-15'),
  (3200.00, 0, 3200.00, 0, '2024-07-20'),
  (3300.00, 0, 3300.00, 0, '2024-08-25');

-- Records of STUDENT_TUITION
INSERT INTO branch_b02.student_tuition (student_id, tuition_id)
VALUES
  ('sn00000007', 1),
  ('sn00000008', 2),
  ('sn00000009', 3),
  ('sn00000010', 4),
  ('sn00000011', 5),
  ('sn00000012', 6);

-- Records of TUITION_PAYMENT
INSERT INTO branch_b02.tuition_payment (tuition_id, tuition_payment_amount, tuition_payment_date, tuition_payment_method)
VALUES
  (1, 2800.00, '2025-03-15', 'Bank Transfer'),
  (2, 1200.00, '2025-03-20', 'Bank Transfer'),
  (3, 400.00, '2025-04-10', 'Direct Debit'),
  (4, 2000.00, '2025-04-20', 'Direct Debit'),
  (5, 600.00, '2025-05-10', 'Direct Debit'),
  (6, 900.00, '2025-05-20', 'Direct Debit');

-- Records of STAFF_DEPARTMENT
INSERT INTO branch_b02.staff_department (staff_id, dep_id, date_assinged)
VALUES
  ('s000000008', 'd000004', '2025-02-01'),
  ('s000000009', 'd000004', '2025-02-02'),
  ('s000000010', 'd000005', '2025-03-02'),
  ('s000000011', 'd000005', '2025-02-06'),
  ('s000000012', 'd000007', '2025-04-02'),
  ('s000000013', 'd000010', '2025-02-09'),
  ('s000000014', 'd000009', '2025-05-02');

-- Records of BUILDING
INSERT INTO branch_b02.building (building_name, building_alt_name, building_type, building_addr1, building_addr2, building_city, building_postcode, building_country)
VALUES
  ('Nancy Rothwell', 'NR', 'Educational', '4 Oxford Street', NULL, 'Manchester', 'M1 1AA', 'United Kingdom'),
  ('Crawford House', 'CH', 'Administrative', '1 Charles Street', NULL, 'Manchester', 'M1 1AB', 'United Kingdom');

-- Records of ROOM
INSERT INTO branch_b02.room (building_id, room_name, room_alt_name, room_type_id, room_capacity, room_floor)
VALUES
  (1, 'Lecture Theatre 1', 'LT1', 1, 100, 1),
  (1, '1.02', 'NR1.01', 4, 40, 1),
  (1, '1.04', 'NR1.02', 2, 25, 1),
  (1, '2.01', 'NR2.01', 13, 1, 2),
  (1, '2.02', 'NR2.02', 13, 1, 2),
  (1, '2.03', 'NR2.03', 13, 1, 2),
  (1, '2.04', 'NR2.04', 13, 1, 2),
  (2, '1.05', 'CH1.01', 13, 1, 1),
  (2, '1.05', 'CH1.02', 13, 1, 1),
  (2, '1.05', 'CH1.03', 13, 1, 1),
  (2, '1.05', 'CH1.04', 13, 1, 1),
  (2, '2.01', 'CH2.01', 13, 1, 2),
  (2, '2.02', 'CH2.02', 13, 1, 2),
  (2, '2.03', 'CH2.03', 13, 1, 2),
  (2, '2.04', 'CH2.04', 13, 1, 2);

-- Records of ROOM_FACILITY
INSERT INTO branch_b02.room_facility (room_id, facility_id, quantity)
VALUES
  (1, 1, 1),
  (1, 2, 2),
  (2, 1, 25),
  (2, 2, 2),
  (2, 12, 2),
  (3, 1, 10),
  (3, 2, 2),
  (4, 1, 1),
  (5, 1, 1),
  (6, 1, 1),
  (7, 1, 1),
  (8, 1, 1),
  (9, 1, 1),
  (10, 1, 1),
  (11, 1, 1),
  (12, 1, 1),
  (13, 1, 1),
  (14, 1, 1),
  (15, 1, 1);

-- Records of SESSION
INSERT INTO branch_b02.session (room_id, module_id, session_type, session_start_time, session_end_time, session_date, session_feedback, session_mandatory, session_description)
VALUES
	(1, 'm000013', 'Lecture', '9:00', '10:00', '2024-11-05', '', TRUE, ''),
	(2, 'm000013', 'Practical', '10:00', '11:00', '2024-11-05', '', TRUE, ''),
	(1, 'm000013', 'Lecture', '9:00', '10:00', '2024-11-12', '', TRUE, ''),
	(2, 'm000013', 'Practical', '10:00', '11:00', '2024-11-12', '', TRUE, ''),
	(1, 'm000013', 'Lecture', '9:00', '10:00', '2024-11-19', '', TRUE, ''),
	(2, 'm000013', 'Practical', '10:00', '11:00', '2024-11-19', '', TRUE, ''),
	(1, 'm000013', 'Lecture', '9:00', '10:00', '2024-11-26', '', TRUE, ''),
	(3, 'm000013', 'Practical', '10:00', '11:00', '2024-11-26', '', TRUE, ''),
	(1, 'm000013', 'Lecture', '9:00', '10:00', '2024-12-03', '', TRUE, ''),
	(3, 'm000013', 'Practical', '10:00', '11:00', '2024-12-03', '', TRUE, ''),
	(1, 'm000013', 'Lecture', '9:00', '10:00', '2024-12-10', '', TRUE, ''),
	(3, 'm000013', 'Practical', '10:00', '11:00', '2024-12-10', '', TRUE, ''),
	(1, 'm000013', 'Lecture', '9:00', '10:00', '2024-12-17', '', TRUE, ''),
	(2, 'm000013', 'Practical', '10:00', '11:00', '2024-12-17', '', TRUE, ''),
	(1, 'm000013', 'Lecture', '9:00', '10:00', '2024-12-24', '', TRUE, ''),
	(2, 'm000013', 'Practical', '10:00', '11:00', '2024-12-24', '', TRUE, ''),
	(1, 'm000013', 'Lecture', '9:00', '10:00', '2024-12-31', '', TRUE, ''),
	(2, 'm000013', 'Practical', '10:00', '11:00', '2024-12-31', '', TRUE, ''),
	(1, 'm000013', 'Lecture', '9:00', '10:00', '2025-01-07', '', TRUE, ''),
	(2, 'm000013', 'Practical', '10:00', '11:00', '2025-01-07', '', TRUE, ''),
	(1, 'm000013', 'Lecture', '9:00', '10:00', '2025-01-14', '', TRUE, ''),
	(2, 'm000013', 'Practical', '10:00', '11:00', '2025-01-14', '', TRUE, ''),
	(1, 'm000013', 'Lecture', '9:00', '10:00', '2025-01-21', '', TRUE, ''),
	(3, 'm000013', 'Practical', '10:00', '11:00', '2025-01-21', '', TRUE, ''),
	(1, 'm000014', 'Lecture', '10:00', '11:00', '2024-11-05', '', TRUE, ''),
	(2, 'm000014', 'Practical', '11:00', '12:00', '2024-11-05', '', TRUE, ''),
	(1, 'm000014', 'Lecture', '10:00', '11:00', '2024-11-12', '', TRUE, ''),
	(2, 'm000014', 'Practical', '11:00', '12:00', '2024-11-12', '', TRUE, ''),
	(1, 'm000014', 'Lecture', '10:00', '11:00', '2024-11-19', '', TRUE, ''),
	(3, 'm000014', 'Practical', '11:00', '12:00', '2024-11-19', '', TRUE, ''),
	(1, 'm000014', 'Lecture', '10:00', '11:00', '2024-11-26', '', TRUE, ''),
	(2, 'm000014', 'Practical', '11:00', '12:00', '2024-11-26', '', TRUE, ''),
	(1, 'm000014', 'Lecture', '10:00', '11:00', '2024-12-03', '', TRUE, ''),
	(3, 'm000014', 'Practical', '11:00', '12:00', '2024-12-03', '', TRUE, ''),
	(1, 'm000014', 'Lecture', '10:00', '11:00', '2024-12-10', '', TRUE, ''),
	(3, 'm000014', 'Practical', '11:00', '12:00', '2024-12-10', '', TRUE, ''),
	(1, 'm000014', 'Lecture', '10:00', '11:00', '2024-12-17', '', TRUE, ''),
	(2, 'm000014', 'Practical', '11:00', '12:00', '2024-12-17', '', TRUE, ''),
	(1, 'm000014', 'Lecture', '10:00', '11:00', '2024-12-24', '', TRUE, ''),
	(2, 'm000014', 'Practical', '11:00', '12:00', '2024-12-24', '', TRUE, ''),
	(1, 'm000014', 'Lecture', '10:00', '11:00', '2024-12-31', '', TRUE, ''),
	(3, 'm000014', 'Practical', '11:00', '12:00', '2024-12-31', '', TRUE, ''),
	(1, 'm000014', 'Lecture', '10:00', '11:00', '2025-01-07', '', TRUE, ''),
	(3, 'm000014', 'Practical', '11:00', '12:00', '2025-01-07', '', TRUE, ''),
	(1, 'm000014', 'Lecture', '10:00', '11:00', '2025-01-14', '', TRUE, ''),
	(2, 'm000014', 'Practical', '11:00', '12:00', '2025-01-14', '', TRUE, ''),
	(1, 'm000014', 'Lecture', '10:00', '11:00', '2025-01-21', '', TRUE, ''),
	(3, 'm000014', 'Practical', '11:00', '12:00', '2025-01-21', '', TRUE, ''),
	(1, 'm000015', 'Lecture', '11:00', '12:00', '2024-11-05', '', TRUE, ''),
	(2, 'm000015', 'Practical', '12:00', '13:00', '2024-11-05', '', TRUE, ''),
	(1, 'm000015', 'Lecture', '11:00', '12:00', '2024-11-12', '', TRUE, ''),
	(2, 'm000015', 'Practical', '12:00', '13:00', '2024-11-12', '', TRUE, ''),
	(1, 'm000015', 'Lecture', '11:00', '12:00', '2024-11-19', '', TRUE, ''),
	(3, 'm000015', 'Practical', '12:00', '13:00', '2024-11-19', '', TRUE, ''),
	(1, 'm000015', 'Lecture', '11:00', '12:00', '2024-11-26', '', TRUE, ''),
	(2, 'm000015', 'Practical', '12:00', '13:00', '2024-11-26', '', TRUE, ''),
	(1, 'm000015', 'Lecture', '11:00', '12:00', '2024-12-03', '', TRUE, ''),
	(3, 'm000015', 'Practical', '12:00', '13:00', '2024-12-03', '', TRUE, ''),
	(1, 'm000015', 'Lecture', '11:00', '12:00', '2024-12-10', '', TRUE, ''),
	(2, 'm000015', 'Practical', '12:00', '13:00', '2024-12-10', '', TRUE, ''),
	(1, 'm000015', 'Lecture', '11:00', '12:00', '2024-12-17', '', TRUE, ''),
	(2, 'm000015', 'Practical', '12:00', '13:00', '2024-12-17', '', TRUE, ''),
	(1, 'm000015', 'Lecture', '11:00', '12:00', '2024-12-24', '', TRUE, ''),
	(2, 'm000015', 'Practical', '12:00', '13:00', '2024-12-24', '', TRUE, ''),
	(1, 'm000015', 'Lecture', '11:00', '12:00', '2024-12-31', '', TRUE, ''),
	(3, 'm000015', 'Practical', '12:00', '13:00', '2024-12-31', '', TRUE, ''),
	(1, 'm000015', 'Lecture', '11:00', '12:00', '2025-01-07', '', TRUE, ''),
	(2, 'm000015', 'Practical', '12:00', '13:00', '2025-01-07', '', TRUE, ''),
	(1, 'm000015', 'Lecture', '11:00', '12:00', '2025-01-14', '', TRUE, '');

INSERT INTO branch_b02.session (room_id, module_id, session_type, session_start_time, session_end_time, session_date, session_feedback, session_mandatory, session_description)
VALUES
	(3, 'm000015', 'Practical', '12:00', '13:00', '2025-01-14', '', TRUE, ''),
	(1, 'm000015', 'Lecture', '11:00', '12:00', '2025-01-21', '', TRUE, ''),
	(2, 'm000015', 'Practical', '12:00', '13:00', '2025-01-21', '', TRUE, ''),
	(1, 'm000016', 'Lecture', '12:00', '13:00', '2024-11-05', '', TRUE, ''),
	(2, 'm000016', 'Practical', '13:00', '14:00', '2024-11-05', '', TRUE, ''),
	(1, 'm000016', 'Lecture', '12:00', '13:00', '2024-11-12', '', TRUE, ''),
	(3, 'm000016', 'Practical', '13:00', '14:00', '2024-11-12', '', TRUE, ''),
	(1, 'm000016', 'Lecture', '12:00', '13:00', '2024-11-19', '', TRUE, ''),
	(2, 'm000016', 'Practical', '13:00', '14:00', '2024-11-19', '', TRUE, ''),
	(1, 'm000016', 'Lecture', '12:00', '13:00', '2024-11-26', '', TRUE, ''),
	(2, 'm000016', 'Practical', '13:00', '14:00', '2024-11-26', '', TRUE, ''),
	(1, 'm000016', 'Lecture', '12:00', '13:00', '2024-12-03', '', TRUE, ''),
	(2, 'm000016', 'Practical', '13:00', '14:00', '2024-12-03', '', TRUE, ''),
	(1, 'm000016', 'Lecture', '12:00', '13:00', '2024-12-10', '', TRUE, ''),
	(2, 'm000016', 'Practical', '13:00', '14:00', '2024-12-10', '', TRUE, ''),
	(1, 'm000016', 'Lecture', '12:00', '13:00', '2024-12-17', '', TRUE, ''),
	(2, 'm000016', 'Practical', '13:00', '14:00', '2024-12-17', '', TRUE, ''),
	(1, 'm000016', 'Lecture', '12:00', '13:00', '2024-12-24', '', TRUE, ''),
	(2, 'm000016', 'Practical', '13:00', '14:00', '2024-12-24', '', TRUE, ''),
	(1, 'm000016', 'Lecture', '12:00', '13:00', '2024-12-31', '', TRUE, ''),
	(2, 'm000016', 'Practical', '13:00', '14:00', '2024-12-31', '', TRUE, ''),
	(1, 'm000016', 'Lecture', '12:00', '13:00', '2025-01-07', '', TRUE, ''),
	(3, 'm000016', 'Practical', '13:00', '14:00', '2025-01-07', '', TRUE, ''),
	(1, 'm000016', 'Lecture', '12:00', '13:00', '2025-01-14', '', TRUE, ''),
	(3, 'm000016', 'Practical', '13:00', '14:00', '2025-01-14', '', TRUE, ''),
	(1, 'm000016', 'Lecture', '12:00', '13:00', '2025-01-21', '', TRUE, ''),
	(3, 'm000016', 'Practical', '13:00', '14:00', '2025-01-21', '', TRUE, ''),
	(1, 'm000017', 'Lecture', '13:00', '14:00', '2024-11-05', '', TRUE, ''),
	(3, 'm000017', 'Practical', '14:00', '15:00', '2024-11-05', '', TRUE, ''),
	(1, 'm000017', 'Lecture', '13:00', '14:00', '2024-11-12', '', TRUE, ''),
	(3, 'm000017', 'Practical', '14:00', '15:00', '2024-11-12', '', TRUE, ''),
	(1, 'm000017', 'Lecture', '13:00', '14:00', '2024-11-19', '', TRUE, ''),
	(3, 'm000017', 'Practical', '14:00', '15:00', '2024-11-19', '', TRUE, ''),
	(1, 'm000017', 'Lecture', '13:00', '14:00', '2024-11-26', '', TRUE, ''),
	(3, 'm000017', 'Practical', '14:00', '15:00', '2024-11-26', '', TRUE, ''),
	(1, 'm000017', 'Lecture', '13:00', '14:00', '2024-12-03', '', TRUE, ''),
	(2, 'm000017', 'Practical', '14:00', '15:00', '2024-12-03', '', TRUE, ''),
	(1, 'm000017', 'Lecture', '13:00', '14:00', '2024-12-10', '', TRUE, ''),
	(3, 'm000017', 'Practical', '14:00', '15:00', '2024-12-10', '', TRUE, ''),
	(1, 'm000017', 'Lecture', '13:00', '14:00', '2024-12-17', '', TRUE, ''),
	(2, 'm000017', 'Practical', '14:00', '15:00', '2024-12-17', '', TRUE, ''),
	(1, 'm000017', 'Lecture', '13:00', '14:00', '2024-12-24', '', TRUE, ''),
	(2, 'm000017', 'Practical', '14:00', '15:00', '2024-12-24', '', TRUE, ''),
	(1, 'm000017', 'Lecture', '13:00', '14:00', '2024-12-31', '', TRUE, ''),
	(2, 'm000017', 'Practical', '14:00', '15:00', '2024-12-31', '', TRUE, ''),
	(1, 'm000017', 'Lecture', '13:00', '14:00', '2025-01-07', '', TRUE, ''),
	(2, 'm000017', 'Practical', '14:00', '15:00', '2025-01-07', '', TRUE, ''),
	(1, 'm000017', 'Lecture', '13:00', '14:00', '2025-01-14', '', TRUE, ''),
	(2, 'm000017', 'Practical', '14:00', '15:00', '2025-01-14', '', TRUE, ''),
	(1, 'm000017', 'Lecture', '13:00', '14:00', '2025-01-21', '', TRUE, ''),
	(3, 'm000017', 'Practical', '14:00', '15:00', '2025-01-21', '', TRUE, ''),
	(1, 'm000018', 'Lecture', '14:00', '15:00', '2024-11-05', '', TRUE, ''),
	(3, 'm000018', 'Practical', '15:00', '16:00', '2024-11-05', '', TRUE, ''),
	(1, 'm000018', 'Lecture', '14:00', '15:00', '2024-11-12', '', TRUE, ''),
	(3, 'm000018', 'Practical', '15:00', '16:00', '2024-11-12', '', TRUE, ''),
	(1, 'm000018', 'Lecture', '14:00', '15:00', '2024-11-19', '', TRUE, ''),
	(2, 'm000018', 'Practical', '15:00', '16:00', '2024-11-19', '', TRUE, ''),
	(1, 'm000018', 'Lecture', '14:00', '15:00', '2024-11-26', '', TRUE, ''),
	(2, 'm000018', 'Practical', '15:00', '16:00', '2024-11-26', '', TRUE, ''),
	(1, 'm000018', 'Lecture', '14:00', '15:00', '2024-12-03', '', TRUE, ''),
	(3, 'm000018', 'Practical', '15:00', '16:00', '2024-12-03', '', TRUE, ''),
	(1, 'm000018', 'Lecture', '14:00', '15:00', '2024-12-10', '', TRUE, ''),
	(2, 'm000018', 'Practical', '15:00', '16:00', '2024-12-10', '', TRUE, ''),
	(1, 'm000018', 'Lecture', '14:00', '15:00', '2024-12-17', '', TRUE, ''),
	(2, 'm000018', 'Practical', '15:00', '16:00', '2024-12-17', '', TRUE, ''),
	(1, 'm000018', 'Lecture', '14:00', '15:00', '2024-12-24', '', TRUE, ''),
	(2, 'm000018', 'Practical', '15:00', '16:00', '2024-12-24', '', TRUE, ''),
	(1, 'm000018', 'Lecture', '14:00', '15:00', '2024-12-31', '', TRUE, ''),
	(3, 'm000018', 'Practical', '15:00', '16:00', '2024-12-31', '', TRUE, ''),
	(1, 'm000018', 'Lecture', '14:00', '15:00', '2025-01-07', '', TRUE, ''),
	(2, 'm000018', 'Practical', '15:00', '16:00', '2025-01-07', '', TRUE, ''),
	(1, 'm000018', 'Lecture', '14:00', '15:00', '2025-01-14', '', TRUE, '');

INSERT INTO branch_b02.session (room_id, module_id, session_type, session_start_time, session_end_time, session_date, session_feedback, session_mandatory, session_description)
VALUES
	(2, 'm000018', 'Practical', '15:00', '16:00', '2025-01-14', '', TRUE, ''),
	(1, 'm000018', 'Lecture', '14:00', '15:00', '2025-01-21', '', TRUE, ''),
	(3, 'm000018', 'Practical', '15:00', '16:00', '2025-01-21', '', TRUE, ''),
	(1, 'm000019', 'Lecture', '15:00', '16:00', '2024-11-05', '', TRUE, ''),
	(3, 'm000019', 'Practical', '16:00', '17:00', '2024-11-05', '', TRUE, ''),
	(1, 'm000019', 'Lecture', '15:00', '16:00', '2024-11-12', '', TRUE, ''),
	(3, 'm000019', 'Practical', '16:00', '17:00', '2024-11-12', '', TRUE, ''),
	(1, 'm000019', 'Lecture', '15:00', '16:00', '2024-11-19', '', TRUE, ''),
	(2, 'm000019', 'Practical', '16:00', '17:00', '2024-11-19', '', TRUE, ''),
	(1, 'm000019', 'Lecture', '15:00', '16:00', '2024-11-26', '', TRUE, ''),
	(3, 'm000019', 'Practical', '16:00', '17:00', '2024-11-26', '', TRUE, ''),
	(1, 'm000019', 'Lecture', '15:00', '16:00', '2024-12-03', '', TRUE, ''),
	(2, 'm000019', 'Practical', '16:00', '17:00', '2024-12-03', '', TRUE, ''),
	(1, 'm000019', 'Lecture', '15:00', '16:00', '2024-12-10', '', TRUE, ''),
	(3, 'm000019', 'Practical', '16:00', '17:00', '2024-12-10', '', TRUE, ''),
	(1, 'm000019', 'Lecture', '15:00', '16:00', '2024-12-17', '', TRUE, ''),
	(3, 'm000019', 'Practical', '16:00', '17:00', '2024-12-17', '', TRUE, ''),
	(1, 'm000019', 'Lecture', '15:00', '16:00', '2024-12-24', '', TRUE, ''),
	(2, 'm000019', 'Practical', '16:00', '17:00', '2024-12-24', '', TRUE, ''),
	(1, 'm000019', 'Lecture', '15:00', '16:00', '2024-12-31', '', TRUE, ''),
	(2, 'm000019', 'Practical', '16:00', '17:00', '2024-12-31', '', TRUE, ''),
	(1, 'm000019', 'Lecture', '15:00', '16:00', '2025-01-07', '', TRUE, ''),
	(2, 'm000019', 'Practical', '16:00', '17:00', '2025-01-07', '', TRUE, ''),
	(1, 'm000019', 'Lecture', '15:00', '16:00', '2025-01-14', '', TRUE, ''),
	(2, 'm000019', 'Practical', '16:00', '17:00', '2025-01-14', '', TRUE, ''),
	(1, 'm000019', 'Lecture', '15:00', '16:00', '2025-01-21', '', TRUE, ''),
	(3, 'm000019', 'Practical', '16:00', '17:00', '2025-01-21', '', TRUE, ''),
	(1, 'm000020', 'Lecture', '16:00', '17:00', '2024-11-05', '', TRUE, ''),
	(2, 'm000020', 'Practical', '17:00', '18:00', '2024-11-05', '', TRUE, ''),
	(1, 'm000020', 'Lecture', '16:00', '17:00', '2024-11-12', '', TRUE, ''),
	(3, 'm000020', 'Practical', '17:00', '18:00', '2024-11-12', '', TRUE, ''),
	(1, 'm000020', 'Lecture', '16:00', '17:00', '2024-11-19', '', TRUE, ''),
	(3, 'm000020', 'Practical', '17:00', '18:00', '2024-11-19', '', TRUE, ''),
	(1, 'm000020', 'Lecture', '16:00', '17:00', '2024-11-26', '', TRUE, ''),
	(3, 'm000020', 'Practical', '17:00', '18:00', '2024-11-26', '', TRUE, ''),
	(1, 'm000020', 'Lecture', '16:00', '17:00', '2024-12-03', '', TRUE, ''),
	(2, 'm000020', 'Practical', '17:00', '18:00', '2024-12-03', '', TRUE, ''),
	(1, 'm000020', 'Lecture', '16:00', '17:00', '2024-12-10', '', TRUE, ''),
	(2, 'm000020', 'Practical', '17:00', '18:00', '2024-12-10', '', TRUE, ''),
	(1, 'm000020', 'Lecture', '16:00', '17:00', '2024-12-17', '', TRUE, ''),
	(3, 'm000020', 'Practical', '17:00', '18:00', '2024-12-17', '', TRUE, ''),
	(1, 'm000020', 'Lecture', '16:00', '17:00', '2024-12-24', '', TRUE, ''),
	(2, 'm000020', 'Practical', '17:00', '18:00', '2024-12-24', '', TRUE, ''),
	(1, 'm000020', 'Lecture', '16:00', '17:00', '2024-12-31', '', TRUE, ''),
	(3, 'm000020', 'Practical', '17:00', '18:00', '2024-12-31', '', TRUE, ''),
	(1, 'm000020', 'Lecture', '16:00', '17:00', '2025-01-07', '', TRUE, ''),
	(2, 'm000020', 'Practical', '17:00', '18:00', '2025-01-07', '', TRUE, ''),
	(1, 'm000020', 'Lecture', '16:00', '17:00', '2025-01-14', '', TRUE, ''),
	(2, 'm000020', 'Practical', '17:00', '18:00', '2025-01-14', '', TRUE, ''),
	(1, 'm000020', 'Lecture', '16:00', '17:00', '2025-01-21', '', TRUE, ''),
	(3, 'm000020', 'Practical', '17:00', '18:00', '2025-01-21', '', TRUE, '');

-- Records of STAFF_SESSION
INSERT INTO branch_b02.staff_session (staff_id, session_id)
VALUES
	('s000000008', 'sesh000194'),
	('s000000009', 'sesh000194'),
	('s000000008', 'sesh000195'),
	('s000000009', 'sesh000195'),
	('s000000008', 'sesh000196'),
	('s000000009', 'sesh000196'),
	('s000000008', 'sesh000197'),
	('s000000009', 'sesh000197'),
	('s000000008', 'sesh000198'),
	('s000000009', 'sesh000198'),
	('s000000008', 'sesh000199'),
	('s000000009', 'sesh000199'),
	('s000000008', 'sesh000200'),
	('s000000009', 'sesh000200'),
	('s000000008', 'sesh000201'),
	('s000000009', 'sesh000201'),
	('s000000008', 'sesh000202'),
	('s000000009', 'sesh000202'),
	('s000000008', 'sesh000203'),
	('s000000009', 'sesh000203'),
	('s000000008', 'sesh000204'),
	('s000000009', 'sesh000204'),
	('s000000008', 'sesh000205'),
	('s000000009', 'sesh000205'),
	('s000000008', 'sesh000206'),
	('s000000009', 'sesh000206'),
	('s000000008', 'sesh000207'),
	('s000000009', 'sesh000207'),
	('s000000008', 'sesh000208'),
	('s000000009', 'sesh000208'),
	('s000000008', 'sesh000209'),
	('s000000009', 'sesh000209'),
	('s000000008', 'sesh000210'),
	('s000000009', 'sesh000210'),
	('s000000008', 'sesh000211'),
	('s000000009', 'sesh000211'),
	('s000000008', 'sesh000212'),
	('s000000009', 'sesh000212'),
	('s000000008', 'sesh000213'),
	('s000000009', 'sesh000213'),
	('s000000008', 'sesh000214'),
	('s000000009', 'sesh000214'),
	('s000000008', 'sesh000215'),
	('s000000009', 'sesh000215'),
	('s000000008', 'sesh000216'),
	('s000000009', 'sesh000216'),
	('s000000008', 'sesh000217'),
	('s000000009', 'sesh000217'),
	('s000000008', 'sesh000218'),
	('s000000009', 'sesh000218'),
	('s000000008', 'sesh000219'),
	('s000000009', 'sesh000219'),
	('s000000008', 'sesh000220'),
	('s000000009', 'sesh000220'),
	('s000000008', 'sesh000221'),
	('s000000009', 'sesh000221'),
	('s000000008', 'sesh000222'),
	('s000000009', 'sesh000222'),
	('s000000008', 'sesh000223'),
	('s000000009', 'sesh000223'),
	('s000000008', 'sesh000224'),
	('s000000009', 'sesh000224'),
	('s000000008', 'sesh000225'),
	('s000000009', 'sesh000225'),
	('s000000008', 'sesh000226'),
	('s000000009', 'sesh000226'),
	('s000000008', 'sesh000227'),
	('s000000009', 'sesh000227'),
	('s000000008', 'sesh000228'),
	('s000000009', 'sesh000228'),
	('s000000008', 'sesh000229'),
	('s000000009', 'sesh000229'),
	('s000000008', 'sesh000230'),
	('s000000009', 'sesh000230'),
	('s000000008', 'sesh000231'),
	('s000000009', 'sesh000231'),
	('s000000008', 'sesh000232'),
	('s000000009', 'sesh000232'),
	('s000000008', 'sesh000233'),
	('s000000009', 'sesh000233'),
	('s000000008', 'sesh000234'),
	('s000000009', 'sesh000234'),
	('s000000008', 'sesh000235'),
	('s000000009', 'sesh000235'),
	('s000000008', 'sesh000236'),
	('s000000009', 'sesh000236'),
	('s000000008', 'sesh000237'),
	('s000000009', 'sesh000237'),
	('s000000008', 'sesh000238'),
	('s000000009', 'sesh000238'),
	('s000000008', 'sesh000239'),
	('s000000009', 'sesh000239'),
	('s000000008', 'sesh000240'),
	('s000000009', 'sesh000240'),
	('s000000008', 'sesh000241'),
	('s000000009', 'sesh000241'),
	('s000000008', 'sesh000242'),
	('s000000009', 'sesh000242'),
	('s000000008', 'sesh000243'),
	('s000000009', 'sesh000243'),
	('s000000008', 'sesh000244'),
	('s000000009', 'sesh000244'),
	('s000000008', 'sesh000245'),
	('s000000009', 'sesh000245'),
	('s000000008', 'sesh000246'),
	('s000000009', 'sesh000246'),
	('s000000008', 'sesh000247'),
	('s000000009', 'sesh000247'),
	('s000000008', 'sesh000248'),
	('s000000009', 'sesh000248'),
	('s000000008', 'sesh000249'),
	('s000000009', 'sesh000249'),
	('s000000008', 'sesh000250'),
	('s000000009', 'sesh000250');

INSERT INTO branch_b02.staff_session (staff_id, session_id)
VALUES
	('s000000008', 'sesh000251'),
	('s000000009', 'sesh000251'),
	('s000000008', 'sesh000252'),
	('s000000009', 'sesh000252'),
	('s000000008', 'sesh000253'),
	('s000000009', 'sesh000253'),
	('s000000008', 'sesh000254'),
	('s000000009', 'sesh000254'),
	('s000000008', 'sesh000255'),
	('s000000009', 'sesh000255'),
	('s000000008', 'sesh000256'),
	('s000000009', 'sesh000256'),
	('s000000008', 'sesh000257'),
	('s000000009', 'sesh000257'),
	('s000000008', 'sesh000258'),
	('s000000009', 'sesh000258'),
	('s000000008', 'sesh000259'),
	('s000000009', 'sesh000259'),
	('s000000008', 'sesh000260'),
	('s000000009', 'sesh000260'),
	('s000000008', 'sesh000261'),
	('s000000009', 'sesh000261'),
	('s000000008', 'sesh000262'),
	('s000000009', 'sesh000262'),
	('s000000008', 'sesh000263'),
	('s000000009', 'sesh000263'),
	('s000000008', 'sesh000264'),
	('s000000009', 'sesh000264'),
	('s000000008', 'sesh000265'),
	('s000000009', 'sesh000265'),
	('s000000008', 'sesh000266'),
	('s000000009', 'sesh000266'),
	('s000000008', 'sesh000267'),
	('s000000009', 'sesh000267'),
	('s000000008', 'sesh000268'),
	('s000000009', 'sesh000268'),
	('s000000008', 'sesh000269'),
	('s000000009', 'sesh000269'),
	('s000000008', 'sesh000270'),
	('s000000009', 'sesh000270'),
	('s000000008', 'sesh000271'),
	('s000000009', 'sesh000271'),
	('s000000008', 'sesh000272'),
	('s000000009', 'sesh000272'),
	('s000000008', 'sesh000273'),
	('s000000009', 'sesh000273'),
	('s000000008', 'sesh000274'),
	('s000000009', 'sesh000274'),
	('s000000008', 'sesh000275'),
	('s000000009', 'sesh000275'),
	('s000000008', 'sesh000276'),
	('s000000009', 'sesh000276'),
	('s000000008', 'sesh000277'),
	('s000000009', 'sesh000277'),
	('s000000008', 'sesh000278'),
	('s000000009', 'sesh000278'),
	('s000000008', 'sesh000279'),
	('s000000009', 'sesh000279'),
	('s000000008', 'sesh000280'),
	('s000000009', 'sesh000280'),
	('s000000008', 'sesh000281'),
	('s000000009', 'sesh000281'),
	('s000000008', 'sesh000282'),
	('s000000009', 'sesh000282'),
	('s000000008', 'sesh000283'),
	('s000000009', 'sesh000283'),
	('s000000008', 'sesh000284'),
	('s000000009', 'sesh000284'),
	('s000000008', 'sesh000285'),
	('s000000009', 'sesh000285'),
	('s000000008', 'sesh000286'),
	('s000000009', 'sesh000286'),
	('s000000008', 'sesh000287'),
	('s000000009', 'sesh000287'),
	('s000000008', 'sesh000288'),
	('s000000009', 'sesh000288'),
	('s000000008', 'sesh000289'),
	('s000000009', 'sesh000289'),
	('s000000009', 'sesh000290'),
	('s000000010', 'sesh000290'),
	('s000000009', 'sesh000291'),
	('s000000010', 'sesh000291'),
	('s000000009', 'sesh000292'),
	('s000000010', 'sesh000292'),
	('s000000009', 'sesh000293'),
	('s000000010', 'sesh000293'),
	('s000000009', 'sesh000294'),
	('s000000010', 'sesh000294'),
	('s000000009', 'sesh000295'),
	('s000000010', 'sesh000295'),
	('s000000009', 'sesh000296'),
	('s000000010', 'sesh000296'),
	('s000000009', 'sesh000297'),
	('s000000010', 'sesh000297'),
	('s000000009', 'sesh000298'),
	('s000000010', 'sesh000298'),
	('s000000009', 'sesh000299'),
	('s000000010', 'sesh000299'),
	('s000000009', 'sesh000300');

INSERT INTO branch_b02.staff_session (staff_id, session_id)
VALUES
	('s000000010', 'sesh000300'),
	('s000000009', 'sesh000301'),
	('s000000010', 'sesh000301'),
	('s000000009', 'sesh000302'),
	('s000000010', 'sesh000302'),
	('s000000009', 'sesh000303'),
	('s000000010', 'sesh000303'),
	('s000000009', 'sesh000304'),
	('s000000010', 'sesh000304'),
	('s000000009', 'sesh000305'),
	('s000000010', 'sesh000305'),
	('s000000009', 'sesh000306'),
	('s000000010', 'sesh000306'),
	('s000000009', 'sesh000307'),
	('s000000010', 'sesh000307'),
	('s000000009', 'sesh000308'),
	('s000000010', 'sesh000308'),
	('s000000009', 'sesh000309'),
	('s000000010', 'sesh000309'),
	('s000000009', 'sesh000310'),
	('s000000010', 'sesh000310'),
	('s000000009', 'sesh000311'),
	('s000000010', 'sesh000311'),
	('s000000009', 'sesh000312'),
	('s000000010', 'sesh000312'),
	('s000000009', 'sesh000313'),
	('s000000010', 'sesh000313'),
	('s000000009', 'sesh000314'),
	('s000000010', 'sesh000314'),
	('s000000009', 'sesh000315'),
	('s000000010', 'sesh000315'),
	('s000000009', 'sesh000316'),
	('s000000010', 'sesh000316'),
	('s000000009', 'sesh000317'),
	('s000000010', 'sesh000317'),
	('s000000009', 'sesh000318'),
	('s000000010', 'sesh000318'),
	('s000000009', 'sesh000319'),
	('s000000010', 'sesh000319'),
	('s000000009', 'sesh000320'),
	('s000000010', 'sesh000320'),
	('s000000009', 'sesh000321'),
	('s000000010', 'sesh000321'),
	('s000000009', 'sesh000322'),
	('s000000010', 'sesh000322'),
	('s000000009', 'sesh000323'),
	('s000000010', 'sesh000323'),
	('s000000009', 'sesh000324'),
	('s000000010', 'sesh000324'),
	('s000000009', 'sesh000325'),
	('s000000010', 'sesh000325'),
	('s000000009', 'sesh000326'),
	('s000000010', 'sesh000326'),
	('s000000009', 'sesh000327'),
	('s000000010', 'sesh000327'),
	('s000000009', 'sesh000328'),
	('s000000010', 'sesh000328'),
	('s000000009', 'sesh000329'),
	('s000000010', 'sesh000329'),
	('s000000009', 'sesh000330'),
	('s000000010', 'sesh000330'),
	('s000000009', 'sesh000331'),
	('s000000010', 'sesh000331'),
	('s000000009', 'sesh000332'),
	('s000000010', 'sesh000332'),
	('s000000009', 'sesh000333'),
	('s000000010', 'sesh000333'),
	('s000000009', 'sesh000334'),
	('s000000010', 'sesh000334'),
	('s000000009', 'sesh000335'),
	('s000000010', 'sesh000335'),
	('s000000009', 'sesh000336'),
	('s000000010', 'sesh000336'),
	('s000000009', 'sesh000337'),
	('s000000010', 'sesh000337'),
	('s000000009', 'sesh000338'),
	('s000000010', 'sesh000338'),
	('s000000009', 'sesh000339'),
	('s000000010', 'sesh000339'),
	('s000000009', 'sesh000340'),
	('s000000010', 'sesh000340'),
	('s000000009', 'sesh000341'),
	('s000000010', 'sesh000341'),
	('s000000009', 'sesh000342'),
	('s000000010', 'sesh000342'),
	('s000000009', 'sesh000343'),
	('s000000010', 'sesh000343'),
	('s000000009', 'sesh000344'),
	('s000000010', 'sesh000344'),
	('s000000009', 'sesh000345'),
	('s000000010', 'sesh000345'),
	('s000000009', 'sesh000346'),
	('s000000010', 'sesh000346'),
	('s000000009', 'sesh000347'),
	('s000000010', 'sesh000347'),
	('s000000009', 'sesh000348'),
	('s000000010', 'sesh000348'),
	('s000000009', 'sesh000349'),
	('s000000010', 'sesh000349'),
	('s000000009', 'sesh000350'),
	('s000000010', 'sesh000350');

INSERT INTO branch_b02.staff_session (staff_id, session_id)
VALUES
	('s000000009', 'sesh000351'),
	('s000000010', 'sesh000351'),
	('s000000009', 'sesh000352'),
	('s000000010', 'sesh000352'),
	('s000000009', 'sesh000353'),
	('s000000010', 'sesh000353'),
	('s000000009', 'sesh000354'),
	('s000000010', 'sesh000354'),
	('s000000009', 'sesh000355'),
	('s000000010', 'sesh000355'),
	('s000000009', 'sesh000356'),
	('s000000010', 'sesh000356'),
	('s000000009', 'sesh000357'),
	('s000000010', 'sesh000357'),
	('s000000009', 'sesh000358'),
	('s000000010', 'sesh000358'),
	('s000000009', 'sesh000359'),
	('s000000010', 'sesh000359'),
	('s000000009', 'sesh000360'),
	('s000000010', 'sesh000360'),
	('s000000009', 'sesh000361'),
	('s000000010', 'sesh000361'),
	('s000000009', 'sesh000362'),
	('s000000010', 'sesh000362'),
	('s000000009', 'sesh000363'),
	('s000000010', 'sesh000363'),
	('s000000009', 'sesh000364'),
	('s000000010', 'sesh000364'),
	('s000000009', 'sesh000365'),
	('s000000010', 'sesh000365'),
	('s000000009', 'sesh000366'),
	('s000000010', 'sesh000366'),
	('s000000009', 'sesh000367'),
	('s000000010', 'sesh000367'),
	('s000000009', 'sesh000368'),
	('s000000010', 'sesh000368'),
	('s000000009', 'sesh000369'),
	('s000000010', 'sesh000369'),
	('s000000009', 'sesh000370'),
	('s000000010', 'sesh000370'),
	('s000000009', 'sesh000371'),
	('s000000010', 'sesh000371'),
	('s000000009', 'sesh000372'),
	('s000000010', 'sesh000372'),
	('s000000009', 'sesh000373'),
	('s000000010', 'sesh000373'),
	('s000000009', 'sesh000374'),
	('s000000010', 'sesh000374'),
	('s000000009', 'sesh000375'),
	('s000000010', 'sesh000375'),
	('s000000009', 'sesh000376'),
	('s000000010', 'sesh000376'),
	('s000000009', 'sesh000377'),
	('s000000010', 'sesh000377'),
	('s000000009', 'sesh000378'),
	('s000000010', 'sesh000378'),
	('s000000009', 'sesh000379'),
	('s000000010', 'sesh000379'),
	('s000000009', 'sesh000380'),
	('s000000010', 'sesh000380'),
	('s000000009', 'sesh000381'),
	('s000000010', 'sesh000381'),
	('s000000009', 'sesh000382'),
	('s000000010', 'sesh000382'),
	('s000000009', 'sesh000383'),
	('s000000010', 'sesh000383'),
	('s000000009', 'sesh000384'),
	('s000000010', 'sesh000384'),
	('s000000009', 'sesh000385'),
	('s000000010', 'sesh000385');

-- Records of STAFF_CONTACT
INSERT INTO branch_b02.staff_contact (contact_id, staff_id)
VALUES
  (1, 's000000008'),
  (2, 's000000009'),
  (3, 's000000010'),
  (4, 's000000011'),
  (5, 's000000012'),
  (6, 's000000013'),
  (7, 's000000014');

-- Records of STUDENT_CONTACT
INSERT INTO branch_b02.student_contact (contact_id, student_id)
VALUES
  (10, 'sn00000007'),
  (1, 'sn00000008'),
  (12, 'sn00000009'),
  (8, 'sn00000010'),
  (3, 'sn00000011'),
  (11, 'sn00000012');

-- Records of STAFF_OFFICE
INSERT INTO branch_b02.staff_office (room_id, staff_id)
VALUES
  (4,'s000000008'),
  (5,'s000000009'),
  (6,'s000000010'),
  (7,'s000000011'),
  (8,'s000000012'),
  (9,'s000000013'),
  (10,'s000000014');

-- Records of ASSIGNMENT

-- Records of STAFF_ASSIGNMENT

/* UPDATE SEED DATA */
-- Assign random grades to all student assessments
UPDATE branch_b02.student_assessment
SET grade = ROUND(CAST((random() * 70) AS numeric), 2);

-- Update attendance records (randomly) for all sessions that have passed
UPDATE branch_b02.student_session AS ss
SET attendance_record = (
  CASE 
    WHEN RANDOM() > 0.75 THEN TRUE
    ELSE FALSE
  END
)
WHERE EXISTS (
  SELECT 1
  FROM branch_b02.session AS s
  WHERE s.session_id = ss.session_id
    AND s.session_date < CURRENT_DATE
);