INSERT INTO shared.branch (branch_name, branch_status, branch_addr1, branch_addr2, branch_postcode, branch_contact_number, branch_email)
VALUES
  ('Main Branch', 'Open', '123 Main St', 'Suite 101', 'AB1 2CD', '0123456789', 'main.branch@ses.edu.org');

-- ------------------
-- Records of STUDENT
-- ------------------
INSERT INTO student (student_personal_email, student_fname, student_mname, student_lname, student_pronouns, student_addr1, student_addr2, student_city, student_postcode, student_landline, student_mobile, student_dob, student_attendance)
VALUES
  ('alex.braun@gmail.com', 'Alex', NULL, 'Braun', 'He/Him', '123 Main Street', 'Mayfair', 'London', 'SW1A 1AA', '0201234570', '07891234572', '1995-05-15', 0.00),
  ('jane.smith@outlook.com', 'Jane', NULL, 'Smith', 'She/Her', '456 Park Avenue', NULL, 'Manchester', 'M1 1AA', '0161234569', '07987654323', '1994-10-20', 0.00),
  ('JOHN.doe@yahoo.com', 'John', 'James', 'Doe', 'He/Him', '123 Main Street', 'Kensington', 'London', 'SW1A 1AA', '0201234571', '07891234573', '1995-05-15', 0.00),
  ('emily.johnson@mail.co.uk', 'Emily', NULL, 'Johnson', 'She/Her', '789 Oak Lane', NULL, 'Birmingham', 'B1 1AA', '0123456789', '07712345678', '1997-08-18', 0.00),
  ('michael.brown@gmail.com', 'Michael', 'Luke', 'Brown', 'He/Him', '1010 Maple Street', NULL, 'Edinburgh', 'EH1 1AA', '0131234567', '07723456789', '1996-12-03', 0.00),
  ('emma.williams@gmail.com', 'Emma', NULL, 'Williams', 'She/Her', '789 Cedar Street', NULL, 'London', 'SW1A 2AB', '0203456789', '07892345678', '1999-04-15', 0.00),
  ('alexander.brown@gmail.com', 'Alexander', 'James', 'Brown', 'He/Him', '456 Birch Avenue', NULL, 'Manchester', 'M1 2AB', '0163456789', '07998765432', '1998-08-20', 0.00),
  ('olivia.taylor@gmail.com', 'Olivia', NULL, 'Taylor', 'She/Her', '101 Elm Street', NULL, 'Glasgow', 'G2 1AB', '0142345671', '07871234571', '2000-02-25', 0.00),
  ('will.thomas@gmail.com', 'William', 'John', 'Thomas', 'He/Him', '789 Oak Lane', NULL, 'Bristol', 'BS2 1AB', '0113456781', '07912335681', '1997-06-30', 0.00),
  ('will.james@gmail.com', 'Will', NULL, 'James', 'He/Him', '125 Cedar Lane', NULL, 'London', 'SW1A 4AB', '0113456780', '07912345581', '1995-05-20', 0.00),
  ('amanda.thomas@gmail.com', 'Amanda', NULL, 'Thomas', 'She/Her', '789 Oak Lane', NULL, 'Bristol', 'BS2 1AB', '0113456781', '07912345681', '1997-06-30', 0.00);

-- ------------------
-- Records of TUITION
-- ------------------
INSERT INTO tuition (tuition_amount, tuition_paid, tuition_remaining, tuition_remaining_perc, tuition_deadline)
VALUES
  (2800.00, 0, 2800.00, 0, '2025-07-01'),
  (2900.00, 0, 2900.00, 0, '2025-08-05'),
  (3000.00, 0, 3000.00, 0, '2025-07-10'),
  (3100.00, 0, 3100.00, 0, '2025-08-15'),
  (3200.00, 0, 3200.00, 0, '2025-07-20'),
  (3300.00, 0, 3300.00, 0, '2025-08-25'),
  (3400.00, 0, 3400.00, 0, '2025-07-30'),
  (3500.00, 0, 3500.00, 0, '2025-08-05'),
  (3600.00, 0, 3600.00, 0, '2025-07-10'),
  (1500.00, 0, 1500.00, 0, '2025-07-31'),
  (1500.00, 0, 1500.00, 0, '2025-07-31');

-- --------------------------
-- Records of STUDENT_TUITION
-- --------------------------
INSERT INTO student_tuition (student_id, tuition_id)
VALUES
  (1, 1),
  (2, 2),
  (3, 3),
  (4, 4),
  (5, 5),
  (6, 6),
  (7, 7),
  (8, 8),
  (9, 9),
  (10, 10),
  (11, 11);

-- --------------------------
-- Records of TUITION_PAYMENT
-- --------------------------
INSERT INTO tuition_payment (tuition_id, tuition_payment_amount, tuition_payment_date, tuition_payment_method)
VALUES
  (1, 300.00, '2025-03-15', 'Bank Transfer'),
  (2, 200.00, '2025-03-20', 'Bank Transfer'),
  (3, 400.00, '2025-04-10', 'Direct Debit'),
  (4, 600.00, '2025-04-20', 'Direct Debit'),
  (5, 500.00, '2025-05-10', 'Direct Debit'),
  (6, 200.00, '2025-05-20', 'Direct Debit'),
  (7, 700.00, '2025-05-10', 'Direct Debit'),
  (8, 300.00, '2025-05-20', 'Direct Debit'),
  (9, 400.00, '2025-05-10', 'Bank Transfer'),
  (10, 600.00, '2025-05-20', 'Bank Transfer'),
  (1, 800.00, '2025-05-10', 'Debit Card'),
  (2, 300.00, '2025-05-20', 'Debit Card'),
  (3, 500.00, '2025-05-10', 'Debit Card'),
  (4, 400.00, '2025-05-20', 'Credit Card'),
  (5, 200.00, '2025-05-10', 'Bank Transfer');
  
-- -----------------
-- Records of BRANCH
-- -----------------
INSERT INTO branch (branch_name, branch_status, branch_addr1, branch_addr2, branch_postcode, branch_contact_number, branch_email)
VALUES
  ('SES London (HQ)', 'Open', '123 High Street', 'Westminster', 'SW1A 1AA', '020 7946 0958', 'london@ses.edu.org'),
  ('SES Manchester', 'Open', '45 Oxford Road', 'Manchester City Centre', 'M1 5QA', '0161 306 6000', 'manchester@ses.edu.org'),
  ('SES Birmingham', 'Open', '200 Broad Street', 'Birmingham', 'B1 2HQ', '0121 643 2233', 'birmingham@ses.edu.org'),
  ('SES Edinburgh', 'Open', '7 George Street', 'Edinburgh', 'EH2 2QL', '0131 622 8000', 'edinburgh@ses.edu.org'),
  ('SES Bristol', 'Open', '25 Park Street', 'Bristol', 'BS1 5NH', '0117 928 9000', 'bristol@ses.edu.org');

-- ---------------------
-- Records of DEPARTMENT
-- ---------------------
INSERT INTO department (dep_name, dep_type, dep_description) 
VALUES
  ('Arts', 'Educational', 'Department of Arts'),
  ('Computing', 'Educational', 'Department of Computing'),
  ('Humanities', 'Educational', 'Department of Humanities'),
  ('Science', 'Educational', 'Department of Science'),
  ('Finance', 'Administrative', NULL),
  ('Facilities and Maintenance', 'Maintenance', NULL),
  ('SES Operations', 'Operational', 'Manages the SES operations and infrastructure'),
  ('Human Resources', 'Administrative', NULL),
  ('Mathematics', 'Educational', 'Department of Mathematics'),
  ('Science', 'Educational', 'Department of Science'),
  ('Engineering', 'Educational', 'Department of Engineering'),
  ('Facilities and Maintenance', 'Maintenance', NULL),
  ('Vocational Training', 'Educational', 'Department of Vocational Training'),
  ('Facilities and Maintenance', 'Maintenance', NULL),
  ('Arts', 'Educational', 'Department of Arts'),
  ('Humanities', 'Educational', 'Department of Humanities'),
  ('Science', 'Educational', 'Department of Science'),
  ('Facilities and Maintenance', 'Maintenance', NULL),
  ('Humanities', 'Educational', 'Department of Humanities'),
  ('Computing', 'Educational', 'Department of Computing'),
  ('Mathematics', 'Educational', 'Department of Mathematics'),
  ('Science', 'Educational', 'Department of Science'),
  ('Facilities and Maintenance', 'Maintenance', NULL);

-- ---------------
-- Records of ROLE
-- ---------------
INSERT INTO role (role_name) VALUES 
  ('Lecturer'),
  ('Senior Lecturer'),
  ('Course Leader'),
  ('Head of Department'),
  ('Teaching Assistant'),
  ('Admissions Officer'),
  ('Academic Registrar'),
  ('Student Affairs Coordinator'),
  ('Financial Aid Advisor'),
  ('Human Resources Manager'),
  ('IT Support Specialist'),
  ('Facilities Manager'),
  ('Security Officer'),
  ('Library Assistant'),
  ('Receptionist'),
  ('Maintenance Technician'),
  ('Custodian'),
  ('Groundskeeper');   

-- -------------------
-- Records of BUILDING
-- -------------------
INSERT INTO building (branch_id, building_name, building_alt_name, building_type, building_addr1, building_addr2, building_city, building_postcode, building_country)
VALUES
  (1, 'Turing Hall', 'STEM Innovation Centre', 'Educational', '12 Science Way', 'South Bank', 'London', 'SW1A 1AA', 'United Kingdom'),
  (1, 'Ada Lovelace Building', 'Administrative Office', 'Administrative', '98 King Street', 'Mayfair', 'London', 'SW1A 1AB', 'United Kingdom'),
  (2, 'Anthony Burgess Hall', 'Humanities and Arts Centre', 'Educational', '21 University Street', NULL, 'Manchester', 'M1 1AA', 'United Kingdom'),
  (2, 'Pankhurst Building', 'Finance and HR Office', 'Administrative', '15 Queens Avenue', NULL, 'Manchester', 'M1 2AB', 'United Kingdom'),
  (3, 'James Watt Building', 'Technology and Science Wing', 'Educational', '10 Research Road', NULL, 'Birmingham', 'B1 1AA', 'United Kingdom'),
  (3, 'Priestley House', 'Administrative Block', 'Administrative', '22 Green Park', NULL, 'Birmingham', 'B1 1BB', 'United Kingdom'),
  (4, 'Adam Smith Centre', 'Vocational Skills Hub', 'Educational', '5 Industry Lane', NULL, 'Edinburgh', 'EH1 1AA', 'United Kingdom'),
  (5, 'Kelvin Science Building', 'STEM Centre', 'Educational', '3 Knowledge Crescent', NULL, 'Glasgow', 'G2 1AB', 'United Kingdom'),
  (5, 'Mackintosh Arts Building', 'Humanities and Arts Wing', 'Educational', '5 University Avenue', NULL, 'Glasgow', 'G2 1AD', 'United Kingdom'),
  (5, 'Adam Smith Administration Block', NULL, 'Administrative', '8 College Gardens', NULL, 'Glasgow', 'G2 2AB', 'United Kingdom');

-- ---------------
-- Records of ROOM
-- ---------------
INSERT INTO room (building_id, room_name, room_alt_name, room_type, room_capacity, room_floor)
VALUES
  (1, 'Arts Building 1.01', 'AB 1.01', 'Lecture Theatre', 100, 1),
  (1, 'Arts Building 1.02', 'AB 1.02', 'Computer Lab', 40, 1),
  (1, 'Arts Building 1.03', 'AB 1.03', 'Studio', 30, 1),
  (1, 'Arts Building 1.04', 'AB 1.04', 'Practical Room', 25, 1),
  (1, 'Arts Building 1.05', 'AB 1.05', 'Office', 1, 1),
  (1, 'Arts Building 1.06', 'AB 1.06', 'Office', 1, 1),
  (1, 'Arts Building 1.07', 'AB 1.07', 'Office', 1, 1),
  (1, 'Arts Building 1.08', 'AB 1.08', 'Office', 1, 1),
  (1, 'Arts Building 1.09', 'AB 1.09', 'Office', 1, 1),
  (1, 'Arts Building 2.01', 'AB 2.01', 'Office', 1, 2),
  (1, 'Arts Building 2.02', 'AB 2.02', 'Office', 1, 2),
  (1, 'Arts Building 2.03', 'AB 2.03', 'Office', 1, 2),
  (1, 'Arts Building 2.04', 'AB 2.04', 'Office', 1, 2),
  (1, 'Arts Building 2.05', 'AB 2.05', 'Studio', 20, 2),
  (1, 'Arts Building 2.06', 'AB 2.06', 'Practical Room', 35, 2),
  (1, 'Arts Building 2.07', 'AB 2.07', 'Studio', 25, 2),
  (2, 'Turing Hall 1.01', 'TH 1.01', 'Computer Lab', 40, 1),
  (2, 'Turing Hall 1.02', 'TH 1.02', 'Office', 1, 1),
  (2, 'Turing Hall 1.03', 'TH 1.03', 'Office', 1, 1),
  (2, 'Turing Hall 1.04', 'TH 1.04', 'Office', 1, 1),
  (2, 'Turing Hall 1.05', 'TH 1.05', 'Office', 1, 1),
  (2, 'Turing Hall 2.01', 'TH 2.01', 'Office', 1, 2),
  (2, 'Turing Hall 2.02', 'TH 2.02', 'Computer Lab', 40, 2),
  (2, 'Turing Hall 2.03', 'TH 2.03', 'Office', 1, 2),
  (2, 'Turing Hall 2.04', 'TH 2.04', 'Computer Lab', 40, 2),
  (3, 'Newton Science Lab 1.01', 'NSL 1.01', 'Practical Room', 35, 1),
  (3, 'Newton Science Lab 1.02', 'NSL 1.02', 'Lab', 30, 1),
  (3, 'Newton Science Lab 1.03', 'NSL 1.03', 'Lab', 30, 1),
  (3, 'Newton Science Lab 2.01', 'NSL 2.01', 'Lab', 30, 2),
  (3, 'Newton Science Lab 2.02', 'NSL 2.02', 'Office', 1, 2),
  (3, 'Newton Science Lab 2.03', 'NSL 2.03', 'Office', 1, 2),
  (3, 'Newton Science Lab 2.04', 'NSL 2.04', 'Office', 1, 2),
  (4, 'Humanities Building 1.01', 'HB 1.01', 'Lecture Theatre', 100, 1),
  (4, 'Humanities Building 1.02', 'HB 1.02', 'Seminar Room', 20, 1),
  (4, 'Humanities Building 1.03', 'HB 1.03', 'Office', 1, 1),
  (4, 'Humanities Building 2.01', 'HB 2.01', 'Office', 1, 2),
  (4, 'Humanities Building 2.02', 'HB 2.02', 'Office', 1, 2),
  (4, 'Humanities Building 2.03', 'HB 2.03', 'Practical Room', 25, 2),
  (5, 'Maths Building 1.01', 'MB 1.01', 'Lecture Theatre', 100, 1),
  (5, 'Maths Building 1.02', 'MB 1.02', 'Lab', 30, 1),
  (5, 'Maths Building 1.03', 'MB 1.03', 'Office', 1, 1),
  (5, 'Maths Building 2.01', 'MB 2.01', 'Office', 1, 2),
  (5, 'Maths Building 2.02', 'MB 2.02', 'Office', 1, 2),
  (6, 'Engineering Building 1.01', 'EB 1.01', 'Practical Room', 40, 1),
  (6, 'Engineering Building 1.02', 'EB 1.02', 'Workshop', 50, 1),
  (6, 'Engineering Building 1.03', 'EB 1.03', 'Office', 1, 1),
  (6, 'Engineering Building 2.01', 'EB 2.01', 'Office', 1, 2),
  (6, 'Engineering Building 2.02', 'EB 2.02', 'Workshop', 50, 2),
  (7, 'Vocational Training Building 1.01', 'VTB 1.01', 'Office', 1, 1),
  (7, 'Vocational Training Building 1.02', 'VTB 1.02', 'Practical Room', 35, 1),
  (7, 'Vocational Training Building 1.03', 'VTB 1.03', 'Office', 1, 1),
  (7, 'Vocational Training Building 2.01', 'VTB 2.01', 'Workshop', 30, 2); 
  
-- ----------------
-- Records of STAFF
-- ----------------
INSERT INTO staff (staff_fname, staff_mname, staff_lname, staff_title, staff_addr1, staff_addr2, staff_city, staff_postcode, staff_personal_email, staff_landline, staff_mobile, staff_dob)
VALUES
  ('Sophie', NULL, 'Roberts', 'Dr', '123 Maple Street', NULL, 'London', 'SW1A 2AA', 'sophie.roberts@gmail.com', '0113256780', '07912345679', '1988-09-15'),
  ('John', NULL, 'Smith', 'Dr', '789 Elm Street', NULL, 'London', 'SW1A 2AA', 'john.smith@gmail.com', '0201234567', '07891234567', '1980-03-25'),
  ('David', NULL, 'Clark', 'Dr', '789 Pine Avenue', NULL, 'Bristol', 'BS1 1AA', 'david.clark@gmail.com', '0123456789', '07712345678', '1978-09-12'),
  ('Michael', NULL, 'Johnson', 'Dr', '123 Cedar Street', NULL, 'London', 'SW1A 2AA', 'michael.johnson@gmail.com', '0131234567', '07723456789', '1983-02-15'),
  ('Emily', 'Grace', 'Wilson', 'Dr', '789 Oak Lane', NULL, 'Glasgow', 'G2 1AB', 'emily.wilson@gmail.com', '0113256781', '07912345680', '1982-06-25'),
  ('Noah', 'Edward', 'Wilson', 'Dr', '123 Birch Avenue', NULL, 'London', 'SW1A 2AB', 'noah.wilson@gmail.com', '0203456790', '07892345679', '1976-06-30'),
  ('Amelia', NULL, 'Thompson', 'Dr', '456 Oak Avenue', NULL, 'Manchester', 'M1 1AA', 'amelia.thompson@gmail.com', '0202345678', '07891234568', '1978-08-05'),
  ('Ethan', 'William', 'White', 'Dr', '789 Pine Avenue', NULL, 'Glasgow', 'G1 1AA', 'ethan.white@gmail.com', '0162345679', '07987654322', '1983-11-20'),
  ('William', 'Daniel', 'Thomas', 'Dr', '789 Elm Street', NULL, 'Glasgow', 'G1 1AA', 'william.thomas@gmail.com', '0161234568', '07987554322', '1980-10-30'),
  ('Isabella', NULL, 'Harris', 'Dr', '456 Maple Street', NULL, 'Manchester', 'M1 2AB', 'isabella.harris@gmail.com', '0163456791', '07998765433', '1979-09-25'),
  ('James', 'Alexander', 'Brown', 'Dr', '789 Oak Lane', NULL, 'Glasgow', 'G2 1AB', 'james.brown@gmail.com', '0112345670', '07871234568', '1984-12-10'),
  ('Charlotte', NULL, 'Wilson', 'Dr', '101 Elm Street', NULL, 'Bristol', 'BS2 1AB', 'charlotte.wilson@gmail.com', '0142345679', '07876543211', '1977-02-05'),
  ('Laura', 'James', 'Taylor', 'Ms', '456 Elm Street', NULL, 'Glasgow', 'G1 1AA', 'laura.taylor@gmail.com', '0201234512', '07891232567', '1985-05-20'),
  ('Jane', NULL, 'Doe', 'Mrs', '987 Oak Avenue', NULL, 'Manchester', 'M1 2AA', 'jAne.doe@gmail.com', '0161234567', '07987654321', '1975-07-10'),
  ('Emily', 'Anne', 'Harris', 'Mrs', '456 Birch Avenue', NULL, 'Manchester', 'M1 2AB', 'emily.harris@gmail.com', '0203456789', '07892345678', '1977-11-30'),
  ('Daniel', 'James', 'Anderson', 'Mr', '789 Oak Lane', NULL, 'Glasgow', 'G2 1AB', 'dan.anderson@gmail.com', '0163456789', '07998765432', '1982-06-25'),
  ('Sophia', NULL, 'Wilson', 'Ms', '101 Maple Street', NULL, 'Bristol', 'BS2 1AB', 'sophia.wilson@gmail.com', '0142345678', '07871234567', '1980-09-18'),
  ('Oliver', 'Robert', 'Martin', 'Mr', '789 Elm Street', NULL, 'London', 'SW1A 1AA', 'oliver.martin@gmail.com', '0113456789', '07912345678', '1975-04-10'),
  ('Ava', NULL, 'Davis', 'Mrs', '101 Cedar Street', NULL, 'Bristol', 'BS1 1AA', 'ava.davis@gmail.com', '0141234578', '07876543210', '1981-03-15'),
  ('Benjamin', 'Michael', 'Lee', 'Mr', '789 Pine Avenue', NULL, 'London', 'SW1A 1AA', 'benjamin.lee@gmail.com', '0112345671', '07901234569', '1982-05-20'),
  ('Mia', NULL, 'Roberts', 'Dr', '456 Cedar Street', NULL, 'Manchester', 'M1 1AA', 'mia.roberts@gmail.com', '0201234568', '07891234569', '1975-08-15'),
  ('Evelyn', NULL, 'Evans', 'Mrs', '101 Oak Avenue', NULL, 'Bristol', 'BS1 1AA', 'evelyn.evans@gmail.com', '0142348579', '07872234568', '1973-11-25'),
  ('Jack', 'William', 'Harris', 'Mr', '456 Birch Avenue', NULL, 'Manchester', 'M1 2AB', 'jack.harris@gmail.com', '0142345670', '07871234570', '1977-12-20'),
  ('Daniel', 'Thomas', 'Anderson', 'Mr', '101 Cedar Street', NULL, 'Bristol', 'BS1 1AB', 'daniel.anderson@gmail.com', '0201234569', '07891234571', '1979-03-30');

-- ----------------------------
-- Records of EMERGENCY_CONTACT
-- ----------------------------
INSERT INTO emergency_contact (contact_email, contact_phone, contact_fname, contact_wname, contact_lname, contact_addr1, contact_addr2, contact_city, contact_postcode, contact_relationship)
VALUES
  ('emily.jones@gmail.com', '07400123456', 'Emily', NULL, 'Jones', '12 Apple Street', 'Flat 4', 'London', 'E1 7HP', 'Mother'),
  ('john.smith@yahoo.com', '07411123456', 'John', NULL, 'Smith', '23 Pear Lane', NULL, 'Manchester', 'M2 5NG', 'Father'),
  ('lisa.brown@hotmail.com', '07422123456', 'Lisa', 'Marie', 'Brown', '56 Orange Avenue', 'Apt B', 'Birmingham', 'B12 8PP', 'Sister'),
  ('michael.green@gmail.com', '07433123456', 'Michael', NULL, 'Green', '78 Plum Road', NULL, 'Leeds', 'LS1 4LT', 'Brother'),
  ('sarah.white@yahoo.com', '07444123456', 'Sarah', 'Anne', 'White', '34 Peach Street', NULL, 'Bristol', 'BS1 3AU', 'Aunt'),
  ('david.taylor@hotmail.com', '07455123456', 'David', NULL, 'Taylor', '90 Grape Lane', 'Unit 5', 'Liverpool', 'L1 8JH', 'Uncle'),
  ('jessica.evans@gmail.com', '07466123456', 'Jessica', 'May', 'Evans', '12 Lime Grove', NULL, 'Glasgow', 'G2 8AZ', 'Friend'),
  ('mark.johnson@yahoo.com', '07477123456', 'Mark', NULL, 'Johnson', '33 Berry Street', NULL, 'Edinburgh', 'EH1 2AD', 'Cousin'),
  ('laura.moore@hotmail.com', '07488123456', 'Laura', NULL, 'Moore', '45 Kiwi Road', NULL, 'Cardiff', 'CF10 1AN', 'Colleague'),
  ('steven.harris@gmail.com', '07499123456', 'Steven', 'John', 'Harris', '22 Cherry Lane', NULL, 'Newcastle', 'NE1 3AF', 'Friend'),
  ('anna.clark@yahoo.com', '07500123456', 'Anna', NULL, 'Clark', '11 Maple Drive', NULL, 'Sheffield', 'S1 4DN', 'Niece'),
  ('robert.lewis@hotmail.com', '07511123456', 'Robert', NULL, 'Lewis', '60 Oak Street', NULL, 'Glasgow', 'G3 7HZ', 'Nephew'),
  ('hannah.walker@gmail.com', '07522123456', 'Hannah', NULL, 'Walker', '14 Pine Road', NULL, 'Manchester', 'M14 6QT', 'Cousin'),
  ('thomas.wright@yahoo.com', '07533123456', 'Thomas', NULL, 'Wright', '99 Willow Way', NULL, 'Bristol', 'BS8 2HL', 'Brother'),
  ('megan.james@hotmail.com', '07544123456', 'Megan', NULL, 'James', '88 Cedar Drive', NULL, 'Liverpool', 'L3 5HA', 'Friend'),
  ('charlie.scott@gmail.com', '07555123456', 'Charlie', 'Anne', 'Scott', '77 Maple Lane', NULL, 'Cardiff', 'CF14 2AB', 'Sister'),
  ('isabelle.morris@yahoo.com', '07566123456', 'Isabelle', NULL, 'Morris', '66 Birch Street', NULL, 'Sheffield', 'S2 3FL', 'Aunt'),
  ('matthew.taylor@hotmail.com', '07577123456', 'Matthew', NULL, 'Taylor', '55 Elm Avenue', NULL, 'Newcastle', 'NE6 4BL', 'Uncle'),
  ('rachel.johnson@gmail.com', '07588123456', 'Rachel', NULL, 'Johnson', '44 Hazel Grove', NULL, 'Edinburgh', 'EH2 4DN', 'Friend'),
  ('oliver.hall@yahoo.com', '07599123456', 'Oliver', NULL, 'Hall', '33 Cherry Lane', NULL, 'Birmingham', 'B11 2AF', 'Colleague'),
  ('sophie.anderson@hotmail.com', '07600123456', 'Sophie', NULL, 'Anderson', '22 Peach Street', NULL, 'London', 'E5 9GF', 'Mother'),
  ('benjamin.kim@gmail.com', '07611123456', 'Benjamin', 'Lee', 'Kim', '11 Pine Road', NULL, 'Leeds', 'LS4 2EF', 'Father'),
  ('zoe.baker@yahoo.com', '07622123456', 'Zoe', NULL, 'Baker', '50 Palm Avenue', NULL, 'Bristol', 'BS3 5GH', 'Sister'),
  ('alexander.martinez@hotmail.com', '07633123456', 'Alexander', NULL, 'Martinez', '31 Orchid Lane', NULL, 'Glasgow', 'G41 2QH', 'Brother'),
  ('victoria.lee@gmail.com', '07644123456', 'Victoria', NULL, 'Lee', '29 Magnolia Street', NULL, 'Manchester', 'M16 4FE', 'Aunt'),
  ('luke.davis@yahoo.com', '07655123456', 'Luke', NULL, 'Davis', '89 Willow Way', NULL, 'Cardiff', 'CF15 5HP', 'Uncle'),
  ('natalie.carter@hotmail.com', '07666123456', 'Natalie', NULL, 'Carter', '15 Elm Road', NULL, 'Edinburgh', 'EH3 5JQ', 'Friend'),
  ('chloe.harris@gmail.com', '07677123456', 'Chloe', NULL, 'Harris', '60 Peach Lane', NULL, 'Liverpool', 'L5 1AD', 'Cousin'),
  ('daniel.thomas@yahoo.com', '07688123456', 'Daniel', NULL, 'Thomas', '8 Maple Grove', NULL, 'Birmingham', 'B19 2XT', 'Colleague'),
  ('madison.mitchell@hotmail.com', '07699123456', 'Madison', NULL, 'Mitchell', '7 Cherry Street', NULL, 'Newcastle', 'NE2 3QY', 'Sister'),
  ('nathan.miller@gmail.com', '07700123456', 'Nathan', NULL, 'Miller', '4 Birch Lane', NULL, 'Sheffield', 'S1 9PL', 'Brother');

-- ------------------------
-- Records of STAFF_CONTACT
-- ------------------------
INSERT INTO staff_contact (contact_id, staff_id)
VALUES
	(2, 2),
	(12, 3),
	(20, 4),
	(5, 8),
	(30, 9),
	(29, 10),
	(3, 11),
	(19, 13),
	(29, 15),
	(22, 16),
	(27, 19),
	(26, 20),
	(7, 22),
	(29, 23),
	(22, 24),
	(31, 1),
	(2, 5),
	(22, 6),
	(9, 7),
	(29, 12),
	(2, 14),
	(7, 17),
	(7, 18),
	(3, 21);

-- --------------------------
-- Records of STUDENT_CONTACT
-- --------------------------
INSERT INTO student_contact (contact_id, student_id)
VALUES
	(2, 2),
	(20, 4),
	(16, 7),
	(19, 8),
	(30, 9),
	(16, 10),
	(30, 11),
	(4, 1),
	(30, 3),
	(19, 5),
	(16, 6);

-- ---------------------
-- Records of STAFF_ROLE
-- ---------------------
INSERT INTO staff_role (staff_id, role_id) VALUES
	(1, 1),
	(1, 2),
	(2, 1),
	(2, 2),
	(3, 1),
	(3, 2),
	(3, 3),
	(4, 1),
	(5, 1),
	(5, 2),
	(6, 1),
	(6, 5),
	(6, 3),
	(7, 1),
	(7, 5),
	(8, 1),
	(9, 1),
	(9, 2),
	(10, 1),
	(11, 1),
	(12, 1),
	(12, 2),
	(13, 1),
	(14, 1),
	(15, 1),
	(15, 2),
	(16, 1),
	(17, 1),
	(18, 9),
	(19, 18),
	(20, 9),
	(21, 10),
	(22, 17),
	(23, 18),
	(24, 17);

-- ---------------------------
-- Records of STAFF_DEPARTMENT
-- ---------------------------
INSERT INTO staff_department (staff_id, dep_id, date_assinged)
VALUES
  (1, 1, '2024-01-13'),
  (2, 2, '2024-01-13'),
  (3, 3, '2024-01-13'),
  (4, 8, '2024-01-13'),
  (5, 9, '2024-01-13'),
  (6, 10, '2024-01-13'),
  (7, 11, '2024-01-13'),
  (8, 12, '2024-01-13'),
  (9, 14, '2024-01-13'),
  (10, 16, '2024-01-13'),
  (11, 17, '2024-01-13'),
  (12, 18, '2024-01-13'),
  (13, 19, '2024-01-13'),
  (14, 21, '2024-01-13'),
  (15, 22, '2024-01-13'),
  (16, 23, '2024-01-13'),
  (17, 24, '2024-01-13'),
  (18, 4, '2024-01-13'),
  (19, 5, '2024-01-13'),
  (20, 6, '2024-01-13'),
  (21, 7, '2024-01-13'),
  (22, 13, '2024-01-13'),
  (23, 15, '2024-01-13'),
  (24, 20, '2024-01-13');

-- ----------------------------
-- Table structure for FACILITY
-- ----------------------------
INSERT INTO facility (facility_total_quantity, facility_name, facility_description, facility_notes)
VALUES
  (30, 'Easel Sets', 'Sets of easels for painting and drawing.', 'Used in Creative Arts Studio 1.'),
  (40, 'Desktop Computers', 'High-performance desktop computers with programming software.', 'Available in Computer Lab 1.01 and Turing Hall Computer Lab.'),
  (40, 'Laptops', 'Laptops for student use in practical sessions.', 'Available in Computer Lab 2 and Statistics Lab.'),
  (10, 'Microscopes', 'Microscopes for biology labs.', 'Available in Biology Lab 1.'),
  (20, 'Physics Experiment Kits', 'Kits including materials for common physics experiments.', 'Available in Physics Lab 1.'),
  (30, 'Chemistry Glassware Sets', 'Sets of beakers, flasks, and other glassware for chemistry experiments.', 'Available in Chemistry Lab 1.'),
  (20, 'Statistical Analysis Software Licenses', 'Licenses for software such as SPSS or R for statistics.', 'Available in Statistics Lab 1.'),
  (25, '3D Printers', '3D printers for engineering and design projects.', 'Available in Engineering Workshop 1.'),
  (30, 'Hand Tools', 'General hand tools for engineering practicals including screwdrivers and wrenches.', 'Available in Engineering Workshop 1.'),
  (30, 'Vocational Training Equipment', 'Tools for carpentry, plumbing, and electrical work.', 'Available in Vocational Lab 1.'),
  (20, 'Projector Systems', 'Projectors for presentations in seminar rooms.', 'Available in Humanities Seminar Room.'),
  (40, 'Acoustic Instruments', 'Guitars, violins, and percussion instruments for music education.', 'Available in Studio 1.'),
  (30, 'Digital Cameras', 'Cameras for photography and media courses.', 'Available in Photography Studio 1.'),
  (20, 'Animation Software', 'Software for 2D and 3D animation for creative arts.', 'Available in Animation Lab.'),
  (15, 'Robotics Kits', 'Kits for building and programming robots.', 'Available in Robotics Lab.'),
  (40, 'Whiteboards', 'Large whiteboards for collaborative work.', 'Available in various classrooms including Engineering Workshop and Humanities Seminar Room.'),
  (10, 'Art Supplies', 'Paints, brushes, and canvases for student projects.', 'Available in Creative Arts Studio 1.'),
  (5, 'CNC Machines', 'Computer-controlled cutting machines for precise engineering work.', 'Available in Engineering Workshop 2.'),
  (20, 'Computer Aided Design (CAD) Software Licenses', 'Licenses for CAD software used in engineering and architecture.', 'Available in Engineering Lab.'),
  (50, 'Textbooks', 'Variety of textbooks for various subjects.', 'Available in Humanities Seminar Room and various labs.'),
  (10, 'Artistic Sculpting Tools', 'Tools for sculpting in various mediums.', 'Available in Creative Arts Studio 1.');

-- ---------------------------------
-- Table structure for ROOM_FACILITY
-- ---------------------------------
INSERT INTO room_facility (room_id, facility_id, quantity)
VALUES
  (1, 1, 30),
  (2, 2, 40),
  (3, 1, 25),
  (4, 1, 10),
  (5, 1, 1),
  (6, 1, 1),
  (7, 1, 1),
  (8, 1, 1),
  (9, 1, 1),
  (10, 1, 1),
  (11, 1, 1),
  (12, 1, 1),
  (13, 5, 20),
  (14, 1, 35),
  (15, 8, 10),
  (16, 3, 40),
  (17, 3, 40),
  (18, 2, 1),
  (19, 2, 1),
  (20, 2, 1),
  (21, 2, 1),
  (22, 6, 1),
  (23, 4, 30),
  (24, 5, 20),
  (25, 6, 30),
  (26, 8, 20),
  (27, 7, 100),
  (28, 8, 20),
  (29, 1, 25),
  (30, 2, 1),
  (31, 2, 1),
  (32, 2, 1),
  (33, 7, 100),
  (34, 8, 30),
  (35, 2, 1),
  (36, 2, 1),
  (37, 4, 40),
  (38, 5, 25),
  (39, 6, 30),
  (40, 7, 1),
  (41, 7, 1),
  (42, 8, 35),
  (43, 8, 30),
  (44, 6, 1);

-- -----------------
-- Records of COURSE
-- -----------------
INSERT INTO course (course_code, course_name, course_description, course_length)
VALUES
  ('TH102101', 'Introduction to Theater', 'An introductory course covering the basics of theater and performance art.', 2),
  ('LI102201', 'Literary Analysis', 'An in-depth exploration of literary theory and critical analysis.', 3),
  ('CW102301', 'Creative Writing Workshop', 'A hands-on workshop focusing on various forms of creative writing.', 4),
  ('HI102105', 'History of Art', 'A study of art history from ancient times to modern movements.', 2),
  ('FI102106', 'Film Studies', 'An introduction to film analysis and the history of cinema.', 2),
  ('HI102102', 'World History', 'A comprehensive survey of world history from ancient civilizations to modern times.', 2),
  ('LN102202', 'Introduction to Linguistics', 'An overview of the scientific study of language and its structure.', 3),
  ('CS102302', 'Cultural Studies Seminar', 'An examination of cultural phenomena and their impact on society.', 4),
  ('PH102107', 'Philosophy of Mind', 'An exploration of philosophical questions related to consciousness and cognition.', 2),
  ('AN102203', 'Social Anthropology', 'An introduction to the study of societies and human cultures.', 3),
  ('CS102103', 'Introduction to Computer Science', 'Fundamental concepts and principles of computer science and programming.', 2),
  ('DS102203', 'Data Science Fundamentals', 'An introduction to data analysis, machine learning, and statistical modeling.', 3),
  ('CY102303', 'Cybersecurity Essentials', 'A hands-on course covering essential cybersecurity concepts and practices.', 4),
  ('CS102108', 'Algorithms and Data Structures', 'An introductory course on algorithms and efficient data structures.', 3),
  ('SE102204', 'Software Engineering Principles', 'Fundamentals of software design, architecture, and project management.', 3),
  ('MT102104', 'Calculus I', 'An introductory course on differential and integral calculus.', 2),
  ('ST102204', 'Statistics for Decision Making', 'A study of basic statistical methods for decision-making in various fields.', 3),
  ('PH102304', 'Mathematical Physics', 'An advanced course integrating mathematical techniques with principles of physics.', 4),
  ('MA102109', 'Linear Algebra', 'A course on vector spaces, linear transformations, and matrices.', 3),
  ('DE102205', 'Differential Equations', 'An introduction to ordinary differential equations and their applications.', 3),
  ('RB102110', 'Introduction to Robotics', 'Basics of robotics engineering including mechanics and control.', 3),
  ('DS102206', 'Digital Systems Design', 'Principles of digital logic and circuit design.', 3),
  ('ET102305', 'Engineering Thermodynamics', 'Fundamentals of thermodynamics for engineering applications.', 4),
  ('FM102111', 'Fluid Mechanics', 'Introduction to fluid behavior and its applications in engineering.', 3),
  ('MS102207', 'Materials Science', 'Study of the properties and applications of engineering materials.', 3),
  ('EI102112', 'Electrical Installation Basics', 'A course on electrical systems, wiring, and safety standards.', 2),
  ('CW102208', 'Carpentry and Woodworking', 'An introduction to woodworking techniques and tools.', 3),
  ('PL102306', 'Plumbing Essentials', 'Core concepts in plumbing installation and maintenance.', 4),
  ('AM102113', 'Automotive Maintenance', 'Basics of automotive repair and maintenance practices.', 3),
  ('WT102209', 'Welding Techniques', 'Practical training in various welding techniques.', 3);

-- ----------------------------
-- Records of DEPARTMENT_COURSE
-- ----------------------------
INSERT INTO department_course (dep_id, course_id) VALUES
	(1, 1),
	(1, 3),
	(1, 4),
	(1, 5),
	(2, 2),
	(2, 6),
	(2, 7),
	(2, 8),
	(2, 9),
	(2, 10),
	(3, 24),
	(3, 25),
	(8, 11),
	(8, 12),
	(8, 13),
	(8, 14),
	(8, 15),
	(8, 21),
	(8, 22),
	(9, 16),
	(9, 17),
	(9, 18),
	(9, 19),
	(9, 20),
	(10, 24),
	(10, 25),
	(11, 21),
	(11, 22),
	(11, 23),
	(11, 24),
	(13, 26),
	(13, 27),
	(13, 28),
	(13, 29),
	(13, 30),
	(15, 1),
	(15, 3),
	(15, 4),
	(15, 5),
	(16, 2),
	(16, 6),
	(16, 7),
	(16, 8),
	(16, 9),
	(16, 10),
	(17, 24),
	(17, 25),
	(19, 2),
	(19, 6),
	(19, 7),
	(19, 8),
	(19, 9),
	(19, 10),
	(20, 11),
	(20, 12),
	(20, 13),
	(20, 14),
	(20, 15),
	(20, 21),
	(20, 22),
	(21, 16),
	(21, 17),
	(21, 18),
	(21, 19),
	(21, 20),
	(22, 24),
	(22, 25);

-- ----------------------
-- Records of OFFICE_HOUR
-- ----------------------
INSERT INTO office_hour (start_time, end_time, date)
VALUES
  ('09:00', '11:00', '2024-11-01'),
  ('13:00', '15:00', '2024-11-02'),
  ('10:00', '12:00', '2024-11-03'),
  ('14:00', '16:00', '2024-11-04'),
  ('11:00', '13:00', '2024-11-05'),
  ('09:30', '11:30', '2024-11-06'),
  ('13:30', '15:30', '2024-11-07'),
  ('09:00', '11:00', '2024-11-08'),   
  ('13:00', '15:00', '2024-11-09'),
  ('10:00', '12:00', '2024-11-10'),
  ('14:00', '16:00', '2024-11-11'),
  ('11:00', '13:00', '2024-11-12'),
  ('09:30', '11:30', '2024-11-13'),
  ('13:30', '15:30', '2024-11-14'),
  ('09:00', '11:00', '2024-11-15'),
  ('13:00', '15:00', '2024-11-16'),
  ('10:00', '12:00', '2024-11-17'),
  ('14:00', '16:00', '2024-11-18'),
  ('11:00', '13:00', '2024-11-19'),
  ('09:30', '11:30', '2024-11-20'),
  ('13:30', '15:30', '2024-11-21'),
  ('09:00', '11:00', '2024-11-22'),
  ('13:00', '15:00', '2024-11-23'),
  ('10:00', '12:00', '2024-11-24'),
  ('14:00', '16:00', '2024-11-25'),
  ('11:00', '13:00', '2024-11-26'),
  ('09:30', '11:30', '2024-11-27'),
  ('13:30', '15:30', '2024-11-28'),
  ('09:00', '11:00', '2024-11-29'),
  ('13:00', '15:00', '2024-11-30'),
  ('10:00', '12:00', '2024-12-01'),
  ('14:00', '16:00', '2024-12-02'),
  ('11:00', '13:00', '2024-12-03'),
  ('09:30', '11:30', '2024-12-04'),
  ('13:30', '15:30', '2024-12-05'),
  ('09:00', '11:00', '2024-12-06'),
  ('13:00', '15:00', '2024-12-07'),
  ('10:00', '12:00', '2024-12-08'),
  ('14:00', '16:00', '2024-12-09'),
  ('11:00', '13:00', '2024-12-10'),
  ('09:30', '11:30', '2024-12-11'),
  ('13:30', '15:30', '2024-12-12'),
  ('09:00', '11:00', '2024-12-13'),
  ('13:00', '15:00', '2024-12-14'),
  ('10:00', '12:00', '2024-12-15'),
  ('14:00', '16:00', '2024-12-16'),
  ('11:00', '13:00', '2024-12-17'),
  ('09:30', '11:30', '2024-12-18'),
  ('13:30', '15:30', '2024-12-19'),
  ('09:00', '11:00', '2024-12-20'),
  ('13:00', '15:00', '2024-12-21'),
  ('10:00', '12:00', '2024-12-22'),
  ('14:00', '16:00', '2024-12-23'),
  ('11:00', '13:00', '2024-12-24'),
  ('09:30', '11:30', '2024-12-25'),
  ('13:30', '15:30', '2024-12-26'),
  ('09:00', '11:00', '2024-12-27'),
  ('13:00', '15:00', '2024-12-28'),
  ('10:00', '12:00', '2024-12-29'),
  ('14:00', '16:00', '2024-12-30'),
  ('11:00', '13:00', '2024-12-31'),
  ('09:30', '11:30', '2025-01-01'),
  ('13:30', '15:30', '2025-01-02'),
  ('09:00', '11:00', '2025-01-03'),
  ('13:00', '15:00', '2025-01-04'),
  ('10:00', '12:00', '2025-01-05'),
  ('14:00', '16:00', '2025-01-06'),
  ('11:00', '13:00', '2025-01-07'),
  ('09:30', '11:30', '2025-01-08'),
  ('13:30', '15:30', '2025-01-09'),
  ('09:00', '11:00', '2025-01-10'),
  ('13:00', '15:00', '2025-01-11'),
  ('10:00', '12:00', '2025-01-12'),
  ('14:00', '16:00', '2025-01-13'),
  ('11:00', '13:00', '2025-01-14'),
  ('09:30', '11:30', '2025-01-15'),
  ('13:30', '15:30', '2025-01-16'),
  ('09:00', '11:00', '2025-01-17'),
  ('13:00', '15:00', '2025-01-18'),
  ('10:00', '12:00', '2025-01-19'),
  ('14:00', '16:00', '2025-01-20'),
  ('11:00', '13:00', '2025-01-21'),
  ('09:30', '11:30', '2025-01-22'),
  ('13:30', '15:30', '2025-01-23');
  
-- ----------------------------
-- Records of STAFF_OFFICE_HOUR
-- ----------------------------
INSERT INTO staff_office_hour (staff_id, hour_id) VALUES
	(1, 1),
	(1, 8),
	(1, 15),
	(1, 22),
	(1, 29),
	(1, 36),
	(1, 43),
	(1, 50),
	(1, 57),
	(1, 64),
	(1, 71),
	(1, 78),
	(2, 7),
	(2, 14),
	(2, 21),
	(2, 28),
	(2, 35),
	(2, 42),
	(2, 49),
	(2, 56),
	(2, 63),
	(2, 70),
	(2, 77),
	(2, 84),
	(3, 4),
	(3, 11),
	(3, 18),
	(3, 25),
	(3, 32),
	(3, 39),
	(3, 46),
	(3, 53),
	(3, 60),
	(3, 67),
	(3, 74),
	(3, 81),
	(3, 4),
	(3, 11),
	(3, 18),
	(3, 25),
	(3, 32),
	(3, 39),
	(3, 46),
	(3, 53),
	(3, 60),
	(3, 67),
	(3, 74),
	(3, 81),
	(4, 4),
	(4, 11),
	(4, 18),
	(4, 25),
	(4, 32),
	(4, 39),
	(4, 46),
	(4, 53),
	(4, 60),
	(4, 67),
	(4, 74),
	(4, 81),
	(4, 6),
	(4, 13),
	(4, 20),
	(4, 27),
	(4, 34),
	(4, 41),
	(4, 48),
	(4, 55),
	(4, 62),
	(4, 69),
	(4, 76),
	(4, 83),
	(5, 7),
	(5, 14),
	(5, 21),
	(5, 28),
	(5, 35),
	(5, 42),
	(5, 49),
	(5, 56),
	(5, 63),
	(5, 70),
	(5, 77),
	(5, 84),
	(6, 1),
	(6, 8),
	(6, 15),
	(6, 22),
	(6, 29),
	(6, 36),
	(6, 43),
	(6, 50),
	(6, 57),
	(6, 64),
	(6, 71),
	(6, 78),
	(7, 3),
	(7, 10),
	(7, 17),
	(7, 24),
	(7, 31),
	(7, 38),
	(7, 45),
	(7, 52),
	(7, 59),
	(7, 66),
	(7, 73),
	(7, 80),
	(12, 7),
	(12, 14),
	(12, 21),
	(12, 28),
	(12, 35),
	(12, 42),
	(12, 49),
	(12, 56),
	(12, 63),
	(12, 70),
	(12, 77),
	(12, 84),
	(12, 7),
	(12, 14),
	(12, 21),
	(12, 28),
	(12, 35),
	(12, 42),
	(12, 49),
	(12, 56),
	(12, 63),
	(12, 70),
	(12, 77),
	(12, 84),
	(13, 6),
	(13, 13),
	(13, 20),
	(13, 27),
	(13, 34),
	(13, 41),
	(13, 48),
	(13, 55),
	(13, 62),
	(13, 69),
	(13, 76),
	(13, 83),
	(14, 3),
	(14, 10),
	(14, 17),
	(14, 24),
	(14, 31),
	(14, 38),
	(14, 45),
	(14, 52),
	(14, 59),
	(14, 66),
	(14, 73),
	(14, 80),
	(15, 7),
	(15, 14),
	(15, 21),
	(15, 28),
	(15, 35),
	(15, 42),
	(15, 49),
	(15, 56),
	(15, 63),
	(15, 70),
	(15, 77),
	(15, 84),
	(15, 1),
	(15, 8),
	(15, 15),
	(15, 22),
	(15, 29),
	(15, 36),
	(15, 43),
	(15, 50),
	(15, 57),
	(15, 64),
	(15, 71),
	(15, 78),
	(16, 4),
	(16, 11),
	(16, 18),
	(16, 25),
	(16, 32),
	(16, 39),
	(16, 46),
	(16, 53),
	(16, 60),
	(16, 67),
	(16, 74),
	(16, 81),
	(16, 1),
	(16, 8),
	(16, 15),
	(16, 22),
	(16, 29),
	(16, 36),
	(16, 43),
	(16, 50),
	(16, 57),
	(16, 64),
	(16, 71),
	(16, 78),
	(17, 7),
	(17, 14),
	(17, 21),
	(17, 28),
	(17, 35),
	(17, 42),
	(17, 49),
	(17, 56),
	(17, 63),
	(17, 70),
	(17, 77),
	(17, 84),
	(17, 1),
	(17, 8),
	(17, 15),
	(17, 22),
	(17, 29),
	(17, 36),
	(17, 43),
	(17, 50),
	(17, 57),
	(17, 64),
	(17, 71),
	(17, 78),
	(18, 6),
	(18, 13),
	(18, 20),
	(18, 27),
	(18, 34),
	(18, 41),
	(18, 48),
	(18, 55),
	(18, 62),
	(18, 69),
	(18, 76),
	(18, 83),
	(19, 3),
	(19, 10),
	(19, 17),
	(19, 24),
	(19, 31),
	(19, 38),
	(19, 45),
	(19, 52),
	(19, 59),
	(19, 66),
	(19, 73),
	(19, 80),
	(24, 3),
	(24, 10),
	(24, 17),
	(24, 24),
	(24, 31),
	(24, 38),
	(24, 45),
	(24, 52),
	(24, 59),
	(24, 66),
	(24, 73),
	(24, 80),
	(24, 1),
	(24, 8),
	(24, 15),
	(24, 22),
	(24, 29),
	(24, 36),
	(24, 43),
	(24, 50),
	(24, 57),
	(24, 64),
	(24, 71),
	(24, 78);

-- -------------------------
-- Records of STUDENT_COURSE
-- -------------------------
INSERT INTO student_course (student_id, course_id, progress_perc, feedback, culmative_average, course_rep)
VALUES
  (1, 1),
  (2, 1),
  (3, 2),
  (4, 4),
  (5, 5),
  (6, 6),
  (7, 10),
  (8, 14),
  (9, 15),
  (10, 20),
  (11, 30);

-- -----------------
-- Records of MODULE
-- -----------------
INSERT INTO module (module_code, module_name, module_description, academ_lvl, module_credits, module_status, last_reviewed, notional_hours, module_duration)
VALUES
  ('TH10101', 'Theater History', 'An overview of the history of theater from ancient times to the present.', 'L4', 20, 'Active', '2024-06-15', 150.00, 1),
  ('TH10102', 'Acting Techniques', 'Exploration of various acting techniques and methods.', 'L5', 20, 'Active', '2024-06-15', 150.00, 2),
  ('TH10103', 'Stage Design Basics', 'Introduction to basic concepts in stage design and set decoration.', 'L6', 40, 'Active', '2024-06-15', 200.00, 1),
  ('LI20101', 'Introduction to Literary Theory', 'An introduction to different approaches to literary analysis.', 'L4', 20, 'Active', '2024-06-20', 150.00, 1),
  ('LI20102', 'Critical Reading Skills', 'Development of critical reading and analysis skills.', 'L5', 20, 'Active', '2024-06-20', 150.00, 2),
  ('LI20103', 'Literary Movements', 'Study of significant literary movements throughout history.', 'L6', 40, 'Active', '2024-06-20', 200.00, 1),
  ('CW30101', 'Fiction Writing', 'Workshop focusing on writing short stories and novels.', 'L4', 20, 'Active', '2024-06-25', 150.00, 1),
  ('CW30102', 'Poetry Workshop', 'Workshop focusing on writing poetry and verse.', 'L6', 20, 'Active', '2024-06-25', 150.00, 2),
  ('CW30103', 'Writing for Television', 'Workshop on writing scripts for television series.', 'L5', 40, 'Active', '2024-06-25', 200.00, 1),
  ('HI10201', 'Ancient Civilizations', 'Study of the rise and fall of ancient civilizations.', 'L4', 20, 'Active', '2024-06-10', 150.00, 1),
  ('HI10202', 'Modern History', 'Exploration of major events and developments in modern history.', 'L5', 20, 'Active', '2024-06-10', 150.00, 2),
  ('HI10203', 'World Wars in Context', 'Detailed study of the causes and impact of the World Wars.', 'L6', 40, 'Active', '2024-06-10', 200.00, 1),
  ('LN20201', 'Phonetics and Phonology', 'Study of speech sounds and their patterns.', 'L4', 20, 'Active', '2024-06-20', 150.00, 2),
  ('LN20202', 'Syntax and Semantics', 'Study of sentence structure and meaning in language.', 'L5', 20, 'Active', '2024-06-20', 150.00, 2),
  ('LN20203', 'Language Acquisition', 'An exploration of how people learn language.', 'L6', 40, 'Active', '2024-06-20', 200.00, 1),
  ('CS10301', 'Introduction to Programming', 'Fundamentals of programming using a high-level language.', 'L4', 20, 'Active', '2024-06-05', 150.00, 2),
  ('CS10302', 'Algorithms and Data Structures', 'Study of algorithms and data structures used in computer science.', 'L5', 20, 'Active', '2024-06-05', 150.00, 1),
  ('CS10303', 'Advanced Computing Concepts', 'In-depth study of advanced computing theories.', 'L6', 40, 'Active', '2024-06-05', 200.00, 1),
  ('DS20301', 'Statistical Analysis', 'Introduction to statistical methods for data analysis.', 'L5', 20, 'Active', '2024-06-10', 150.00, 2),
  ('DS20302', 'Machine Learning Basics', 'Fundamentals of machine learning algorithms and techniques.', 'L6', 40, 'Active', '2024-06-10', 200.00, 1),
  ('CY30301', 'Network Security', 'Study of principles and techniques for securing computer networks.', 'L5', 20, 'Active', '2024-06-08', 150.00, 1),
  ('CY30302', 'Ethical Hacking', 'Introduction to ethical hacking and penetration testing.', 'L7', 40, 'Active', '2024-06-08', 200.00, 2),
  ('MT10401', 'Differential Calculus', 'Study of rates of change and slopes of curves.', 'L5', 20, 'Active', '2024-06-12', 150.00, 2),
  ('MT10402', 'Integral Calculus', 'Study of accumulation and area under curves.', 'L6', 40, 'Active', '2024-06-12', 200.00, 1),
  ('ST20401', 'Descriptive Statistics', 'Presentation and analysis of data using graphical and numerical methods.', 'L6', 20, 'Active', '2024-06-15', 150.00, 1),
  ('ST20402', 'Inferential Statistics', 'Estimation and hypothesis testing using statistical methods.', 'L7', 40, 'Active', '2024-06-15', 200.00, 1),
  ('PH30401', 'Classical Mechanics', 'Study of the motion of objects and systems under the influence of forces.', 'L6', 20, 'Active', '2024-06-18', 150.00, 2),
  ('PH30402', 'Quantum Mechanics', 'Introduction to the principles of quantum mechanics.', 'L7', 40, 'Active', '2024-06-18', 200.00, 2);
  ('TH10201', 'Theater Production', 'Study of the processes involved in producing a theater production.', 'L4', 20, 'Active', '2024-06-15', 150.00, 1),
  ('TH10202', 'Improvisation Techniques', 'Techniques for improving improvisational acting skills.', 'L5', 20, 'Active', '2024-06-15', 150.00, 2),
  ('TH10203', 'Stage Lighting', 'Introduction to the fundamentals of stage lighting and its impact on performance.', 'L6', 40, 'Active', '2024-06-15', 200.00, 1),
  ('LI20201', 'Poetry Analysis', 'Critical analysis of poetry from different periods and regions.', 'L4', 20, 'Active', '2024-06-20', 150.00, 2),
  ('LI20202', 'Literary Criticism', 'In-depth exploration of literary criticism theories and their applications.', 'L5', 20, 'Active', '2024-06-20', 150.00, 1),
  ('LI20203', 'Comparative Literature', 'Study of the comparative methods used in literature from various cultures.', 'L6', 40, 'Active', '2024-06-20', 200.00, 2),
  ('CW30201', 'Screenwriting', 'Crafting scripts for film and television with a focus on structure and narrative.', 'L4', 20, 'Active', '2024-06-25', 150.00, 2),
  ('CW30202', 'Advanced Poetry Techniques', 'Advanced techniques in poetry writing, including form, style, and structure.', 'L6', 20, 'Active', '2024-06-25', 150.00, 1),
  ('CW30203', 'Creative Nonfiction Writing', 'Study of narrative nonfiction writing techniques and styles.', 'L5', 40, 'Active', '2024-06-25', 200.00, 1),
  ('HI10301', 'Ancient Rome', 'Exploration of ancient Roman culture, politics, and history.', 'L4', 20, 'Active', '2024-06-10', 150.00, 2),
  ('HI10302', 'Cold War History', 'In-depth study of the Cold War, focusing on its origins and effects.', 'L5', 20, 'Active', '2024-06-10', 150.00, 1),
  ('HI10303', 'History of the Enlightenment', 'Study of the intellectual movement that shaped modern philosophy and politics.', 'L6', 40, 'Active', '2024-06-10', 200.00, 2),
  ('LN20301', 'Applied Linguistics', 'Study of the practical applications of linguistic theories in real-world scenarios.', 'L4', 20, 'Active', '2024-06-20', 150.00, 1),
  ('LN20302', 'Sociolinguistics', 'Study of the relationship between language and society.', 'L5', 20, 'Active', '2024-06-20', 150.00, 2),
  ('LN20303', 'Psycholinguistics', 'Exploration of the psychological aspects of language processing and acquisition.', 'L6', 40, 'Active', '2024-06-20', 200.00, 1),
  ('CS10401', 'Web Development', 'Introduction to building dynamic websites and web applications.', 'L4', 20, 'Active', '2024-06-05', 150.00, 2),
  ('CS10402', 'Operating Systems', 'Study of operating system design and function in computer systems.', 'L5', 20, 'Active', '2024-06-05', 150.00, 1),
  ('CS10403', 'Software Engineering Principles', 'Exploration of software development methodologies and project management.', 'L6', 40, 'Active', '2024-06-05', 200.00, 2),
  ('DS20401', 'Big Data Analysis', 'Introduction to analyzing large datasets and deriving insights.', 'L5', 20, 'Active', '2024-06-10', 150.00, 1),
  ('DS20402', 'Deep Learning Fundamentals', 'Study of the foundational principles of deep learning and neural networks.', 'L6', 40, 'Active', '2024-06-10', 200.00, 2),
  ('CY30401', 'Cryptography', 'Study of cryptographic techniques and their applications in computer security.', 'L5', 20, 'Active', '2024-06-08', 150.00, 2),
  ('CY30402', 'Penetration Testing', 'Introduction to testing systems for vulnerabilities through ethical hacking.', 'L7', 40, 'Active', '2024-06-08', 200.00, 1),
  ('MT10501', 'Vector Calculus', 'Study of vector fields and multivariable functions.', 'L5', 20, 'Active', '2024-06-12', 150.00, 2),
  ('MT10502', 'Linear Algebra', 'Introduction to matrix theory and vector spaces.', 'L6', 40, 'Active', '2024-06-12', 200.00, 1),
  ('ST20501', 'Probability Theory', 'Study of the theory of probability and its applications in statistics.', 'L6', 20, 'Active', '2024-06-15', 150.00, 1),
  ('ST20502', 'Advanced Regression Analysis', 'In-depth exploration of regression models and techniques.', 'L7', 40, 'Active', '2024-06-15', 200.00, 2),
  ('PH30501', 'Electrodynamics', 'Study of electric and magnetic fields and their interactions.', 'L6', 20, 'Active', '2024-06-18', 150.00, 2),
  ('PH30502', 'Relativity Theory', 'Study of Einstein’s theory of relativity and its implications in physics.', 'L7', 40, 'Active', '2024-06-18', 200.00, 1);

-- ------------------------
-- Records of COURSE_MODULE
-- ------------------------
INSERT INTO course_module (course_id, module_id) VALUES
	(1, 1),
	(1, 2),
	(1, 3),
	(1, 29),
	(1, 30),
	(1, 31),
	(2, 4),
	(2, 5),
	(2, 6),
	(2, 32),
	(2, 33),
	(2, 34),
	(3, 7),
	(3, 8),
	(3, 9),
	(3, 35),
	(3, 36),
	(3, 37),
	(4, 10),
	(4, 11),
	(4, 12),
	(4, 38),
	(4, 39),
	(4, 40),
	(6, 10),
	(6, 11),
	(6, 12),
	(6, 38),
	(6, 39),
	(6, 40),
	(7, 13),
	(7, 14),
	(7, 15),
	(7, 41),
	(7, 42),
	(7, 43),
	(8, 16),
	(8, 17),
	(8, 18),
	(8, 44),
	(8, 45),
	(8, 46),
	(9, 27),
	(9, 28),
	(9, 55),
	(9, 56),
	(11, 16),
	(11, 17),
	(11, 18),
	(11, 44),
	(11, 45),
	(11, 46),
	(12, 19),
	(12, 20),
	(12, 47),
	(12, 48),
	(13, 21),
	(13, 22),
	(13, 49),
	(13, 50),
	(14, 16),
	(14, 17),
	(14, 18),
	(14, 44),
	(14, 45),
	(14, 46),
	(16, 23),
	(16, 24),
	(16, 51),
	(16, 52),
	(17, 25),
	(17, 26),
	(17, 53),
	(17, 54),
	(18, 27),
	(18, 28),
	(18, 55),
	(18, 56),
	(22, 19),
	(22, 20),
	(22, 47),
	(22, 48),
	(27, 7),
	(27, 8),
	(27, 9),
	(27, 35),
	(27, 36),
	(27, 37);

-- -----------------------------
-- Records of COURSE_COORDINATOR
-- -----------------------------
INSERT INTO course_coordinator (staff_id, course_id) VALUES

-- -----------------------------
-- Records of MODULE_COORDINATOR
-- -----------------------------
INSERT INTO module_coordinator (staff_id, module_id)
VALUES

-- ------------------
-- Records of SESSION
-- ------------------
INSERT INTO session (room_id, session_type, session_start_time, ession_end_time, session_date, session_feedback, session_mandatory, session_description)
VALUES

-- ------------------------
-- Records of STAFF_SESSION
-- ------------------------
INSERT INTO staff_session (session_id, staff_id)
VALUES

-- ---------------------
-- Records of ATTENDANCE
-- ---------------------
INSERT INTO attendance (session_id, student_id, addendance_record)
VALUES

-- --------------------------------
-- Records of STUDENT_MODULE_RESULT
-- --------------------------------
INSERT INTO student_module_result (student_id, module_id, module_grade, feedback, passed)
VALUES

-- ---------------------
-- Records of ASSESSMENT
-- ---------------------
INSERT INTO assessment (module_id, assessment_title, assessment_set_date, assessment_set_time, assessment_due_date, assessment_due_time, assessment_description, assessment_type, assessment_weighting, assessment_attachment, assessment_max_attempts, assessment_visble)
VALUES
  (1, 'General Exam', '2024-11-15', '09:00:00', '2024-12-15', '17:00:00', 'An exam to test the fundamental concepts covered in this module.', 'Exam', 0.00, NULL, 1, TRUE),
  (1, 'Final Exam', '2024-11-20', '10:00:00', '2024-12-20', '14:00:00', 'A final exam covering all the material presented during the course.', 'Exam', 10.00, NULL, 1, TRUE),
  (1, 'Coursework Project', '2024-9-10', '10:00:00', '2024-11-10', '16:00:00', 'A coursework project requiring research and practical application of the material learned.', 'Coursework', 30.00, NULL, 2, TRUE),
  (1, 'Essay', '2024-11-05', '09:00:00', '2024-12-05', '23:59:00', 'An essay to critically analyze specific theories covered in the module.', 'Essay', 10.00 NULL, 1, TRUE),
  (1, 'Research Essay', '2024-11-07', '10:00:00', '2024-12-07', '23:59:00', 'A research-based essay where students need to analyze key topics in depth.', 'Essay', 0.00, NULL, 1, TRUE),
  (1, 'Supervised Work Session 1', '2024-11-10', '13:00:00', '2024-11-10', '16:00:00', 'A supervised work session to assist with the ongoing coursework or project development.', 'Supervised work session', 0.00, NULL, 1, TRUE),
  (1, 'Supervised Work Session 2', '2024-11-12', '14:00:00', '2024-11-12', '17:00:00', 'A follow-up supervised session for additional support on the project work.', 'Supervised work session', 0.00, NULL, 1, TRUE),
  (1, 'Oral Presentation', '2024-11-15', '09:00:00', '2024-11-15', '12:00:00', 'A presentation summarising the key points of the research conducted during the course.', 'Presentation', 0.00, NULL, 1, TRUE),
  (1, 'Final Presentation', '2024-11-18', '11:00:00', '2024-11-18', '14:00:00', 'The final presentation covering the complete research and findings for the module.', 'Presentation', 50.00, NULL, 1, TRUE),
  (2, 'General Exam', '2024-11-15', '09:00:00', '2024-12-15', '17:00:00', 'An exam to test the fundamental concepts covered in this module.', 'Exam', 0.00, NULL, 1, TRUE),
  (2, 'Final Exam', '2024-11-20', '10:00:00', '2024-12-20', '14:00:00', 'A final exam covering all the material presented during the course.', 'Exam', 50.00, NULL, 1, TRUE),
  (2, 'Coursework Project', '2024-9-10', '10:00:00', '2024-11-10', '16:00:00', 'A coursework project requiring research and practical application of the material learned.', 'Coursework', 10.00, NULL, 2, TRUE),
  (2, 'Essay', '2024-11-05', '09:00:00', '2024-12-05', '23:59:00', 'An essay to critically analyze specific theories covered in the module.', 'Essay', 30.00 NULL, 1, TRUE),
  (2, 'Research Essay', '2024-11-07', '10:00:00', '2024-12-07', '23:59:00', 'A research-based essay where students need to analyze key topics in depth.', 'Essay', 0.00, NULL, 1, TRUE),
  (2, 'Supervised Work Session 1', '2024-11-10', '13:00:00', '2024-11-10', '16:00:00', 'A supervised work session to assist with the ongoing coursework or project development.', 'Supervised work session', 0.00, NULL, 1, TRUE),
  (2, 'Supervised Work Session 2', '2024-11-12', '14:00:00', '2024-11-12', '17:00:00', 'A follow-up supervised session for additional support on the project work.', 'Supervised work session', 0.00, NULL, 1, TRUE),
  (2, 'Oral Presentation', '2024-11-15', '09:00:00', '2024-11-15', '12:00:00', 'A presentation summarising the key points of the research conducted during the course.', 'Presentation', 0.00, NULL, 1, TRUE),
  (2, 'Final Presentation', '2024-11-18', '11:00:00', '2024-11-18', '14:00:00', 'The final presentation covering the complete research and findings for the module.', 'Presentation', 10.00, NULL, 1, TRUE),
  (3, 'General Exam', '2024-11-15', '09:00:00', '2024-12-15', '17:00:00', 'An exam to test the fundamental concepts covered in this module.', 'Exam', 0.00, NULL, 1, TRUE),
  (3, 'Final Exam', '2024-11-20', '10:00:00', '2024-12-20', '14:00:00', 'A final exam covering all the material presented during the course.', 'Exam', 50.00, NULL, 1, TRUE),
  (3, 'Coursework Project', '2024-9-10', '10:00:00', '2024-11-10', '16:00:00', 'A coursework project requiring research and practical application of the material learned.', 'Coursework', 30.00, NULL, 2, TRUE),
  (3, 'Essay', '2024-11-05', '09:00:00', '2024-12-05', '23:59:00', 'An essay to critically analyze specific theories covered in the module.', 'Essay', 10.00 NULL, 1, TRUE),
  (3, 'Research Essay', '2024-11-07', '10:00:00', '2024-12-07', '23:59:00', 'A research-based essay where students need to analyze key topics in depth.', 'Essay', 0.00, NULL, 1, TRUE),
  (3, 'Supervised Work Session 1', '2024-11-10', '13:00:00', '2024-11-10', '16:00:00', 'A supervised work session to assist with the ongoing coursework or project development.', 'Supervised work session', 0.00, NULL, 1, TRUE),
  (3, 'Supervised Work Session 2', '2024-11-12', '14:00:00', '2024-11-12', '17:00:00', 'A follow-up supervised session for additional support on the project work.', 'Supervised work session', 0.00, NULL, 1, TRUE),
  (3, 'Oral Presentation', '2024-11-15', '09:00:00', '2024-11-15', '12:00:00', 'A presentation summarising the key points of the research conducted during the course.', 'Presentation', 0.00, NULL, 1, TRUE),
  (3, 'Final Presentation', '2024-11-18', '11:00:00', '2024-11-18', '14:00:00', 'The final presentation covering the complete research and findings for the module.', 'Presentation', 10.00, NULL, 1, TRUE),
  (4, 'General Exam', '2024-11-15', '09:00:00', '2024-12-15', '17:00:00', 'An exam to test the fundamental concepts covered in this module.', 'Exam', 0.00, NULL, 1, TRUE),
  (4, 'Final Exam', '2024-11-20', '10:00:00', '2024-12-20', '14:00:00', 'A final exam covering all the material presented during the course.', 'Exam', 50.00, NULL, 1, TRUE),
  (4, 'Coursework Project', '2024-9-10', '10:00:00', '2024-11-10', '16:00:00', 'A coursework project requiring research and practical application of the material learned.', 'Coursework', 30.00, NULL, 2, TRUE),
  (4, 'Essay', '2024-11-05', '09:00:00', '2024-12-05', '23:59:00', 'An essay to critically analyze specific theories covered in the module.', 'Essay', 10.00 NULL, 1, TRUE),
  (4, 'Research Essay', '2024-11-07', '10:00:00', '2024-12-07', '23:59:00', 'A research-based essay where students need to analyze key topics in depth.', 'Essay', 0.00, NULL, 1, TRUE),
  (4, 'Supervised Work Session 1', '2024-11-10', '13:00:00', '2024-11-10', '16:00:00', 'A supervised work session to assist with the ongoing coursework or project development.', 'Supervised work session', 0.00, NULL, 1, TRUE),
  (4, 'Supervised Work Session 2', '2024-11-12', '14:00:00', '2024-11-12', '17:00:00', 'A follow-up supervised session for additional support on the project work.', 'Supervised work session', 0.00, NULL, 1, TRUE),
  (4, 'Oral Presentation', '2024-11-15', '09:00:00', '2024-11-15', '12:00:00', 'A presentation summarising the key points of the research conducted during the course.', 'Presentation', 0.00, NULL, 1, TRUE),
  (4, 'Final Presentation', '2024-11-18', '11:00:00', '2024-11-18', '14:00:00', 'The final presentation covering the complete research and findings for the module.', 'Presentation', 10.00, NULL, 1, TRUE),
  (5, 'General Exam', '2024-11-15', '09:00:00', '2024-12-15', '17:00:00', 'An exam to test the fundamental concepts covered in this module.', 'Exam', 0.00, NULL, 1, TRUE),
  (5, 'Final Exam', '2024-11-20', '10:00:00', '2024-12-20', '14:00:00', 'A final exam covering all the material presented during the course.', 'Exam', 10.00, NULL, 1, TRUE),
  (5, 'Coursework Project', '2024-9-10', '10:00:00', '2024-11-10', '16:00:00', 'A coursework project requiring research and practical application of the material learned.', 'Coursework', 30.00, NULL, 2, TRUE),
  (5, 'Essay', '2024-11-05', '09:00:00', '2024-12-05', '23:59:00', 'An essay to critically analyze specific theories covered in the module.', 'Essay', 10.00 NULL, 1, TRUE),
  (5, 'Research Essay', '2024-11-07', '10:00:00', '2024-12-07', '23:59:00', 'A research-based essay where students need to analyze key topics in depth.', 'Essay', 0.00, NULL, 1, TRUE),
  (5, 'Supervised Work Session 1', '2024-11-10', '13:00:00', '2024-11-10', '16:00:00', 'A supervised work session to assist with the ongoing coursework or project development.', 'Supervised work session', 0.00, NULL, 1, TRUE),
  (5, 'Supervised Work Session 2', '2024-11-12', '14:00:00', '2024-11-12', '17:00:00', 'A follow-up supervised session for additional support on the project work.', 'Supervised work session', 0.00, NULL, 1, TRUE),
  (5, 'Oral Presentation', '2024-11-15', '09:00:00', '2024-11-15', '12:00:00', 'A presentation summarising the key points of the research conducted during the course.', 'Presentation', 0.00, NULL, 1, TRUE),
  (5, 'Final Presentation', '2024-11-18', '11:00:00', '2024-11-18', '14:00:00', 'The final presentation covering the complete research and findings for the module.', 'Presentation', 50.00, NULL, 1, TRUE),
  (6, 'General Exam', '2024-11-15', '09:00:00', '2024-12-15', '17:00:00', 'An exam to test the fundamental concepts covered in this module.', 'Exam', 0.00, NULL, 1, TRUE),
  (6, 'Final Exam', '2024-11-20', '10:00:00', '2024-12-20', '14:00:00', 'A final exam covering all the material presented during the course.', 'Exam', 30.00, NULL, 1, TRUE),
  (6, 'Coursework Project', '2024-9-10', '10:00:00', '2024-11-10', '16:00:00', 'A coursework project requiring research and practical application of the material learned.', 'Coursework', 10.00, NULL, 2, TRUE),
  (6, 'Essay', '2024-11-05', '09:00:00', '2024-12-05', '23:59:00', 'An essay to critically analyze specific theories covered in the module.', 'Essay', 10.00 NULL, 1, TRUE),
  (6, 'Research Essay', '2024-11-07', '10:00:00', '2024-12-07', '23:59:00', 'A research-based essay where students need to analyze key topics in depth.', 'Essay', 0.00, NULL, 1, TRUE),
  (6, 'Supervised Work Session 1', '2024-11-10', '13:00:00', '2024-11-10', '16:00:00', 'A supervised work session to assist with the ongoing coursework or project development.', 'Supervised work session', 0.00, NULL, 1, TRUE),
  (6, 'Supervised Work Session 2', '2024-11-12', '14:00:00', '2024-11-12', '17:00:00', 'A follow-up supervised session for additional support on the project work.', 'Supervised work session', 0.00, NULL, 1, TRUE),
  (6, 'Oral Presentation', '2024-11-15', '09:00:00', '2024-11-15', '12:00:00', 'A presentation summarising the key points of the research conducted during the course.', 'Presentation', 0.00, NULL, 1, TRUE),
  (6, 'Final Presentation', '2024-11-18', '11:00:00', '2024-11-18', '14:00:00', 'The final presentation covering the complete research and findings for the module.', 'Presentation', 50.00, NULL, 1, TRUE),
  (7, 'General Exam', '2024-11-15', '09:00:00', '2024-12-15', '17:00:00', 'An exam to test the fundamental concepts covered in this module.', 'Exam', 0.00, NULL, 1, TRUE),
  (7, 'Final Exam', '2024-11-20', '10:00:00', '2024-12-20', '14:00:00', 'A final exam covering all the material presented during the course.', 'Exam', 10.00, NULL, 1, TRUE),
  (7, 'Coursework Project', '2024-9-10', '10:00:00', '2024-11-10', '16:00:00', 'A coursework project requiring research and practical application of the material learned.', 'Coursework', 10.00, NULL, 2, TRUE),
  (7, 'Essay', '2024-11-05', '09:00:00', '2024-12-05', '23:59:00', 'An essay to critically analyze specific theories covered in the module.', 'Essay', 50.00 NULL, 1, TRUE),
  (7, 'Research Essay', '2024-11-07', '10:00:00', '2024-12-07', '23:59:00', 'A research-based essay where students need to analyze key topics in depth.', 'Essay', 0.00, NULL, 1, TRUE),
  (7, 'Supervised Work Session 1', '2024-11-10', '13:00:00', '2024-11-10', '16:00:00', 'A supervised work session to assist with the ongoing coursework or project development.', 'Supervised work session', 0.00, NULL, 1, TRUE),
  (7, 'Supervised Work Session 2', '2024-11-12', '14:00:00', '2024-11-12', '17:00:00', 'A follow-up supervised session for additional support on the project work.', 'Supervised work session', 0.00, NULL, 1, TRUE),
  (7, 'Oral Presentation', '2024-11-15', '09:00:00', '2024-11-15', '12:00:00', 'A presentation summarising the key points of the research conducted during the course.', 'Presentation', 0.00, NULL, 1, TRUE),
  (7, 'Final Presentation', '2024-11-18', '11:00:00', '2024-11-18', '14:00:00', 'The final presentation covering the complete research and findings for the module.', 'Presentation', 30.00, NULL, 1, TRUE),
  (8, 'General Exam', '2024-11-15', '09:00:00', '2024-12-15', '17:00:00', 'An exam to test the fundamental concepts covered in this module.', 'Exam', 0.00, NULL, 1, TRUE),
  (8, 'Final Exam', '2024-11-20', '10:00:00', '2024-12-20', '14:00:00', 'A final exam covering all the material presented during the course.', 'Exam', 30.00, NULL, 1, TRUE),
  (8, 'Coursework Project', '2024-9-10', '10:00:00', '2024-11-10', '16:00:00', 'A coursework project requiring research and practical application of the material learned.', 'Coursework', 10.00, NULL, 2, TRUE),
  (8, 'Essay', '2024-11-05', '09:00:00', '2024-12-05', '23:59:00', 'An essay to critically analyze specific theories covered in the module.', 'Essay', 50.00 NULL, 1, TRUE),
  (8, 'Research Essay', '2024-11-07', '10:00:00', '2024-12-07', '23:59:00', 'A research-based essay where students need to analyze key topics in depth.', 'Essay', 0.00, NULL, 1, TRUE),
  (8, 'Supervised Work Session 1', '2024-11-10', '13:00:00', '2024-11-10', '16:00:00', 'A supervised work session to assist with the ongoing coursework or project development.', 'Supervised work session', 0.00, NULL, 1, TRUE),
  (8, 'Supervised Work Session 2', '2024-11-12', '14:00:00', '2024-11-12', '17:00:00', 'A follow-up supervised session for additional support on the project work.', 'Supervised work session', 0.00, NULL, 1, TRUE),
  (8, 'Oral Presentation', '2024-11-15', '09:00:00', '2024-11-15', '12:00:00', 'A presentation summarising the key points of the research conducted during the course.', 'Presentation', 0.00, NULL, 1, TRUE),
  (8, 'Final Presentation', '2024-11-18', '11:00:00', '2024-11-18', '14:00:00', 'The final presentation covering the complete research and findings for the module.', 'Presentation', 10.00, NULL, 1, TRUE),
  (9, 'General Exam', '2024-11-15', '09:00:00', '2024-12-15', '17:00:00', 'An exam to test the fundamental concepts covered in this module.', 'Exam', 0.00, NULL, 1, TRUE),
  (9, 'Final Exam', '2024-11-20', '10:00:00', '2024-12-20', '14:00:00', 'A final exam covering all the material presented during the course.', 'Exam', 30.00, NULL, 1, TRUE),
  (9, 'Coursework Project', '2024-9-10', '10:00:00', '2024-11-10', '16:00:00', 'A coursework project requiring research and practical application of the material learned.', 'Coursework', 10.00, NULL, 2, TRUE),
  (9, 'Essay', '2024-11-05', '09:00:00', '2024-12-05', '23:59:00', 'An essay to critically analyze specific theories covered in the module.', 'Essay', 10.00 NULL, 1, TRUE),
  (9, 'Research Essay', '2024-11-07', '10:00:00', '2024-12-07', '23:59:00', 'A research-based essay where students need to analyze key topics in depth.', 'Essay', 0.00, NULL, 1, TRUE),
  (9, 'Supervised Work Session 1', '2024-11-10', '13:00:00', '2024-11-10', '16:00:00', 'A supervised work session to assist with the ongoing coursework or project development.', 'Supervised work session', 0.00, NULL, 1, TRUE),
  (9, 'Supervised Work Session 2', '2024-11-12', '14:00:00', '2024-11-12', '17:00:00', 'A follow-up supervised session for additional support on the project work.', 'Supervised work session', 0.00, NULL, 1, TRUE),
  (9, 'Oral Presentation', '2024-11-15', '09:00:00', '2024-11-15', '12:00:00', 'A presentation summarising the key points of the research conducted during the course.', 'Presentation', 0.00, NULL, 1, TRUE),
  (9, 'Final Presentation', '2024-11-18', '11:00:00', '2024-11-18', '14:00:00', 'The final presentation covering the complete research and findings for the module.', 'Presentation', 50.00, NULL, 1, TRUE),
  (10, 'General Exam', '2024-11-15', '09:00:00', '2024-12-15', '17:00:00', 'An exam to test the fundamental concepts covered in this module.', 'Exam', 0.00, NULL, 1, TRUE),
  (10, 'Final Exam', '2024-11-20', '10:00:00', '2024-12-20', '14:00:00', 'A final exam covering all the material presented during the course.', 'Exam', 50.00, NULL, 1, TRUE),
  (10, 'Coursework Project', '2024-9-10', '10:00:00', '2024-11-10', '16:00:00', 'A coursework project requiring research and practical application of the material learned.', 'Coursework', 10.00, NULL, 2, TRUE),
  (10, 'Essay', '2024-11-05', '09:00:00', '2024-12-05', '23:59:00', 'An essay to critically analyze specific theories covered in the module.', 'Essay', 10.00 NULL, 1, TRUE),
  (10, 'Research Essay', '2024-11-07', '10:00:00', '2024-12-07', '23:59:00', 'A research-based essay where students need to analyze key topics in depth.', 'Essay', 0.00, NULL, 1, TRUE),
  (10, 'Supervised Work Session 1', '2024-11-10', '13:00:00', '2024-11-10', '16:00:00', 'A supervised work session to assist with the ongoing coursework or project development.', 'Supervised work session', 0.00, NULL, 1, TRUE),
  (10, 'Supervised Work Session 2', '2024-11-12', '14:00:00', '2024-11-12', '17:00:00', 'A follow-up supervised session for additional support on the project work.', 'Supervised work session', 0.00, NULL, 1, TRUE),
  (10, 'Oral Presentation', '2024-11-15', '09:00:00', '2024-11-15', '12:00:00', 'A presentation summarising the key points of the research conducted during the course.', 'Presentation', 0.00, NULL, 1, TRUE),
  (10, 'Final Presentation', '2024-11-18', '11:00:00', '2024-11-18', '14:00:00', 'The final presentation covering the complete research and findings for the module.', 'Presentation', 30.00, NULL, 1, TRUE),
  (11, 'General Exam', '2024-11-15', '09:00:00', '2024-12-15', '17:00:00', 'An exam to test the fundamental concepts covered in this module.', 'Exam', 0.00, NULL, 1, TRUE),
  (11, 'Final Exam', '2024-11-20', '10:00:00', '2024-12-20', '14:00:00', 'A final exam covering all the material presented during the course.', 'Exam', 30.00, NULL, 1, TRUE),
  (11, 'Coursework Project', '2024-9-10', '10:00:00', '2024-11-10', '16:00:00', 'A coursework project requiring research and practical application of the material learned.', 'Coursework', 10.00, NULL, 2, TRUE),
  (11, 'Essay', '2024-11-05', '09:00:00', '2024-12-05', '23:59:00', 'An essay to critically analyze specific theories covered in the module.', 'Essay', 50.00 NULL, 1, TRUE),
  (11, 'Research Essay', '2024-11-07', '10:00:00', '2024-12-07', '23:59:00', 'A research-based essay where students need to analyze key topics in depth.', 'Essay', 0.00, NULL, 1, TRUE),
  (11, 'Supervised Work Session 1', '2024-11-10', '13:00:00', '2024-11-10', '16:00:00', 'A supervised work session to assist with the ongoing coursework or project development.', 'Supervised work session', 0.00, NULL, 1, TRUE),
  (11, 'Supervised Work Session 2', '2024-11-12', '14:00:00', '2024-11-12', '17:00:00', 'A follow-up supervised session for additional support on the project work.', 'Supervised work session', 0.00, NULL, 1, TRUE),
  (11, 'Oral Presentation', '2024-11-15', '09:00:00', '2024-11-15', '12:00:00', 'A presentation summarising the key points of the research conducted during the course.', 'Presentation', 0.00, NULL, 1, TRUE),
  (11, 'Final Presentation', '2024-11-18', '11:00:00', '2024-11-18', '14:00:00', 'The final presentation covering the complete research and findings for the module.', 'Presentation', 10.00, NULL, 1, TRUE),
  (12, 'General Exam', '2024-11-15', '09:00:00', '2024-12-15', '17:00:00', 'An exam to test the fundamental concepts covered in this module.', 'Exam', 0.00, NULL, 1, TRUE),
  (12, 'Final Exam', '2024-11-20', '10:00:00', '2024-12-20', '14:00:00', 'A final exam covering all the material presented during the course.', 'Exam', 10.00, NULL, 1, TRUE),
  (12, 'Coursework Project', '2024-9-10', '10:00:00', '2024-11-10', '16:00:00', 'A coursework project requiring research and practical application of the material learned.', 'Coursework', 50.00, NULL, 2, TRUE),
  (12, 'Essay', '2024-11-05', '09:00:00', '2024-12-05', '23:59:00', 'An essay to critically analyze specific theories covered in the module.', 'Essay', 10.00 NULL, 1, TRUE),
  (12, 'Research Essay', '2024-11-07', '10:00:00', '2024-12-07', '23:59:00', 'A research-based essay where students need to analyze key topics in depth.', 'Essay', 0.00, NULL, 1, TRUE),
  (12, 'Supervised Work Session 1', '2024-11-10', '13:00:00', '2024-11-10', '16:00:00', 'A supervised work session to assist with the ongoing coursework or project development.', 'Supervised work session', 0.00, NULL, 1, TRUE),
  (12, 'Supervised Work Session 2', '2024-11-12', '14:00:00', '2024-11-12', '17:00:00', 'A follow-up supervised session for additional support on the project work.', 'Supervised work session', 0.00, NULL, 1, TRUE),
  (12, 'Oral Presentation', '2024-11-15', '09:00:00', '2024-11-15', '12:00:00', 'A presentation summarising the key points of the research conducted during the course.', 'Presentation', 0.00, NULL, 1, TRUE),
  (12, 'Final Presentation', '2024-11-18', '11:00:00', '2024-11-18', '14:00:00', 'The final presentation covering the complete research and findings for the module.', 'Presentation', 30.00, NULL, 1, TRUE),
  (13, 'General Exam', '2024-11-15', '09:00:00', '2024-12-15', '17:00:00', 'An exam to test the fundamental concepts covered in this module.', 'Exam', 0.00, NULL, 1, TRUE),
  (13, 'Final Exam', '2024-11-20', '10:00:00', '2024-12-20', '14:00:00', 'A final exam covering all the material presented during the course.', 'Exam', 10.00, NULL, 1, TRUE),
  (13, 'Coursework Project', '2024-9-10', '10:00:00', '2024-11-10', '16:00:00', 'A coursework project requiring research and practical application of the material learned.', 'Coursework', 50.00, NULL, 2, TRUE),
  (13, 'Essay', '2024-11-05', '09:00:00', '2024-12-05', '23:59:00', 'An essay to critically analyze specific theories covered in the module.', 'Essay', 10.00 NULL, 1, TRUE),
  (13, 'Research Essay', '2024-11-07', '10:00:00', '2024-12-07', '23:59:00', 'A research-based essay where students need to analyze key topics in depth.', 'Essay', 0.00, NULL, 1, TRUE),
  (13, 'Supervised Work Session 1', '2024-11-10', '13:00:00', '2024-11-10', '16:00:00', 'A supervised work session to assist with the ongoing coursework or project development.', 'Supervised work session', 0.00, NULL, 1, TRUE),
  (13, 'Supervised Work Session 2', '2024-11-12', '14:00:00', '2024-11-12', '17:00:00', 'A follow-up supervised session for additional support on the project work.', 'Supervised work session', 0.00, NULL, 1, TRUE),
  (13, 'Oral Presentation', '2024-11-15', '09:00:00', '2024-11-15', '12:00:00', 'A presentation summarising the key points of the research conducted during the course.', 'Presentation', 0.00, NULL, 1, TRUE),
  (13, 'Final Presentation', '2024-11-18', '11:00:00', '2024-11-18', '14:00:00', 'The final presentation covering the complete research and findings for the module.', 'Presentation', 30.00, NULL, 1, TRUE),
  (14, 'General Exam', '2024-11-15', '09:00:00', '2024-12-15', '17:00:00', 'An exam to test the fundamental concepts covered in this module.', 'Exam', 0.00, NULL, 1, TRUE),
  (14, 'Final Exam', '2024-11-20', '10:00:00', '2024-12-20', '14:00:00', 'A final exam covering all the material presented during the course.', 'Exam', 10.00, NULL, 1, TRUE),
  (14, 'Coursework Project', '2024-9-10', '10:00:00', '2024-11-10', '16:00:00', 'A coursework project requiring research and practical application of the material learned.', 'Coursework', 30.00, NULL, 2, TRUE),
  (14, 'Essay', '2024-11-05', '09:00:00', '2024-12-05', '23:59:00', 'An essay to critically analyze specific theories covered in the module.', 'Essay', 10.00 NULL, 1, TRUE),
  (14, 'Research Essay', '2024-11-07', '10:00:00', '2024-12-07', '23:59:00', 'A research-based essay where students need to analyze key topics in depth.', 'Essay', 0.00, NULL, 1, TRUE),
  (14, 'Supervised Work Session 1', '2024-11-10', '13:00:00', '2024-11-10', '16:00:00', 'A supervised work session to assist with the ongoing coursework or project development.', 'Supervised work session', 0.00, NULL, 1, TRUE),
  (14, 'Supervised Work Session 2', '2024-11-12', '14:00:00', '2024-11-12', '17:00:00', 'A follow-up supervised session for additional support on the project work.', 'Supervised work session', 0.00, NULL, 1, TRUE),
  (14, 'Oral Presentation', '2024-11-15', '09:00:00', '2024-11-15', '12:00:00', 'A presentation summarising the key points of the research conducted during the course.', 'Presentation', 0.00, NULL, 1, TRUE),
  (14, 'Final Presentation', '2024-11-18', '11:00:00', '2024-11-18', '14:00:00', 'The final presentation covering the complete research and findings for the module.', 'Presentation', 50.00, NULL, 1, TRUE),
  (15, 'General Exam', '2024-11-15', '09:00:00', '2024-12-15', '17:00:00', 'An exam to test the fundamental concepts covered in this module.', 'Exam', 0.00, NULL, 1, TRUE),
  (15, 'Final Exam', '2024-11-20', '10:00:00', '2024-12-20', '14:00:00', 'A final exam covering all the material presented during the course.', 'Exam', 10.00, NULL, 1, TRUE),
  (15, 'Coursework Project', '2024-9-10', '10:00:00', '2024-11-10', '16:00:00', 'A coursework project requiring research and practical application of the material learned.', 'Coursework', 50.00, NULL, 2, TRUE),
  (15, 'Essay', '2024-11-05', '09:00:00', '2024-12-05', '23:59:00', 'An essay to critically analyze specific theories covered in the module.', 'Essay', 10.00 NULL, 1, TRUE),
  (15, 'Research Essay', '2024-11-07', '10:00:00', '2024-12-07', '23:59:00', 'A research-based essay where students need to analyze key topics in depth.', 'Essay', 0.00, NULL, 1, TRUE),
  (15, 'Supervised Work Session 1', '2024-11-10', '13:00:00', '2024-11-10', '16:00:00', 'A supervised work session to assist with the ongoing coursework or project development.', 'Supervised work session', 0.00, NULL, 1, TRUE),
  (15, 'Supervised Work Session 2', '2024-11-12', '14:00:00', '2024-11-12', '17:00:00', 'A follow-up supervised session for additional support on the project work.', 'Supervised work session', 0.00, NULL, 1, TRUE),
  (15, 'Oral Presentation', '2024-11-15', '09:00:00', '2024-11-15', '12:00:00', 'A presentation summarising the key points of the research conducted during the course.', 'Presentation', 0.00, NULL, 1, TRUE),
  (15, 'Final Presentation', '2024-11-18', '11:00:00', '2024-11-18', '14:00:00', 'The final presentation covering the complete research and findings for the module.', 'Presentation', 30.00, NULL, 1, TRUE),
  (16, 'General Exam', '2024-11-15', '09:00:00', '2024-12-15', '17:00:00', 'An exam to test the fundamental concepts covered in this module.', 'Exam', 0.00, NULL, 1, TRUE),
  (16, 'Final Exam', '2024-11-20', '10:00:00', '2024-12-20', '14:00:00', 'A final exam covering all the material presented during the course.', 'Exam', 10.00, NULL, 1, TRUE),
  (16, 'Coursework Project', '2024-9-10', '10:00:00', '2024-11-10', '16:00:00', 'A coursework project requiring research and practical application of the material learned.', 'Coursework', 30.00, NULL, 2, TRUE),
  (16, 'Essay', '2024-11-05', '09:00:00', '2024-12-05', '23:59:00', 'An essay to critically analyze specific theories covered in the module.', 'Essay', 10.00 NULL, 1, TRUE),
  (16, 'Research Essay', '2024-11-07', '10:00:00', '2024-12-07', '23:59:00', 'A research-based essay where students need to analyze key topics in depth.', 'Essay', 0.00, NULL, 1, TRUE),
  (16, 'Supervised Work Session 1', '2024-11-10', '13:00:00', '2024-11-10', '16:00:00', 'A supervised work session to assist with the ongoing coursework or project development.', 'Supervised work session', 0.00, NULL, 1, TRUE),
  (16, 'Supervised Work Session 2', '2024-11-12', '14:00:00', '2024-11-12', '17:00:00', 'A follow-up supervised session for additional support on the project work.', 'Supervised work session', 0.00, NULL, 1, TRUE),
  (16, 'Oral Presentation', '2024-11-15', '09:00:00', '2024-11-15', '12:00:00', 'A presentation summarising the key points of the research conducted during the course.', 'Presentation', 0.00, NULL, 1, TRUE),
  (16, 'Final Presentation', '2024-11-18', '11:00:00', '2024-11-18', '14:00:00', 'The final presentation covering the complete research and findings for the module.', 'Presentation', 50.00, NULL, 1, TRUE),
  (17, 'General Exam', '2024-11-15', '09:00:00', '2024-12-15', '17:00:00', 'An exam to test the fundamental concepts covered in this module.', 'Exam', 0.00, NULL, 1, TRUE),
  (17, 'Final Exam', '2024-11-20', '10:00:00', '2024-12-20', '14:00:00', 'A final exam covering all the material presented during the course.', 'Exam', 30.00, NULL, 1, TRUE),
  (17, 'Coursework Project', '2024-9-10', '10:00:00', '2024-11-10', '16:00:00', 'A coursework project requiring research and practical application of the material learned.', 'Coursework', 10.00, NULL, 2, TRUE),
  (17, 'Essay', '2024-11-05', '09:00:00', '2024-12-05', '23:59:00', 'An essay to critically analyze specific theories covered in the module.', 'Essay', 10.00 NULL, 1, TRUE),
  (17, 'Research Essay', '2024-11-07', '10:00:00', '2024-12-07', '23:59:00', 'A research-based essay where students need to analyze key topics in depth.', 'Essay', 0.00, NULL, 1, TRUE),
  (17, 'Supervised Work Session 1', '2024-11-10', '13:00:00', '2024-11-10', '16:00:00', 'A supervised work session to assist with the ongoing coursework or project development.', 'Supervised work session', 0.00, NULL, 1, TRUE),
  (17, 'Supervised Work Session 2', '2024-11-12', '14:00:00', '2024-11-12', '17:00:00', 'A follow-up supervised session for additional support on the project work.', 'Supervised work session', 0.00, NULL, 1, TRUE),
  (17, 'Oral Presentation', '2024-11-15', '09:00:00', '2024-11-15', '12:00:00', 'A presentation summarising the key points of the research conducted during the course.', 'Presentation', 0.00, NULL, 1, TRUE),
  (17, 'Final Presentation', '2024-11-18', '11:00:00', '2024-11-18', '14:00:00', 'The final presentation covering the complete research and findings for the module.', 'Presentation', 50.00, NULL, 1, TRUE),
  (18, 'General Exam', '2024-11-15', '09:00:00', '2024-12-15', '17:00:00', 'An exam to test the fundamental concepts covered in this module.', 'Exam', 0.00, NULL, 1, TRUE),
  (18, 'Final Exam', '2024-11-20', '10:00:00', '2024-12-20', '14:00:00', 'A final exam covering all the material presented during the course.', 'Exam', 30.00, NULL, 1, TRUE),
  (18, 'Coursework Project', '2024-9-10', '10:00:00', '2024-11-10', '16:00:00', 'A coursework project requiring research and practical application of the material learned.', 'Coursework', 50.00, NULL, 2, TRUE),
  (18, 'Essay', '2024-11-05', '09:00:00', '2024-12-05', '23:59:00', 'An essay to critically analyze specific theories covered in the module.', 'Essay', 10.00 NULL, 1, TRUE),
  (18, 'Research Essay', '2024-11-07', '10:00:00', '2024-12-07', '23:59:00', 'A research-based essay where students need to analyze key topics in depth.', 'Essay', 0.00, NULL, 1, TRUE),
  (18, 'Supervised Work Session 1', '2024-11-10', '13:00:00', '2024-11-10', '16:00:00', 'A supervised work session to assist with the ongoing coursework or project development.', 'Supervised work session', 0.00, NULL, 1, TRUE),
  (18, 'Supervised Work Session 2', '2024-11-12', '14:00:00', '2024-11-12', '17:00:00', 'A follow-up supervised session for additional support on the project work.', 'Supervised work session', 0.00, NULL, 1, TRUE),
  (18, 'Oral Presentation', '2024-11-15', '09:00:00', '2024-11-15', '12:00:00', 'A presentation summarising the key points of the research conducted during the course.', 'Presentation', 0.00, NULL, 1, TRUE),
  (18, 'Final Presentation', '2024-11-18', '11:00:00', '2024-11-18', '14:00:00', 'The final presentation covering the complete research and findings for the module.', 'Presentation', 10.00, NULL, 1, TRUE),
  (19, 'General Exam', '2024-11-15', '09:00:00', '2024-12-15', '17:00:00', 'An exam to test the fundamental concepts covered in this module.', 'Exam', 0.00, NULL, 1, TRUE),
  (19, 'Final Exam', '2024-11-20', '10:00:00', '2024-12-20', '14:00:00', 'A final exam covering all the material presented during the course.', 'Exam', 10.00, NULL, 1, TRUE),
  (19, 'Coursework Project', '2024-9-10', '10:00:00', '2024-11-10', '16:00:00', 'A coursework project requiring research and practical application of the material learned.', 'Coursework', 10.00, NULL, 2, TRUE),
  (19, 'Essay', '2024-11-05', '09:00:00', '2024-12-05', '23:59:00', 'An essay to critically analyze specific theories covered in the module.', 'Essay', 50.00 NULL, 1, TRUE),
  (19, 'Research Essay', '2024-11-07', '10:00:00', '2024-12-07', '23:59:00', 'A research-based essay where students need to analyze key topics in depth.', 'Essay', 0.00, NULL, 1, TRUE),
  (19, 'Supervised Work Session 1', '2024-11-10', '13:00:00', '2024-11-10', '16:00:00', 'A supervised work session to assist with the ongoing coursework or project development.', 'Supervised work session', 0.00, NULL, 1, TRUE),
  (19, 'Supervised Work Session 2', '2024-11-12', '14:00:00', '2024-11-12', '17:00:00', 'A follow-up supervised session for additional support on the project work.', 'Supervised work session', 0.00, NULL, 1, TRUE),
  (19, 'Oral Presentation', '2024-11-15', '09:00:00', '2024-11-15', '12:00:00', 'A presentation summarising the key points of the research conducted during the course.', 'Presentation', 0.00, NULL, 1, TRUE),
  (19, 'Final Presentation', '2024-11-18', '11:00:00', '2024-11-18', '14:00:00', 'The final presentation covering the complete research and findings for the module.', 'Presentation', 30.00, NULL, 1, TRUE),
  (20, 'General Exam', '2024-11-15', '09:00:00', '2024-12-15', '17:00:00', 'An exam to test the fundamental concepts covered in this module.', 'Exam', 0.00, NULL, 1, TRUE),
  (20, 'Final Exam', '2024-11-20', '10:00:00', '2024-12-20', '14:00:00', 'A final exam covering all the material presented during the course.', 'Exam', 10.00, NULL, 1, TRUE),
  (20, 'Coursework Project', '2024-9-10', '10:00:00', '2024-11-10', '16:00:00', 'A coursework project requiring research and practical application of the material learned.', 'Coursework', 30.00, NULL, 2, TRUE),
  (20, 'Essay', '2024-11-05', '09:00:00', '2024-12-05', '23:59:00', 'An essay to critically analyze specific theories covered in the module.', 'Essay', 50.00 NULL, 1, TRUE),
  (20, 'Research Essay', '2024-11-07', '10:00:00', '2024-12-07', '23:59:00', 'A research-based essay where students need to analyze key topics in depth.', 'Essay', 0.00, NULL, 1, TRUE),
  (20, 'Supervised Work Session 1', '2024-11-10', '13:00:00', '2024-11-10', '16:00:00', 'A supervised work session to assist with the ongoing coursework or project development.', 'Supervised work session', 0.00, NULL, 1, TRUE),
  (20, 'Supervised Work Session 2', '2024-11-12', '14:00:00', '2024-11-12', '17:00:00', 'A follow-up supervised session for additional support on the project work.', 'Supervised work session', 0.00, NULL, 1, TRUE),
  (20, 'Oral Presentation', '2024-11-15', '09:00:00', '2024-11-15', '12:00:00', 'A presentation summarising the key points of the research conducted during the course.', 'Presentation', 0.00, NULL, 1, TRUE),
  (20, 'Final Presentation', '2024-11-18', '11:00:00', '2024-11-18', '14:00:00', 'The final presentation covering the complete research and findings for the module.', 'Presentation', 10.00, NULL, 1, TRUE),
  (21, 'General Exam', '2024-11-15', '09:00:00', '2024-12-15', '17:00:00', 'An exam to test the fundamental concepts covered in this module.', 'Exam', 0.00, NULL, 1, TRUE),
  (21, 'Final Exam', '2024-11-20', '10:00:00', '2024-12-20', '14:00:00', 'A final exam covering all the material presented during the course.', 'Exam', 10.00, NULL, 1, TRUE),
  (21, 'Coursework Project', '2024-9-10', '10:00:00', '2024-11-10', '16:00:00', 'A coursework project requiring research and practical application of the material learned.', 'Coursework', 30.00, NULL, 2, TRUE),
  (21, 'Essay', '2024-11-05', '09:00:00', '2024-12-05', '23:59:00', 'An essay to critically analyze specific theories covered in the module.', 'Essay', 10.00 NULL, 1, TRUE),
  (21, 'Research Essay', '2024-11-07', '10:00:00', '2024-12-07', '23:59:00', 'A research-based essay where students need to analyze key topics in depth.', 'Essay', 0.00, NULL, 1, TRUE),
  (21, 'Supervised Work Session 1', '2024-11-10', '13:00:00', '2024-11-10', '16:00:00', 'A supervised work session to assist with the ongoing coursework or project development.', 'Supervised work session', 0.00, NULL, 1, TRUE),
  (21, 'Supervised Work Session 2', '2024-11-12', '14:00:00', '2024-11-12', '17:00:00', 'A follow-up supervised session for additional support on the project work.', 'Supervised work session', 0.00, NULL, 1, TRUE),
  (21, 'Oral Presentation', '2024-11-15', '09:00:00', '2024-11-15', '12:00:00', 'A presentation summarising the key points of the research conducted during the course.', 'Presentation', 0.00, NULL, 1, TRUE),
  (21, 'Final Presentation', '2024-11-18', '11:00:00', '2024-11-18', '14:00:00', 'The final presentation covering the complete research and findings for the module.', 'Presentation', 50.00, NULL, 1, TRUE),
  (22, 'General Exam', '2024-11-15', '09:00:00', '2024-12-15', '17:00:00', 'An exam to test the fundamental concepts covered in this module.', 'Exam', 0.00, NULL, 1, TRUE),
  (22, 'Final Exam', '2024-11-20', '10:00:00', '2024-12-20', '14:00:00', 'A final exam covering all the material presented during the course.', 'Exam', 10.00, NULL, 1, TRUE),
  (22, 'Coursework Project', '2024-9-10', '10:00:00', '2024-11-10', '16:00:00', 'A coursework project requiring research and practical application of the material learned.', 'Coursework', 30.00, NULL, 2, TRUE),
  (22, 'Essay', '2024-11-05', '09:00:00', '2024-12-05', '23:59:00', 'An essay to critically analyze specific theories covered in the module.', 'Essay', 50.00 NULL, 1, TRUE),
  (22, 'Research Essay', '2024-11-07', '10:00:00', '2024-12-07', '23:59:00', 'A research-based essay where students need to analyze key topics in depth.', 'Essay', 0.00, NULL, 1, TRUE),
  (22, 'Supervised Work Session 1', '2024-11-10', '13:00:00', '2024-11-10', '16:00:00', 'A supervised work session to assist with the ongoing coursework or project development.', 'Supervised work session', 0.00, NULL, 1, TRUE),
  (22, 'Supervised Work Session 2', '2024-11-12', '14:00:00', '2024-11-12', '17:00:00', 'A follow-up supervised session for additional support on the project work.', 'Supervised work session', 0.00, NULL, 1, TRUE),
  (22, 'Oral Presentation', '2024-11-15', '09:00:00', '2024-11-15', '12:00:00', 'A presentation summarising the key points of the research conducted during the course.', 'Presentation', 0.00, NULL, 1, TRUE),
  (22, 'Final Presentation', '2024-11-18', '11:00:00', '2024-11-18', '14:00:00', 'The final presentation covering the complete research and findings for the module.', 'Presentation', 10.00, NULL, 1, TRUE),
  (23, 'General Exam', '2024-11-15', '09:00:00', '2024-12-15', '17:00:00', 'An exam to test the fundamental concepts covered in this module.', 'Exam', 0.00, NULL, 1, TRUE),
  (23, 'Final Exam', '2024-11-20', '10:00:00', '2024-12-20', '14:00:00', 'A final exam covering all the material presented during the course.', 'Exam', 50.00, NULL, 1, TRUE),
  (23, 'Coursework Project', '2024-9-10', '10:00:00', '2024-11-10', '16:00:00', 'A coursework project requiring research and practical application of the material learned.', 'Coursework', 10.00, NULL, 2, TRUE),
  (23, 'Essay', '2024-11-05', '09:00:00', '2024-12-05', '23:59:00', 'An essay to critically analyze specific theories covered in the module.', 'Essay', 10.00 NULL, 1, TRUE),
  (23, 'Research Essay', '2024-11-07', '10:00:00', '2024-12-07', '23:59:00', 'A research-based essay where students need to analyze key topics in depth.', 'Essay', 0.00, NULL, 1, TRUE),
  (23, 'Supervised Work Session 1', '2024-11-10', '13:00:00', '2024-11-10', '16:00:00', 'A supervised work session to assist with the ongoing coursework or project development.', 'Supervised work session', 0.00, NULL, 1, TRUE),
  (23, 'Supervised Work Session 2', '2024-11-12', '14:00:00', '2024-11-12', '17:00:00', 'A follow-up supervised session for additional support on the project work.', 'Supervised work session', 0.00, NULL, 1, TRUE),
  (23, 'Oral Presentation', '2024-11-15', '09:00:00', '2024-11-15', '12:00:00', 'A presentation summarising the key points of the research conducted during the course.', 'Presentation', 0.00, NULL, 1, TRUE),
  (23, 'Final Presentation', '2024-11-18', '11:00:00', '2024-11-18', '14:00:00', 'The final presentation covering the complete research and findings for the module.', 'Presentation', 30.00, NULL, 1, TRUE),
  (24, 'General Exam', '2024-11-15', '09:00:00', '2024-12-15', '17:00:00', 'An exam to test the fundamental concepts covered in this module.', 'Exam', 0.00, NULL, 1, TRUE),
  (24, 'Final Exam', '2024-11-20', '10:00:00', '2024-12-20', '14:00:00', 'A final exam covering all the material presented during the course.', 'Exam', 10.00, NULL, 1, TRUE),
  (24, 'Coursework Project', '2024-9-10', '10:00:00', '2024-11-10', '16:00:00', 'A coursework project requiring research and practical application of the material learned.', 'Coursework', 30.00, NULL, 2, TRUE),
  (24, 'Essay', '2024-11-05', '09:00:00', '2024-12-05', '23:59:00', 'An essay to critically analyze specific theories covered in the module.', 'Essay', 10.00 NULL, 1, TRUE),
  (24, 'Research Essay', '2024-11-07', '10:00:00', '2024-12-07', '23:59:00', 'A research-based essay where students need to analyze key topics in depth.', 'Essay', 0.00, NULL, 1, TRUE),
  (24, 'Supervised Work Session 1', '2024-11-10', '13:00:00', '2024-11-10', '16:00:00', 'A supervised work session to assist with the ongoing coursework or project development.', 'Supervised work session', 0.00, NULL, 1, TRUE),
  (24, 'Supervised Work Session 2', '2024-11-12', '14:00:00', '2024-11-12', '17:00:00', 'A follow-up supervised session for additional support on the project work.', 'Supervised work session', 0.00, NULL, 1, TRUE),
  (24, 'Oral Presentation', '2024-11-15', '09:00:00', '2024-11-15', '12:00:00', 'A presentation summarising the key points of the research conducted during the course.', 'Presentation', 0.00, NULL, 1, TRUE),
  (24, 'Final Presentation', '2024-11-18', '11:00:00', '2024-11-18', '14:00:00', 'The final presentation covering the complete research and findings for the module.', 'Presentation', 50.00, NULL, 1, TRUE),
  (25, 'General Exam', '2024-11-15', '09:00:00', '2024-12-15', '17:00:00', 'An exam to test the fundamental concepts covered in this module.', 'Exam', 0.00, NULL, 1, TRUE),
  (25, 'Final Exam', '2024-11-20', '10:00:00', '2024-12-20', '14:00:00', 'A final exam covering all the material presented during the course.', 'Exam', 50.00, NULL, 1, TRUE),
  (25, 'Coursework Project', '2024-9-10', '10:00:00', '2024-11-10', '16:00:00', 'A coursework project requiring research and practical application of the material learned.', 'Coursework', 10.00, NULL, 2, TRUE),
  (25, 'Essay', '2024-11-05', '09:00:00', '2024-12-05', '23:59:00', 'An essay to critically analyze specific theories covered in the module.', 'Essay', 30.00 NULL, 1, TRUE),
  (25, 'Research Essay', '2024-11-07', '10:00:00', '2024-12-07', '23:59:00', 'A research-based essay where students need to analyze key topics in depth.', 'Essay', 0.00, NULL, 1, TRUE),
  (25, 'Supervised Work Session 1', '2024-11-10', '13:00:00', '2024-11-10', '16:00:00', 'A supervised work session to assist with the ongoing coursework or project development.', 'Supervised work session', 0.00, NULL, 1, TRUE),
  (25, 'Supervised Work Session 2', '2024-11-12', '14:00:00', '2024-11-12', '17:00:00', 'A follow-up supervised session for additional support on the project work.', 'Supervised work session', 0.00, NULL, 1, TRUE),
  (25, 'Oral Presentation', '2024-11-15', '09:00:00', '2024-11-15', '12:00:00', 'A presentation summarising the key points of the research conducted during the course.', 'Presentation', 0.00, NULL, 1, TRUE),
  (25, 'Final Presentation', '2024-11-18', '11:00:00', '2024-11-18', '14:00:00', 'The final presentation covering the complete research and findings for the module.', 'Presentation', 10.00, NULL, 1, TRUE),
  (26, 'General Exam', '2024-11-15', '09:00:00', '2024-12-15', '17:00:00', 'An exam to test the fundamental concepts covered in this module.', 'Exam', 0.00, NULL, 1, TRUE),
  (26, 'Final Exam', '2024-11-20', '10:00:00', '2024-12-20', '14:00:00', 'A final exam covering all the material presented during the course.', 'Exam', 50.00, NULL, 1, TRUE),
  (26, 'Coursework Project', '2024-9-10', '10:00:00', '2024-11-10', '16:00:00', 'A coursework project requiring research and practical application of the material learned.', 'Coursework', 10.00, NULL, 2, TRUE),
  (26, 'Essay', '2024-11-05', '09:00:00', '2024-12-05', '23:59:00', 'An essay to critically analyze specific theories covered in the module.', 'Essay', 30.00 NULL, 1, TRUE),
  (26, 'Research Essay', '2024-11-07', '10:00:00', '2024-12-07', '23:59:00', 'A research-based essay where students need to analyze key topics in depth.', 'Essay', 0.00, NULL, 1, TRUE),
  (26, 'Supervised Work Session 1', '2024-11-10', '13:00:00', '2024-11-10', '16:00:00', 'A supervised work session to assist with the ongoing coursework or project development.', 'Supervised work session', 0.00, NULL, 1, TRUE),
  (26, 'Supervised Work Session 2', '2024-11-12', '14:00:00', '2024-11-12', '17:00:00', 'A follow-up supervised session for additional support on the project work.', 'Supervised work session', 0.00, NULL, 1, TRUE),
  (26, 'Oral Presentation', '2024-11-15', '09:00:00', '2024-11-15', '12:00:00', 'A presentation summarising the key points of the research conducted during the course.', 'Presentation', 0.00, NULL, 1, TRUE),
  (26, 'Final Presentation', '2024-11-18', '11:00:00', '2024-11-18', '14:00:00', 'The final presentation covering the complete research and findings for the module.', 'Presentation', 10.00, NULL, 1, TRUE),
  (27, 'General Exam', '2024-11-15', '09:00:00', '2024-12-15', '17:00:00', 'An exam to test the fundamental concepts covered in this module.', 'Exam', 0.00, NULL, 1, TRUE),
  (27, 'Final Exam', '2024-11-20', '10:00:00', '2024-12-20', '14:00:00', 'A final exam covering all the material presented during the course.', 'Exam', 10.00, NULL, 1, TRUE),
  (27, 'Coursework Project', '2024-9-10', '10:00:00', '2024-11-10', '16:00:00', 'A coursework project requiring research and practical application of the material learned.', 'Coursework', 10.00, NULL, 2, TRUE),
  (27, 'Essay', '2024-11-05', '09:00:00', '2024-12-05', '23:59:00', 'An essay to critically analyze specific theories covered in the module.', 'Essay', 50.00 NULL, 1, TRUE),
  (27, 'Research Essay', '2024-11-07', '10:00:00', '2024-12-07', '23:59:00', 'A research-based essay where students need to analyze key topics in depth.', 'Essay', 0.00, NULL, 1, TRUE),
  (27, 'Supervised Work Session 1', '2024-11-10', '13:00:00', '2024-11-10', '16:00:00', 'A supervised work session to assist with the ongoing coursework or project development.', 'Supervised work session', 0.00, NULL, 1, TRUE),
  (27, 'Supervised Work Session 2', '2024-11-12', '14:00:00', '2024-11-12', '17:00:00', 'A follow-up supervised session for additional support on the project work.', 'Supervised work session', 0.00, NULL, 1, TRUE),
  (27, 'Oral Presentation', '2024-11-15', '09:00:00', '2024-11-15', '12:00:00', 'A presentation summarising the key points of the research conducted during the course.', 'Presentation', 0.00, NULL, 1, TRUE),
  (27, 'Final Presentation', '2024-11-18', '11:00:00', '2024-11-18', '14:00:00', 'The final presentation covering the complete research and findings for the module.', 'Presentation', 30.00, NULL, 1, TRUE),
  (28, 'General Exam', '2024-11-15', '09:00:00', '2024-12-15', '17:00:00', 'An exam to test the fundamental concepts covered in this module.', 'Exam', 0.00, NULL, 1, TRUE),
  (28, 'Final Exam', '2024-11-20', '10:00:00', '2024-12-20', '14:00:00', 'A final exam covering all the material presented during the course.', 'Exam', 30.00, NULL, 1, TRUE),
  (28, 'Coursework Project', '2024-9-10', '10:00:00', '2024-11-10', '16:00:00', 'A coursework project requiring research and practical application of the material learned.', 'Coursework', 50.00, NULL, 2, TRUE),
  (28, 'Essay', '2024-11-05', '09:00:00', '2024-12-05', '23:59:00', 'An essay to critically analyze specific theories covered in the module.', 'Essay', 10.00 NULL, 1, TRUE),
  (28, 'Research Essay', '2024-11-07', '10:00:00', '2024-12-07', '23:59:00', 'A research-based essay where students need to analyze key topics in depth.', 'Essay', 0.00, NULL, 1, TRUE),
  (28, 'Supervised Work Session 1', '2024-11-10', '13:00:00', '2024-11-10', '16:00:00', 'A supervised work session to assist with the ongoing coursework or project development.', 'Supervised work session', 0.00, NULL, 1, TRUE),
  (28, 'Supervised Work Session 2', '2024-11-12', '14:00:00', '2024-11-12', '17:00:00', 'A follow-up supervised session for additional support on the project work.', 'Supervised work session', 0.00, NULL, 1, TRUE),
  (28, 'Oral Presentation', '2024-11-15', '09:00:00', '2024-11-15', '12:00:00', 'A presentation summarising the key points of the research conducted during the course.', 'Presentation', 0.00, NULL, 1, TRUE),
  (28, 'Final Presentation', '2024-11-18', '11:00:00', '2024-11-18', '14:00:00', 'The final presentation covering the complete research and findings for the module.', 'Presentation', 10.00, NULL, 1, TRUE),
  (29, 'General Exam', '2024-11-15', '09:00:00', '2024-12-15', '17:00:00', 'An exam to test the fundamental concepts covered in this module.', 'Exam', 0.00, NULL, 1, TRUE),
  (29, 'Final Exam', '2024-11-20', '10:00:00', '2024-12-20', '14:00:00', 'A final exam covering all the material presented during the course.', 'Exam', 50.00, NULL, 1, TRUE),
  (29, 'Coursework Project', '2024-9-10', '10:00:00', '2024-11-10', '16:00:00', 'A coursework project requiring research and practical application of the material learned.', 'Coursework', 30.00, NULL, 2, TRUE),
  (29, 'Essay', '2024-11-05', '09:00:00', '2024-12-05', '23:59:00', 'An essay to critically analyze specific theories covered in the module.', 'Essay', 10.00 NULL, 1, TRUE),
  (29, 'Research Essay', '2024-11-07', '10:00:00', '2024-12-07', '23:59:00', 'A research-based essay where students need to analyze key topics in depth.', 'Essay', 0.00, NULL, 1, TRUE),
  (29, 'Supervised Work Session 1', '2024-11-10', '13:00:00', '2024-11-10', '16:00:00', 'A supervised work session to assist with the ongoing coursework or project development.', 'Supervised work session', 0.00, NULL, 1, TRUE),
  (29, 'Supervised Work Session 2', '2024-11-12', '14:00:00', '2024-11-12', '17:00:00', 'A follow-up supervised session for additional support on the project work.', 'Supervised work session', 0.00, NULL, 1, TRUE),
  (29, 'Oral Presentation', '2024-11-15', '09:00:00', '2024-11-15', '12:00:00', 'A presentation summarising the key points of the research conducted during the course.', 'Presentation', 0.00, NULL, 1, TRUE),
  (29, 'Final Presentation', '2024-11-18', '11:00:00', '2024-11-18', '14:00:00', 'The final presentation covering the complete research and findings for the module.', 'Presentation', 10.00, NULL, 1, TRUE),
  (30, 'General Exam', '2024-11-15', '09:00:00', '2024-12-15', '17:00:00', 'An exam to test the fundamental concepts covered in this module.', 'Exam', 0.00, NULL, 1, TRUE),
  (30, 'Final Exam', '2024-11-20', '10:00:00', '2024-12-20', '14:00:00', 'A final exam covering all the material presented during the course.', 'Exam', 30.00, NULL, 1, TRUE),
  (30, 'Coursework Project', '2024-9-10', '10:00:00', '2024-11-10', '16:00:00', 'A coursework project requiring research and practical application of the material learned.', 'Coursework', 10.00, NULL, 2, TRUE),
  (30, 'Essay', '2024-11-05', '09:00:00', '2024-12-05', '23:59:00', 'An essay to critically analyze specific theories covered in the module.', 'Essay', 10.00 NULL, 1, TRUE),
  (30, 'Research Essay', '2024-11-07', '10:00:00', '2024-12-07', '23:59:00', 'A research-based essay where students need to analyze key topics in depth.', 'Essay', 0.00, NULL, 1, TRUE),
  (30, 'Supervised Work Session 1', '2024-11-10', '13:00:00', '2024-11-10', '16:00:00', 'A supervised work session to assist with the ongoing coursework or project development.', 'Supervised work session', 0.00, NULL, 1, TRUE),
  (30, 'Supervised Work Session 2', '2024-11-12', '14:00:00', '2024-11-12', '17:00:00', 'A follow-up supervised session for additional support on the project work.', 'Supervised work session', 0.00, NULL, 1, TRUE),
  (30, 'Oral Presentation', '2024-11-15', '09:00:00', '2024-11-15', '12:00:00', 'A presentation summarising the key points of the research conducted during the course.', 'Presentation', 0.00, NULL, 1, TRUE),
  (30, 'Final Presentation', '2024-11-18', '11:00:00', '2024-11-18', '14:00:00', 'The final presentation covering the complete research and findings for the module.', 'Presentation', 50.00, NULL, 1, TRUE),
  (31, 'General Exam', '2024-11-15', '09:00:00', '2024-12-15', '17:00:00', 'An exam to test the fundamental concepts covered in this module.', 'Exam', 0.00, NULL, 1, TRUE),
  (31, 'Final Exam', '2024-11-20', '10:00:00', '2024-12-20', '14:00:00', 'A final exam covering all the material presented during the course.', 'Exam', 10.00, NULL, 1, TRUE),
  (31, 'Coursework Project', '2024-9-10', '10:00:00', '2024-11-10', '16:00:00', 'A coursework project requiring research and practical application of the material learned.', 'Coursework', 50.00, NULL, 2, TRUE),
  (31, 'Essay', '2024-11-05', '09:00:00', '2024-12-05', '23:59:00', 'An essay to critically analyze specific theories covered in the module.', 'Essay', 30.00 NULL, 1, TRUE),
  (31, 'Research Essay', '2024-11-07', '10:00:00', '2024-12-07', '23:59:00', 'A research-based essay where students need to analyze key topics in depth.', 'Essay', 0.00, NULL, 1, TRUE),
  (31, 'Supervised Work Session 1', '2024-11-10', '13:00:00', '2024-11-10', '16:00:00', 'A supervised work session to assist with the ongoing coursework or project development.', 'Supervised work session', 0.00, NULL, 1, TRUE),
  (31, 'Supervised Work Session 2', '2024-11-12', '14:00:00', '2024-11-12', '17:00:00', 'A follow-up supervised session for additional support on the project work.', 'Supervised work session', 0.00, NULL, 1, TRUE),
  (31, 'Oral Presentation', '2024-11-15', '09:00:00', '2024-11-15', '12:00:00', 'A presentation summarising the key points of the research conducted during the course.', 'Presentation', 0.00, NULL, 1, TRUE),
  (31, 'Final Presentation', '2024-11-18', '11:00:00', '2024-11-18', '14:00:00', 'The final presentation covering the complete research and findings for the module.', 'Presentation', 10.00, NULL, 1, TRUE),
  (32, 'General Exam', '2024-11-15', '09:00:00', '2024-12-15', '17:00:00', 'An exam to test the fundamental concepts covered in this module.', 'Exam', 0.00, NULL, 1, TRUE),
  (32, 'Final Exam', '2024-11-20', '10:00:00', '2024-12-20', '14:00:00', 'A final exam covering all the material presented during the course.', 'Exam', 30.00, NULL, 1, TRUE),
  (32, 'Coursework Project', '2024-9-10', '10:00:00', '2024-11-10', '16:00:00', 'A coursework project requiring research and practical application of the material learned.', 'Coursework', 10.00, NULL, 2, TRUE),
  (32, 'Essay', '2024-11-05', '09:00:00', '2024-12-05', '23:59:00', 'An essay to critically analyze specific theories covered in the module.', 'Essay', 50.00 NULL, 1, TRUE),
  (32, 'Research Essay', '2024-11-07', '10:00:00', '2024-12-07', '23:59:00', 'A research-based essay where students need to analyze key topics in depth.', 'Essay', 0.00, NULL, 1, TRUE),
  (32, 'Supervised Work Session 1', '2024-11-10', '13:00:00', '2024-11-10', '16:00:00', 'A supervised work session to assist with the ongoing coursework or project development.', 'Supervised work session', 0.00, NULL, 1, TRUE),
  (32, 'Supervised Work Session 2', '2024-11-12', '14:00:00', '2024-11-12', '17:00:00', 'A follow-up supervised session for additional support on the project work.', 'Supervised work session', 0.00, NULL, 1, TRUE),
  (32, 'Oral Presentation', '2024-11-15', '09:00:00', '2024-11-15', '12:00:00', 'A presentation summarising the key points of the research conducted during the course.', 'Presentation', 0.00, NULL, 1, TRUE),
  (32, 'Final Presentation', '2024-11-18', '11:00:00', '2024-11-18', '14:00:00', 'The final presentation covering the complete research and findings for the module.', 'Presentation', 10.00, NULL, 1, TRUE),
  (33, 'General Exam', '2024-11-15', '09:00:00', '2024-12-15', '17:00:00', 'An exam to test the fundamental concepts covered in this module.', 'Exam', 0.00, NULL, 1, TRUE),
  (33, 'Final Exam', '2024-11-20', '10:00:00', '2024-12-20', '14:00:00', 'A final exam covering all the material presented during the course.', 'Exam', 50.00, NULL, 1, TRUE),
  (33, 'Coursework Project', '2024-9-10', '10:00:00', '2024-11-10', '16:00:00', 'A coursework project requiring research and practical application of the material learned.', 'Coursework', 10.00, NULL, 2, TRUE),
  (33, 'Essay', '2024-11-05', '09:00:00', '2024-12-05', '23:59:00', 'An essay to critically analyze specific theories covered in the module.', 'Essay', 30.00 NULL, 1, TRUE),
  (33, 'Research Essay', '2024-11-07', '10:00:00', '2024-12-07', '23:59:00', 'A research-based essay where students need to analyze key topics in depth.', 'Essay', 0.00, NULL, 1, TRUE),
  (33, 'Supervised Work Session 1', '2024-11-10', '13:00:00', '2024-11-10', '16:00:00', 'A supervised work session to assist with the ongoing coursework or project development.', 'Supervised work session', 0.00, NULL, 1, TRUE),
  (33, 'Supervised Work Session 2', '2024-11-12', '14:00:00', '2024-11-12', '17:00:00', 'A follow-up supervised session for additional support on the project work.', 'Supervised work session', 0.00, NULL, 1, TRUE),
  (33, 'Oral Presentation', '2024-11-15', '09:00:00', '2024-11-15', '12:00:00', 'A presentation summarising the key points of the research conducted during the course.', 'Presentation', 0.00, NULL, 1, TRUE),
  (33, 'Final Presentation', '2024-11-18', '11:00:00', '2024-11-18', '14:00:00', 'The final presentation covering the complete research and findings for the module.', 'Presentation', 10.00, NULL, 1, TRUE),
  (34, 'General Exam', '2024-11-15', '09:00:00', '2024-12-15', '17:00:00', 'An exam to test the fundamental concepts covered in this module.', 'Exam', 0.00, NULL, 1, TRUE),
  (34, 'Final Exam', '2024-11-20', '10:00:00', '2024-12-20', '14:00:00', 'A final exam covering all the material presented during the course.', 'Exam', 10.00, NULL, 1, TRUE),
  (34, 'Coursework Project', '2024-9-10', '10:00:00', '2024-11-10', '16:00:00', 'A coursework project requiring research and practical application of the material learned.', 'Coursework', 10.00, NULL, 2, TRUE),
  (34, 'Essay', '2024-11-05', '09:00:00', '2024-12-05', '23:59:00', 'An essay to critically analyze specific theories covered in the module.', 'Essay', 30.00 NULL, 1, TRUE),
  (34, 'Research Essay', '2024-11-07', '10:00:00', '2024-12-07', '23:59:00', 'A research-based essay where students need to analyze key topics in depth.', 'Essay', 0.00, NULL, 1, TRUE),
  (34, 'Supervised Work Session 1', '2024-11-10', '13:00:00', '2024-11-10', '16:00:00', 'A supervised work session to assist with the ongoing coursework or project development.', 'Supervised work session', 0.00, NULL, 1, TRUE),
  (34, 'Supervised Work Session 2', '2024-11-12', '14:00:00', '2024-11-12', '17:00:00', 'A follow-up supervised session for additional support on the project work.', 'Supervised work session', 0.00, NULL, 1, TRUE),
  (34, 'Oral Presentation', '2024-11-15', '09:00:00', '2024-11-15', '12:00:00', 'A presentation summarising the key points of the research conducted during the course.', 'Presentation', 0.00, NULL, 1, TRUE),
  (34, 'Final Presentation', '2024-11-18', '11:00:00', '2024-11-18', '14:00:00', 'The final presentation covering the complete research and findings for the module.', 'Presentation', 50.00, NULL, 1, TRUE),
  (35, 'General Exam', '2024-11-15', '09:00:00', '2024-12-15', '17:00:00', 'An exam to test the fundamental concepts covered in this module.', 'Exam', 0.00, NULL, 1, TRUE),
  (35, 'Final Exam', '2024-11-20', '10:00:00', '2024-12-20', '14:00:00', 'A final exam covering all the material presented during the course.', 'Exam', 30.00, NULL, 1, TRUE),
  (35, 'Coursework Project', '2024-9-10', '10:00:00', '2024-11-10', '16:00:00', 'A coursework project requiring research and practical application of the material learned.', 'Coursework', 10.00, NULL, 2, TRUE),
  (35, 'Essay', '2024-11-05', '09:00:00', '2024-12-05', '23:59:00', 'An essay to critically analyze specific theories covered in the module.', 'Essay', 50.00 NULL, 1, TRUE),
  (35, 'Research Essay', '2024-11-07', '10:00:00', '2024-12-07', '23:59:00', 'A research-based essay where students need to analyze key topics in depth.', 'Essay', 0.00, NULL, 1, TRUE),
  (35, 'Supervised Work Session 1', '2024-11-10', '13:00:00', '2024-11-10', '16:00:00', 'A supervised work session to assist with the ongoing coursework or project development.', 'Supervised work session', 0.00, NULL, 1, TRUE),
  (35, 'Supervised Work Session 2', '2024-11-12', '14:00:00', '2024-11-12', '17:00:00', 'A follow-up supervised session for additional support on the project work.', 'Supervised work session', 0.00, NULL, 1, TRUE),
  (35, 'Oral Presentation', '2024-11-15', '09:00:00', '2024-11-15', '12:00:00', 'A presentation summarising the key points of the research conducted during the course.', 'Presentation', 0.00, NULL, 1, TRUE),
  (35, 'Final Presentation', '2024-11-18', '11:00:00', '2024-11-18', '14:00:00', 'The final presentation covering the complete research and findings for the module.', 'Presentation', 10.00, NULL, 1, TRUE),
  (36, 'General Exam', '2024-11-15', '09:00:00', '2024-12-15', '17:00:00', 'An exam to test the fundamental concepts covered in this module.', 'Exam', 0.00, NULL, 1, TRUE),
  (36, 'Final Exam', '2024-11-20', '10:00:00', '2024-12-20', '14:00:00', 'A final exam covering all the material presented during the course.', 'Exam', 10.00, NULL, 1, TRUE),
  (36, 'Coursework Project', '2024-9-10', '10:00:00', '2024-11-10', '16:00:00', 'A coursework project requiring research and practical application of the material learned.', 'Coursework', 50.00, NULL, 2, TRUE),
  (36, 'Essay', '2024-11-05', '09:00:00', '2024-12-05', '23:59:00', 'An essay to critically analyze specific theories covered in the module.', 'Essay', 30.00 NULL, 1, TRUE),
  (36, 'Research Essay', '2024-11-07', '10:00:00', '2024-12-07', '23:59:00', 'A research-based essay where students need to analyze key topics in depth.', 'Essay', 0.00, NULL, 1, TRUE),
  (36, 'Supervised Work Session 1', '2024-11-10', '13:00:00', '2024-11-10', '16:00:00', 'A supervised work session to assist with the ongoing coursework or project development.', 'Supervised work session', 0.00, NULL, 1, TRUE),
  (36, 'Supervised Work Session 2', '2024-11-12', '14:00:00', '2024-11-12', '17:00:00', 'A follow-up supervised session for additional support on the project work.', 'Supervised work session', 0.00, NULL, 1, TRUE),
  (36, 'Oral Presentation', '2024-11-15', '09:00:00', '2024-11-15', '12:00:00', 'A presentation summarising the key points of the research conducted during the course.', 'Presentation', 0.00, NULL, 1, TRUE),
  (36, 'Final Presentation', '2024-11-18', '11:00:00', '2024-11-18', '14:00:00', 'The final presentation covering the complete research and findings for the module.', 'Presentation', 10.00, NULL, 1, TRUE),
  (37, 'General Exam', '2024-11-15', '09:00:00', '2024-12-15', '17:00:00', 'An exam to test the fundamental concepts covered in this module.', 'Exam', 0.00, NULL, 1, TRUE),
  (37, 'Final Exam', '2024-11-20', '10:00:00', '2024-12-20', '14:00:00', 'A final exam covering all the material presented during the course.', 'Exam', 10.00, NULL, 1, TRUE),
  (37, 'Coursework Project', '2024-9-10', '10:00:00', '2024-11-10', '16:00:00', 'A coursework project requiring research and practical application of the material learned.', 'Coursework', 10.00, NULL, 2, TRUE),
  (37, 'Essay', '2024-11-05', '09:00:00', '2024-12-05', '23:59:00', 'An essay to critically analyze specific theories covered in the module.', 'Essay', 50.00 NULL, 1, TRUE),
  (37, 'Research Essay', '2024-11-07', '10:00:00', '2024-12-07', '23:59:00', 'A research-based essay where students need to analyze key topics in depth.', 'Essay', 0.00, NULL, 1, TRUE),
  (37, 'Supervised Work Session 1', '2024-11-10', '13:00:00', '2024-11-10', '16:00:00', 'A supervised work session to assist with the ongoing coursework or project development.', 'Supervised work session', 0.00, NULL, 1, TRUE),
  (37, 'Supervised Work Session 2', '2024-11-12', '14:00:00', '2024-11-12', '17:00:00', 'A follow-up supervised session for additional support on the project work.', 'Supervised work session', 0.00, NULL, 1, TRUE),
  (37, 'Oral Presentation', '2024-11-15', '09:00:00', '2024-11-15', '12:00:00', 'A presentation summarising the key points of the research conducted during the course.', 'Presentation', 0.00, NULL, 1, TRUE),
  (37, 'Final Presentation', '2024-11-18', '11:00:00', '2024-11-18', '14:00:00', 'The final presentation covering the complete research and findings for the module.', 'Presentation', 30.00, NULL, 1, TRUE),
  (38, 'General Exam', '2024-11-15', '09:00:00', '2024-12-15', '17:00:00', 'An exam to test the fundamental concepts covered in this module.', 'Exam', 0.00, NULL, 1, TRUE),
  (38, 'Final Exam', '2024-11-20', '10:00:00', '2024-12-20', '14:00:00', 'A final exam covering all the material presented during the course.', 'Exam', 50.00, NULL, 1, TRUE),
  (38, 'Coursework Project', '2024-9-10', '10:00:00', '2024-11-10', '16:00:00', 'A coursework project requiring research and practical application of the material learned.', 'Coursework', 10.00, NULL, 2, TRUE),
  (38, 'Essay', '2024-11-05', '09:00:00', '2024-12-05', '23:59:00', 'An essay to critically analyze specific theories covered in the module.', 'Essay', 10.00 NULL, 1, TRUE),
  (38, 'Research Essay', '2024-11-07', '10:00:00', '2024-12-07', '23:59:00', 'A research-based essay where students need to analyze key topics in depth.', 'Essay', 0.00, NULL, 1, TRUE),
  (38, 'Supervised Work Session 1', '2024-11-10', '13:00:00', '2024-11-10', '16:00:00', 'A supervised work session to assist with the ongoing coursework or project development.', 'Supervised work session', 0.00, NULL, 1, TRUE),
  (38, 'Supervised Work Session 2', '2024-11-12', '14:00:00', '2024-11-12', '17:00:00', 'A follow-up supervised session for additional support on the project work.', 'Supervised work session', 0.00, NULL, 1, TRUE),
  (38, 'Oral Presentation', '2024-11-15', '09:00:00', '2024-11-15', '12:00:00', 'A presentation summarising the key points of the research conducted during the course.', 'Presentation', 0.00, NULL, 1, TRUE),
  (38, 'Final Presentation', '2024-11-18', '11:00:00', '2024-11-18', '14:00:00', 'The final presentation covering the complete research and findings for the module.', 'Presentation', 30.00, NULL, 1, TRUE),
  (39, 'General Exam', '2024-11-15', '09:00:00', '2024-12-15', '17:00:00', 'An exam to test the fundamental concepts covered in this module.', 'Exam', 0.00, NULL, 1, TRUE),
  (39, 'Final Exam', '2024-11-20', '10:00:00', '2024-12-20', '14:00:00', 'A final exam covering all the material presented during the course.', 'Exam', 50.00, NULL, 1, TRUE),
  (39, 'Coursework Project', '2024-9-10', '10:00:00', '2024-11-10', '16:00:00', 'A coursework project requiring research and practical application of the material learned.', 'Coursework', 30.00, NULL, 2, TRUE),
  (39, 'Essay', '2024-11-05', '09:00:00', '2024-12-05', '23:59:00', 'An essay to critically analyze specific theories covered in the module.', 'Essay', 10.00 NULL, 1, TRUE),
  (39, 'Research Essay', '2024-11-07', '10:00:00', '2024-12-07', '23:59:00', 'A research-based essay where students need to analyze key topics in depth.', 'Essay', 0.00, NULL, 1, TRUE),
  (39, 'Supervised Work Session 1', '2024-11-10', '13:00:00', '2024-11-10', '16:00:00', 'A supervised work session to assist with the ongoing coursework or project development.', 'Supervised work session', 0.00, NULL, 1, TRUE),
  (39, 'Supervised Work Session 2', '2024-11-12', '14:00:00', '2024-11-12', '17:00:00', 'A follow-up supervised session for additional support on the project work.', 'Supervised work session', 0.00, NULL, 1, TRUE),
  (39, 'Oral Presentation', '2024-11-15', '09:00:00', '2024-11-15', '12:00:00', 'A presentation summarising the key points of the research conducted during the course.', 'Presentation', 0.00, NULL, 1, TRUE),
  (39, 'Final Presentation', '2024-11-18', '11:00:00', '2024-11-18', '14:00:00', 'The final presentation covering the complete research and findings for the module.', 'Presentation', 10.00, NULL, 1, TRUE),
  (40, 'General Exam', '2024-11-15', '09:00:00', '2024-12-15', '17:00:00', 'An exam to test the fundamental concepts covered in this module.', 'Exam', 0.00, NULL, 1, TRUE),
  (40, 'Final Exam', '2024-11-20', '10:00:00', '2024-12-20', '14:00:00', 'A final exam covering all the material presented during the course.', 'Exam', 10.00, NULL, 1, TRUE),
  (40, 'Coursework Project', '2024-9-10', '10:00:00', '2024-11-10', '16:00:00', 'A coursework project requiring research and practical application of the material learned.', 'Coursework', 30.00, NULL, 2, TRUE),
  (40, 'Essay', '2024-11-05', '09:00:00', '2024-12-05', '23:59:00', 'An essay to critically analyze specific theories covered in the module.', 'Essay', 50.00 NULL, 1, TRUE),
  (40, 'Research Essay', '2024-11-07', '10:00:00', '2024-12-07', '23:59:00', 'A research-based essay where students need to analyze key topics in depth.', 'Essay', 0.00, NULL, 1, TRUE),
  (40, 'Supervised Work Session 1', '2024-11-10', '13:00:00', '2024-11-10', '16:00:00', 'A supervised work session to assist with the ongoing coursework or project development.', 'Supervised work session', 0.00, NULL, 1, TRUE),
  (40, 'Supervised Work Session 2', '2024-11-12', '14:00:00', '2024-11-12', '17:00:00', 'A follow-up supervised session for additional support on the project work.', 'Supervised work session', 0.00, NULL, 1, TRUE),
  (40, 'Oral Presentation', '2024-11-15', '09:00:00', '2024-11-15', '12:00:00', 'A presentation summarising the key points of the research conducted during the course.', 'Presentation', 0.00, NULL, 1, TRUE),
  (40, 'Final Presentation', '2024-11-18', '11:00:00', '2024-11-18', '14:00:00', 'The final presentation covering the complete research and findings for the module.', 'Presentation', 10.00, NULL, 1, TRUE),
  (41, 'General Exam', '2024-11-15', '09:00:00', '2024-12-15', '17:00:00', 'An exam to test the fundamental concepts covered in this module.', 'Exam', 0.00, NULL, 1, TRUE),
  (41, 'Final Exam', '2024-11-20', '10:00:00', '2024-12-20', '14:00:00', 'A final exam covering all the material presented during the course.', 'Exam', 10.00, NULL, 1, TRUE),
  (41, 'Coursework Project', '2024-9-10', '10:00:00', '2024-11-10', '16:00:00', 'A coursework project requiring research and practical application of the material learned.', 'Coursework', 10.00, NULL, 2, TRUE),
  (41, 'Essay', '2024-11-05', '09:00:00', '2024-12-05', '23:59:00', 'An essay to critically analyze specific theories covered in the module.', 'Essay', 50.00 NULL, 1, TRUE),
  (41, 'Research Essay', '2024-11-07', '10:00:00', '2024-12-07', '23:59:00', 'A research-based essay where students need to analyze key topics in depth.', 'Essay', 0.00, NULL, 1, TRUE),
  (41, 'Supervised Work Session 1', '2024-11-10', '13:00:00', '2024-11-10', '16:00:00', 'A supervised work session to assist with the ongoing coursework or project development.', 'Supervised work session', 0.00, NULL, 1, TRUE),
  (41, 'Supervised Work Session 2', '2024-11-12', '14:00:00', '2024-11-12', '17:00:00', 'A follow-up supervised session for additional support on the project work.', 'Supervised work session', 0.00, NULL, 1, TRUE),
  (41, 'Oral Presentation', '2024-11-15', '09:00:00', '2024-11-15', '12:00:00', 'A presentation summarising the key points of the research conducted during the course.', 'Presentation', 0.00, NULL, 1, TRUE),
  (41, 'Final Presentation', '2024-11-18', '11:00:00', '2024-11-18', '14:00:00', 'The final presentation covering the complete research and findings for the module.', 'Presentation', 30.00, NULL, 1, TRUE),
  (42, 'General Exam', '2024-11-15', '09:00:00', '2024-12-15', '17:00:00', 'An exam to test the fundamental concepts covered in this module.', 'Exam', 0.00, NULL, 1, TRUE),
  (42, 'Final Exam', '2024-11-20', '10:00:00', '2024-12-20', '14:00:00', 'A final exam covering all the material presented during the course.', 'Exam', 10.00, NULL, 1, TRUE),
  (42, 'Coursework Project', '2024-9-10', '10:00:00', '2024-11-10', '16:00:00', 'A coursework project requiring research and practical application of the material learned.', 'Coursework', 50.00, NULL, 2, TRUE),
  (42, 'Essay', '2024-11-05', '09:00:00', '2024-12-05', '23:59:00', 'An essay to critically analyze specific theories covered in the module.', 'Essay', 30.00 NULL, 1, TRUE),
  (42, 'Research Essay', '2024-11-07', '10:00:00', '2024-12-07', '23:59:00', 'A research-based essay where students need to analyze key topics in depth.', 'Essay', 0.00, NULL, 1, TRUE),
  (42, 'Supervised Work Session 1', '2024-11-10', '13:00:00', '2024-11-10', '16:00:00', 'A supervised work session to assist with the ongoing coursework or project development.', 'Supervised work session', 0.00, NULL, 1, TRUE),
  (42, 'Supervised Work Session 2', '2024-11-12', '14:00:00', '2024-11-12', '17:00:00', 'A follow-up supervised session for additional support on the project work.', 'Supervised work session', 0.00, NULL, 1, TRUE),
  (42, 'Oral Presentation', '2024-11-15', '09:00:00', '2024-11-15', '12:00:00', 'A presentation summarising the key points of the research conducted during the course.', 'Presentation', 0.00, NULL, 1, TRUE),
  (42, 'Final Presentation', '2024-11-18', '11:00:00', '2024-11-18', '14:00:00', 'The final presentation covering the complete research and findings for the module.', 'Presentation', 10.00, NULL, 1, TRUE),
  (43, 'General Exam', '2024-11-15', '09:00:00', '2024-12-15', '17:00:00', 'An exam to test the fundamental concepts covered in this module.', 'Exam', 0.00, NULL, 1, TRUE),
  (43, 'Final Exam', '2024-11-20', '10:00:00', '2024-12-20', '14:00:00', 'A final exam covering all the material presented during the course.', 'Exam', 10.00, NULL, 1, TRUE),
  (43, 'Coursework Project', '2024-9-10', '10:00:00', '2024-11-10', '16:00:00', 'A coursework project requiring research and practical application of the material learned.', 'Coursework', 50.00, NULL, 2, TRUE),
  (43, 'Essay', '2024-11-05', '09:00:00', '2024-12-05', '23:59:00', 'An essay to critically analyze specific theories covered in the module.', 'Essay', 10.00 NULL, 1, TRUE),
  (43, 'Research Essay', '2024-11-07', '10:00:00', '2024-12-07', '23:59:00', 'A research-based essay where students need to analyze key topics in depth.', 'Essay', 0.00, NULL, 1, TRUE),
  (43, 'Supervised Work Session 1', '2024-11-10', '13:00:00', '2024-11-10', '16:00:00', 'A supervised work session to assist with the ongoing coursework or project development.', 'Supervised work session', 0.00, NULL, 1, TRUE),
  (43, 'Supervised Work Session 2', '2024-11-12', '14:00:00', '2024-11-12', '17:00:00', 'A follow-up supervised session for additional support on the project work.', 'Supervised work session', 0.00, NULL, 1, TRUE),
  (43, 'Oral Presentation', '2024-11-15', '09:00:00', '2024-11-15', '12:00:00', 'A presentation summarising the key points of the research conducted during the course.', 'Presentation', 0.00, NULL, 1, TRUE),
  (43, 'Final Presentation', '2024-11-18', '11:00:00', '2024-11-18', '14:00:00', 'The final presentation covering the complete research and findings for the module.', 'Presentation', 30.00, NULL, 1, TRUE),
  (44, 'General Exam', '2024-11-15', '09:00:00', '2024-12-15', '17:00:00', 'An exam to test the fundamental concepts covered in this module.', 'Exam', 0.00, NULL, 1, TRUE),
  (44, 'Final Exam', '2024-11-20', '10:00:00', '2024-12-20', '14:00:00', 'A final exam covering all the material presented during the course.', 'Exam', 10.00, NULL, 1, TRUE),
  (44, 'Coursework Project', '2024-9-10', '10:00:00', '2024-11-10', '16:00:00', 'A coursework project requiring research and practical application of the material learned.', 'Coursework', 30.00, NULL, 2, TRUE),
  (44, 'Essay', '2024-11-05', '09:00:00', '2024-12-05', '23:59:00', 'An essay to critically analyze specific theories covered in the module.', 'Essay', 50.00 NULL, 1, TRUE),
  (44, 'Research Essay', '2024-11-07', '10:00:00', '2024-12-07', '23:59:00', 'A research-based essay where students need to analyze key topics in depth.', 'Essay', 0.00, NULL, 1, TRUE),
  (44, 'Supervised Work Session 1', '2024-11-10', '13:00:00', '2024-11-10', '16:00:00', 'A supervised work session to assist with the ongoing coursework or project development.', 'Supervised work session', 0.00, NULL, 1, TRUE),
  (44, 'Supervised Work Session 2', '2024-11-12', '14:00:00', '2024-11-12', '17:00:00', 'A follow-up supervised session for additional support on the project work.', 'Supervised work session', 0.00, NULL, 1, TRUE),
  (44, 'Oral Presentation', '2024-11-15', '09:00:00', '2024-11-15', '12:00:00', 'A presentation summarising the key points of the research conducted during the course.', 'Presentation', 0.00, NULL, 1, TRUE),
  (44, 'Final Presentation', '2024-11-18', '11:00:00', '2024-11-18', '14:00:00', 'The final presentation covering the complete research and findings for the module.', 'Presentation', 10.00, NULL, 1, TRUE),
  (45, 'General Exam', '2024-11-15', '09:00:00', '2024-12-15', '17:00:00', 'An exam to test the fundamental concepts covered in this module.', 'Exam', 0.00, NULL, 1, TRUE),
  (45, 'Final Exam', '2024-11-20', '10:00:00', '2024-12-20', '14:00:00', 'A final exam covering all the material presented during the course.', 'Exam', 10.00, NULL, 1, TRUE),
  (45, 'Coursework Project', '2024-9-10', '10:00:00', '2024-11-10', '16:00:00', 'A coursework project requiring research and practical application of the material learned.', 'Coursework', 30.00, NULL, 2, TRUE),
  (45, 'Essay', '2024-11-05', '09:00:00', '2024-12-05', '23:59:00', 'An essay to critically analyze specific theories covered in the module.', 'Essay', 10.00 NULL, 1, TRUE),
  (45, 'Research Essay', '2024-11-07', '10:00:00', '2024-12-07', '23:59:00', 'A research-based essay where students need to analyze key topics in depth.', 'Essay', 0.00, NULL, 1, TRUE),
  (45, 'Supervised Work Session 1', '2024-11-10', '13:00:00', '2024-11-10', '16:00:00', 'A supervised work session to assist with the ongoing coursework or project development.', 'Supervised work session', 0.00, NULL, 1, TRUE),
  (45, 'Supervised Work Session 2', '2024-11-12', '14:00:00', '2024-11-12', '17:00:00', 'A follow-up supervised session for additional support on the project work.', 'Supervised work session', 0.00, NULL, 1, TRUE),
  (45, 'Oral Presentation', '2024-11-15', '09:00:00', '2024-11-15', '12:00:00', 'A presentation summarising the key points of the research conducted during the course.', 'Presentation', 0.00, NULL, 1, TRUE),
  (45, 'Final Presentation', '2024-11-18', '11:00:00', '2024-11-18', '14:00:00', 'The final presentation covering the complete research and findings for the module.', 'Presentation', 50.00, NULL, 1, TRUE),
  (46, 'General Exam', '2024-11-15', '09:00:00', '2024-12-15', '17:00:00', 'An exam to test the fundamental concepts covered in this module.', 'Exam', 0.00, NULL, 1, TRUE),
  (46, 'Final Exam', '2024-11-20', '10:00:00', '2024-12-20', '14:00:00', 'A final exam covering all the material presented during the course.', 'Exam', 50.00, NULL, 1, TRUE),
  (46, 'Coursework Project', '2024-9-10', '10:00:00', '2024-11-10', '16:00:00', 'A coursework project requiring research and practical application of the material learned.', 'Coursework', 30.00, NULL, 2, TRUE),
  (46, 'Essay', '2024-11-05', '09:00:00', '2024-12-05', '23:59:00', 'An essay to critically analyze specific theories covered in the module.', 'Essay', 10.00 NULL, 1, TRUE),
  (46, 'Research Essay', '2024-11-07', '10:00:00', '2024-12-07', '23:59:00', 'A research-based essay where students need to analyze key topics in depth.', 'Essay', 0.00, NULL, 1, TRUE),
  (46, 'Supervised Work Session 1', '2024-11-10', '13:00:00', '2024-11-10', '16:00:00', 'A supervised work session to assist with the ongoing coursework or project development.', 'Supervised work session', 0.00, NULL, 1, TRUE),
  (46, 'Supervised Work Session 2', '2024-11-12', '14:00:00', '2024-11-12', '17:00:00', 'A follow-up supervised session for additional support on the project work.', 'Supervised work session', 0.00, NULL, 1, TRUE),
  (46, 'Oral Presentation', '2024-11-15', '09:00:00', '2024-11-15', '12:00:00', 'A presentation summarising the key points of the research conducted during the course.', 'Presentation', 0.00, NULL, 1, TRUE),
  (46, 'Final Presentation', '2024-11-18', '11:00:00', '2024-11-18', '14:00:00', 'The final presentation covering the complete research and findings for the module.', 'Presentation', 10.00, NULL, 1, TRUE),
  (47, 'General Exam', '2024-11-15', '09:00:00', '2024-12-15', '17:00:00', 'An exam to test the fundamental concepts covered in this module.', 'Exam', 0.00, NULL, 1, TRUE),
  (47, 'Final Exam', '2024-11-20', '10:00:00', '2024-12-20', '14:00:00', 'A final exam covering all the material presented during the course.', 'Exam', 10.00, NULL, 1, TRUE),
  (47, 'Coursework Project', '2024-9-10', '10:00:00', '2024-11-10', '16:00:00', 'A coursework project requiring research and practical application of the material learned.', 'Coursework', 10.00, NULL, 2, TRUE),
  (47, 'Essay', '2024-11-05', '09:00:00', '2024-12-05', '23:59:00', 'An essay to critically analyze specific theories covered in the module.', 'Essay', 30.00 NULL, 1, TRUE),
  (47, 'Research Essay', '2024-11-07', '10:00:00', '2024-12-07', '23:59:00', 'A research-based essay where students need to analyze key topics in depth.', 'Essay', 0.00, NULL, 1, TRUE),
  (47, 'Supervised Work Session 1', '2024-11-10', '13:00:00', '2024-11-10', '16:00:00', 'A supervised work session to assist with the ongoing coursework or project development.', 'Supervised work session', 0.00, NULL, 1, TRUE),
  (47, 'Supervised Work Session 2', '2024-11-12', '14:00:00', '2024-11-12', '17:00:00', 'A follow-up supervised session for additional support on the project work.', 'Supervised work session', 0.00, NULL, 1, TRUE),
  (47, 'Oral Presentation', '2024-11-15', '09:00:00', '2024-11-15', '12:00:00', 'A presentation summarising the key points of the research conducted during the course.', 'Presentation', 0.00, NULL, 1, TRUE),
  (47, 'Final Presentation', '2024-11-18', '11:00:00', '2024-11-18', '14:00:00', 'The final presentation covering the complete research and findings for the module.', 'Presentation', 50.00, NULL, 1, TRUE),
  (48, 'General Exam', '2024-11-15', '09:00:00', '2024-12-15', '17:00:00', 'An exam to test the fundamental concepts covered in this module.', 'Exam', 0.00, NULL, 1, TRUE),
  (48, 'Final Exam', '2024-11-20', '10:00:00', '2024-12-20', '14:00:00', 'A final exam covering all the material presented during the course.', 'Exam', 30.00, NULL, 1, TRUE),
  (48, 'Coursework Project', '2024-9-10', '10:00:00', '2024-11-10', '16:00:00', 'A coursework project requiring research and practical application of the material learned.', 'Coursework', 10.00, NULL, 2, TRUE),
  (48, 'Essay', '2024-11-05', '09:00:00', '2024-12-05', '23:59:00', 'An essay to critically analyze specific theories covered in the module.', 'Essay', 10.00 NULL, 1, TRUE),
  (48, 'Research Essay', '2024-11-07', '10:00:00', '2024-12-07', '23:59:00', 'A research-based essay where students need to analyze key topics in depth.', 'Essay', 0.00, NULL, 1, TRUE),
  (48, 'Supervised Work Session 1', '2024-11-10', '13:00:00', '2024-11-10', '16:00:00', 'A supervised work session to assist with the ongoing coursework or project development.', 'Supervised work session', 0.00, NULL, 1, TRUE),
  (48, 'Supervised Work Session 2', '2024-11-12', '14:00:00', '2024-11-12', '17:00:00', 'A follow-up supervised session for additional support on the project work.', 'Supervised work session', 0.00, NULL, 1, TRUE),
  (48, 'Oral Presentation', '2024-11-15', '09:00:00', '2024-11-15', '12:00:00', 'A presentation summarising the key points of the research conducted during the course.', 'Presentation', 0.00, NULL, 1, TRUE),
  (48, 'Final Presentation', '2024-11-18', '11:00:00', '2024-11-18', '14:00:00', 'The final presentation covering the complete research and findings for the module.', 'Presentation', 50.00, NULL, 1, TRUE),
  (49, 'General Exam', '2024-11-15', '09:00:00', '2024-12-15', '17:00:00', 'An exam to test the fundamental concepts covered in this module.', 'Exam', 0.00, NULL, 1, TRUE),
  (49, 'Final Exam', '2024-11-20', '10:00:00', '2024-12-20', '14:00:00', 'A final exam covering all the material presented during the course.', 'Exam', 30.00, NULL, 1, TRUE),
  (49, 'Coursework Project', '2024-9-10', '10:00:00', '2024-11-10', '16:00:00', 'A coursework project requiring research and practical application of the material learned.', 'Coursework', 10.00, NULL, 2, TRUE),
  (49, 'Essay', '2024-11-05', '09:00:00', '2024-12-05', '23:59:00', 'An essay to critically analyze specific theories covered in the module.', 'Essay', 50.00 NULL, 1, TRUE),
  (49, 'Research Essay', '2024-11-07', '10:00:00', '2024-12-07', '23:59:00', 'A research-based essay where students need to analyze key topics in depth.', 'Essay', 0.00, NULL, 1, TRUE),
  (49, 'Supervised Work Session 1', '2024-11-10', '13:00:00', '2024-11-10', '16:00:00', 'A supervised work session to assist with the ongoing coursework or project development.', 'Supervised work session', 0.00, NULL, 1, TRUE),
  (49, 'Supervised Work Session 2', '2024-11-12', '14:00:00', '2024-11-12', '17:00:00', 'A follow-up supervised session for additional support on the project work.', 'Supervised work session', 0.00, NULL, 1, TRUE),
  (49, 'Oral Presentation', '2024-11-15', '09:00:00', '2024-11-15', '12:00:00', 'A presentation summarising the key points of the research conducted during the course.', 'Presentation', 0.00, NULL, 1, TRUE),
  (49, 'Final Presentation', '2024-11-18', '11:00:00', '2024-11-18', '14:00:00', 'The final presentation covering the complete research and findings for the module.', 'Presentation', 10.00, NULL, 1, TRUE),
  (50, 'General Exam', '2024-11-15', '09:00:00', '2024-12-15', '17:00:00', 'An exam to test the fundamental concepts covered in this module.', 'Exam', 0.00, NULL, 1, TRUE),
  (50, 'Final Exam', '2024-11-20', '10:00:00', '2024-12-20', '14:00:00', 'A final exam covering all the material presented during the course.', 'Exam', 30.00, NULL, 1, TRUE),
  (50, 'Coursework Project', '2024-9-10', '10:00:00', '2024-11-10', '16:00:00', 'A coursework project requiring research and practical application of the material learned.', 'Coursework', 50.00, NULL, 2, TRUE),
  (50, 'Essay', '2024-11-05', '09:00:00', '2024-12-05', '23:59:00', 'An essay to critically analyze specific theories covered in the module.', 'Essay', 10.00 NULL, 1, TRUE),
  (50, 'Research Essay', '2024-11-07', '10:00:00', '2024-12-07', '23:59:00', 'A research-based essay where students need to analyze key topics in depth.', 'Essay', 0.00, NULL, 1, TRUE),
  (50, 'Supervised Work Session 1', '2024-11-10', '13:00:00', '2024-11-10', '16:00:00', 'A supervised work session to assist with the ongoing coursework or project development.', 'Supervised work session', 0.00, NULL, 1, TRUE),
  (50, 'Supervised Work Session 2', '2024-11-12', '14:00:00', '2024-11-12', '17:00:00', 'A follow-up supervised session for additional support on the project work.', 'Supervised work session', 0.00, NULL, 1, TRUE),
  (50, 'Oral Presentation', '2024-11-15', '09:00:00', '2024-11-15', '12:00:00', 'A presentation summarising the key points of the research conducted during the course.', 'Presentation', 0.00, NULL, 1, TRUE),
  (50, 'Final Presentation', '2024-11-18', '11:00:00', '2024-11-18', '14:00:00', 'The final presentation covering the complete research and findings for the module.', 'Presentation', 10.00, NULL, 1, TRUE),
  (51, 'General Exam', '2024-11-15', '09:00:00', '2024-12-15', '17:00:00', 'An exam to test the fundamental concepts covered in this module.', 'Exam', 0.00, NULL, 1, TRUE),
  (51, 'Final Exam', '2024-11-20', '10:00:00', '2024-12-20', '14:00:00', 'A final exam covering all the material presented during the course.', 'Exam', 30.00, NULL, 1, TRUE),
  (51, 'Coursework Project', '2024-9-10', '10:00:00', '2024-11-10', '16:00:00', 'A coursework project requiring research and practical application of the material learned.', 'Coursework', 50.00, NULL, 2, TRUE),
  (51, 'Essay', '2024-11-05', '09:00:00', '2024-12-05', '23:59:00', 'An essay to critically analyze specific theories covered in the module.', 'Essay', 10.00 NULL, 1, TRUE),
  (51, 'Research Essay', '2024-11-07', '10:00:00', '2024-12-07', '23:59:00', 'A research-based essay where students need to analyze key topics in depth.', 'Essay', 0.00, NULL, 1, TRUE),
  (51, 'Supervised Work Session 1', '2024-11-10', '13:00:00', '2024-11-10', '16:00:00', 'A supervised work session to assist with the ongoing coursework or project development.', 'Supervised work session', 0.00, NULL, 1, TRUE),
  (51, 'Supervised Work Session 2', '2024-11-12', '14:00:00', '2024-11-12', '17:00:00', 'A follow-up supervised session for additional support on the project work.', 'Supervised work session', 0.00, NULL, 1, TRUE),
  (51, 'Oral Presentation', '2024-11-15', '09:00:00', '2024-11-15', '12:00:00', 'A presentation summarising the key points of the research conducted during the course.', 'Presentation', 0.00, NULL, 1, TRUE),
  (51, 'Final Presentation', '2024-11-18', '11:00:00', '2024-11-18', '14:00:00', 'The final presentation covering the complete research and findings for the module.', 'Presentation', 10.00, NULL, 1, TRUE),
  (52, 'General Exam', '2024-11-15', '09:00:00', '2024-12-15', '17:00:00', 'An exam to test the fundamental concepts covered in this module.', 'Exam', 0.00, NULL, 1, TRUE),
  (52, 'Final Exam', '2024-11-20', '10:00:00', '2024-12-20', '14:00:00', 'A final exam covering all the material presented during the course.', 'Exam', 10.00, NULL, 1, TRUE),
  (52, 'Coursework Project', '2024-9-10', '10:00:00', '2024-11-10', '16:00:00', 'A coursework project requiring research and practical application of the material learned.', 'Coursework', 30.00, NULL, 2, TRUE),
  (52, 'Essay', '2024-11-05', '09:00:00', '2024-12-05', '23:59:00', 'An essay to critically analyze specific theories covered in the module.', 'Essay', 50.00 NULL, 1, TRUE),
  (52, 'Research Essay', '2024-11-07', '10:00:00', '2024-12-07', '23:59:00', 'A research-based essay where students need to analyze key topics in depth.', 'Essay', 0.00, NULL, 1, TRUE),
  (52, 'Supervised Work Session 1', '2024-11-10', '13:00:00', '2024-11-10', '16:00:00', 'A supervised work session to assist with the ongoing coursework or project development.', 'Supervised work session', 0.00, NULL, 1, TRUE),
  (52, 'Supervised Work Session 2', '2024-11-12', '14:00:00', '2024-11-12', '17:00:00', 'A follow-up supervised session for additional support on the project work.', 'Supervised work session', 0.00, NULL, 1, TRUE),
  (52, 'Oral Presentation', '2024-11-15', '09:00:00', '2024-11-15', '12:00:00', 'A presentation summarising the key points of the research conducted during the course.', 'Presentation', 0.00, NULL, 1, TRUE),
  (52, 'Final Presentation', '2024-11-18', '11:00:00', '2024-11-18', '14:00:00', 'The final presentation covering the complete research and findings for the module.', 'Presentation', 10.00, NULL, 1, TRUE),
  (53, 'General Exam', '2024-11-15', '09:00:00', '2024-12-15', '17:00:00', 'An exam to test the fundamental concepts covered in this module.', 'Exam', 0.00, NULL, 1, TRUE),
  (53, 'Final Exam', '2024-11-20', '10:00:00', '2024-12-20', '14:00:00', 'A final exam covering all the material presented during the course.', 'Exam', 50.00, NULL, 1, TRUE),
  (53, 'Coursework Project', '2024-9-10', '10:00:00', '2024-11-10', '16:00:00', 'A coursework project requiring research and practical application of the material learned.', 'Coursework', 10.00, NULL, 2, TRUE),
  (53, 'Essay', '2024-11-05', '09:00:00', '2024-12-05', '23:59:00', 'An essay to critically analyze specific theories covered in the module.', 'Essay', 30.00 NULL, 1, TRUE),
  (53, 'Research Essay', '2024-11-07', '10:00:00', '2024-12-07', '23:59:00', 'A research-based essay where students need to analyze key topics in depth.', 'Essay', 0.00, NULL, 1, TRUE),
  (53, 'Supervised Work Session 1', '2024-11-10', '13:00:00', '2024-11-10', '16:00:00', 'A supervised work session to assist with the ongoing coursework or project development.', 'Supervised work session', 0.00, NULL, 1, TRUE),
  (53, 'Supervised Work Session 2', '2024-11-12', '14:00:00', '2024-11-12', '17:00:00', 'A follow-up supervised session for additional support on the project work.', 'Supervised work session', 0.00, NULL, 1, TRUE),
  (53, 'Oral Presentation', '2024-11-15', '09:00:00', '2024-11-15', '12:00:00', 'A presentation summarising the key points of the research conducted during the course.', 'Presentation', 0.00, NULL, 1, TRUE),
  (53, 'Final Presentation', '2024-11-18', '11:00:00', '2024-11-18', '14:00:00', 'The final presentation covering the complete research and findings for the module.', 'Presentation', 10.00, NULL, 1, TRUE),
  (54, 'General Exam', '2024-11-15', '09:00:00', '2024-12-15', '17:00:00', 'An exam to test the fundamental concepts covered in this module.', 'Exam', 0.00, NULL, 1, TRUE),
  (54, 'Final Exam', '2024-11-20', '10:00:00', '2024-12-20', '14:00:00', 'A final exam covering all the material presented during the course.', 'Exam', 10.00, NULL, 1, TRUE),
  (54, 'Coursework Project', '2024-9-10', '10:00:00', '2024-11-10', '16:00:00', 'A coursework project requiring research and practical application of the material learned.', 'Coursework', 10.00, NULL, 2, TRUE),
  (54, 'Essay', '2024-11-05', '09:00:00', '2024-12-05', '23:59:00', 'An essay to critically analyze specific theories covered in the module.', 'Essay', 30.00 NULL, 1, TRUE),
  (54, 'Research Essay', '2024-11-07', '10:00:00', '2024-12-07', '23:59:00', 'A research-based essay where students need to analyze key topics in depth.', 'Essay', 0.00, NULL, 1, TRUE),
  (54, 'Supervised Work Session 1', '2024-11-10', '13:00:00', '2024-11-10', '16:00:00', 'A supervised work session to assist with the ongoing coursework or project development.', 'Supervised work session', 0.00, NULL, 1, TRUE),
  (54, 'Supervised Work Session 2', '2024-11-12', '14:00:00', '2024-11-12', '17:00:00', 'A follow-up supervised session for additional support on the project work.', 'Supervised work session', 0.00, NULL, 1, TRUE),
  (54, 'Oral Presentation', '2024-11-15', '09:00:00', '2024-11-15', '12:00:00', 'A presentation summarising the key points of the research conducted during the course.', 'Presentation', 0.00, NULL, 1, TRUE),
  (54, 'Final Presentation', '2024-11-18', '11:00:00', '2024-11-18', '14:00:00', 'The final presentation covering the complete research and findings for the module.', 'Presentation', 50.00, NULL, 1, TRUE),
  (55, 'General Exam', '2024-11-15', '09:00:00', '2024-12-15', '17:00:00', 'An exam to test the fundamental concepts covered in this module.', 'Exam', 0.00, NULL, 1, TRUE),
  (55, 'Final Exam', '2024-11-20', '10:00:00', '2024-12-20', '14:00:00', 'A final exam covering all the material presented during the course.', 'Exam', 10.00, NULL, 1, TRUE),
  (55, 'Coursework Project', '2024-9-10', '10:00:00', '2024-11-10', '16:00:00', 'A coursework project requiring research and practical application of the material learned.', 'Coursework', 10.00, NULL, 2, TRUE),
  (55, 'Essay', '2024-11-05', '09:00:00', '2024-12-05', '23:59:00', 'An essay to critically analyze specific theories covered in the module.', 'Essay', 50.00 NULL, 1, TRUE),
  (55, 'Research Essay', '2024-11-07', '10:00:00', '2024-12-07', '23:59:00', 'A research-based essay where students need to analyze key topics in depth.', 'Essay', 0.00, NULL, 1, TRUE),
  (55, 'Supervised Work Session 1', '2024-11-10', '13:00:00', '2024-11-10', '16:00:00', 'A supervised work session to assist with the ongoing coursework or project development.', 'Supervised work session', 0.00, NULL, 1, TRUE),
  (55, 'Supervised Work Session 2', '2024-11-12', '14:00:00', '2024-11-12', '17:00:00', 'A follow-up supervised session for additional support on the project work.', 'Supervised work session', 0.00, NULL, 1, TRUE),
  (55, 'Oral Presentation', '2024-11-15', '09:00:00', '2024-11-15', '12:00:00', 'A presentation summarising the key points of the research conducted during the course.', 'Presentation', 0.00, NULL, 1, TRUE),
  (55, 'Final Presentation', '2024-11-18', '11:00:00', '2024-11-18', '14:00:00', 'The final presentation covering the complete research and findings for the module.', 'Presentation', 30.00, NULL, 1, TRUE);

-- --------------------------------
-- Records of STUDENT_MODULE_RESULT
-- --------------------------------
INSERT INTO student_module_result (student_id, module_id, module_grade, feedback, passed)
VALUES

-- -----------------------------
-- Records of ASSESSMENT_ATTEMPT
-- -----------------------------
INSERT INTO assessment_attempt (assessment_id, attempt_grade, attempt_feedback, attempt_no, attempt_date, attempt_time) 
VALUES

-- -------------------------------------
-- Records of STUDENT_ASSESSMENT_ATTEMPT
-- -------------------------------------
INSERT INTO student_assessment_attempt (student_id, assessment_id, highest_grade, feedbacl, attempts) 
VALUES