
-- Records of shared.branch
INSERT INTO shared.branch VALUES ('SES London', 'Open', '123 High Street', 'Westminster', 'SW1A 1AA', '020 7946 0958', 'london@ses.edu.org');
INSERT INTO shared.branch VALUES ('SES Manchester', 'Open', '45 Oxford Road', 'Manchester City Centre', 'M1 5QA', '0161 306 6000', 'manchester@ses.edu.org');

-- Records of shared.department
INSERT INTO shared.department VALUES ('Mathematics', 'Educational', 'Department of Mathematics');
INSERT INTO shared.department VALUES ('Arts', 'Educational', 'Department of Arts');
INSERT INTO shared.department VALUES ('Computing', 'Educational', 'Department of Computing');
INSERT INTO shared.department VALUES ('Humanities', 'Educational', 'Department of Humanities');
INSERT INTO shared.department VALUES ('Science', 'Educational', 'Department of Science');
INSERT INTO shared.department VALUES ('Vocational Training', 'Educational', 'Department of Vocational Training');
INSERT INTO shared.department VALUES ('Finance', 'Administrative', NULL);
INSERT INTO shared.department VALUES ('Facilities and Maintenance', 'Maintenance', NULL);
INSERT INTO shared.department VALUES ('SES Operations', 'Operational', 'Manages the SES operations and infrastructure');
INSERT INTO shared.department VALUES ('Human Resources', 'Administrative', NULL);

-- Records of shared.course
INSERT INTO shared.course VALUES ('Advanced Calculus', 'A deep dive into calculus, focusing on multivariable calculus and real analysis.', 'A-level Mathematics or equivalent.', 3);
INSERT INTO shared.course VALUES ('Machine Learning', 'An introduction to machine learning algorithms and their mathematical foundations.', 'A-level Mathematics and Programming experience.', 3 );
INSERT INTO shared.course VALUES ('Modern Art Techniques', 'Explores various techniques and styles used in modern art, with practical workshops.', 'Portfolio submission required.', 3);
INSERT INTO shared.course VALUES ('Art History and Critique', 'A comprehensive study of art history from antiquity to the present day.', 'A-level History or equivalent.', 3);
INSERT INTO shared.course VALUES ('Software Engineering', 'Focuses on the principles of software design, testing, and project management.', 'A-level Mathematics or equivalent.', 3);
INSERT INTO shared.course VALUES ('Cybersecurity', 'An in-depth look at cybersecurity principles, including threat analysis and defense mechanisms.', 'A-level Mathematics and Programming experience.', 3);
INSERT INTO shared.course VALUES ('Philosophy and Ethics', 'Explores philosophical questions and their relevance to modern ethical issues.', 'A-level English Literature or equivalent.', 3);
INSERT INTO shared.course VALUES ('World History', 'A study of major historical events and their global impact.', 'A-level History or equivalent.', 3);
INSERT INTO shared.course VALUES ('Biotechnology', 'Covers the principles of biotechnology and its applications in healthcare and agriculture.', 'A-level Biology and Chemistry.', 3);
INSERT INTO shared.course VALUES ('Astrophysics', 'An introduction to the physics of stars, galaxies, and the universe.', 'A-level Mathematics and Physics.', 3);
INSERT INTO shared.course VALUES ('Culinary Arts', 'Provides training in professional cooking techniques and food safety.', 'Basic GCSEs required.', 2);
INSERT INTO shared.course VALUES ('Construction Technology', 'Covers modern construction techniques and safety protocols.', 'Basic GCSEs required.', 2);

-- Records of shared.department_course
INSERT INTO shared.department_course VALUES ('d000001' , 'c000001');
INSERT INTO shared.department_course VALUES ('d000001' , 'c000002');
INSERT INTO shared.department_course VALUES ('d000002' , 'c000003');
INSERT INTO shared.department_course VALUES ('d000002' , 'c000004');
INSERT INTO shared.department_course VALUES ('d000003' , 'c000005');
INSERT INTO shared.department_course VALUES ('d000003' , 'c000006');
INSERT INTO shared.department_course VALUES ('d000003' , 'c000002');
INSERT INTO shared.department_course VALUES ('d000004' , 'c000007');
INSERT INTO shared.department_course VALUES ('d000004' , 'c000008');
INSERT INTO shared.department_course VALUES ('d000005' , 'c000009');
INSERT INTO shared.department_course VALUES ('d000005' , 'c000010');
INSERT INTO shared.department_course VALUES ('d000006' , 'c000011');
INSERT INTO shared.department_course VALUES ('d000006' , 'c000012');

-- Records of shared.module
INSERT INTO shared.module VALUES ('Multivariable Calculus', 'Explores multivariable functions, partial derivatives, and multiple integrals.', 'L7', 20, 'Active', '2024-12-01', 200.00, 2);
INSERT INTO shared.module VALUES ('Real Analysis', 'Covers limits, continuity, differentiation, and integration on real number sets.', 'L7', 20, 'Active', '2024-12-01', 180.00, 2);
INSERT INTO shared.module VALUES ('Supervised Learning', 'Introduction to supervised learning algorithms and their applications.', 'L4', 20, 'Active', '2024-12-01', 200.00, 2);
INSERT INTO shared.module VALUES ('Neural Networks', 'Covers the basics of artificial neural networks and deep learning.', 'L5', 20, 'Active', '2024-12-01', 190.00, 1);
INSERT INTO shared.module VALUES ('Abstract Painting', 'Hands-on techniques for creating abstract art.', 'L6', 20, 'Active', '2024-12-01', 200.00, 1);
INSERT INTO shared.module VALUES ('Digital Art Methods', 'Explores the use of digital tools in modern art creation.', 'L5', 20, 'Active', '2024-12-01', 140.00, 2);
INSERT INTO shared.module VALUES ('Renaissance Art', 'A study of Renaissance art and its historical significance.', 'L5', 20, 'Active', '2024-12-01', 180.00, 2);
INSERT INTO shared.module VALUES ('Contemporary Art Movements', 'Analysis of art movements in the 20th and 21st centuries.', 'L6', 20, 'Active', '2024-12-01', 170.00, 1);
INSERT INTO shared.module VALUES ('Agile Development', 'Covers principles and practices of Agile development.', 'L5', 20, 'Active', '2024-12-01', 180.00, 2);
INSERT INTO shared.module VALUES ('Software Testing', 'Focuses on testing methodologies and quality assurance.', 'L4', 20, 'Active', '2024-12-01', 190.00, 2);
INSERT INTO shared.module VALUES ('Cryptography', 'Introduction to cryptographic principles and practices.', 'L4', 20, 'Active', '2024-12-01', 200.00, 2);
INSERT INTO shared.module VALUES ('Network Security', 'Focuses on securing computer networks against threats.', 'L4', 20, 'Active', '2024-12-01', 190.00, 1);
INSERT INTO shared.module VALUES ('Moral Philosophy', 'Explores ethical theories and moral decision-making.', 'L5', 20, 'Active', '2024-12-01', 200.00, 1);
INSERT INTO shared.module VALUES ('Political Philosophy', 'Analyzes the philosophical foundations of political systems.', 'L5', 20, 'Active', '2024-12-01', 160.00, 2);
INSERT INTO shared.module VALUES ('Ancient Civilizations', 'Study of ancient civilizations and their cultural impact.', 'L5', 20, 'Active', '2024-12-01', 170.00, 2);
INSERT INTO shared.module VALUES ('Modern Conflicts', 'Examines key conflicts in modern history.', 'L6', 20, 'Active', '2024-12-01', 160.00, 1);
INSERT INTO shared.module VALUES ('Genetic Engineering', 'Introduction to genetic modification techniques.', 'L4', 20, 'Active', '2024-12-01', 200.00, 2);
INSERT INTO shared.module VALUES ('Bioinformatics', 'Covers computational tools for biological data analysis.', 'L6', 20, 'Active', '2024-12-01', 190.00, 2);
INSERT INTO shared.module VALUES ('Stellar Physics', 'Study of the physical properties of stars.', 'L4', 20, 'Active', '2024-12-01', 180.00, 2);
INSERT INTO shared.module VALUES ('Cosmology', 'Introduction to the study of the universe.', 'L4', 20, 'Active', '2024-12-01', 170.00, 1);
INSERT INTO shared.module VALUES ('Pastry Techniques', 'Covers the techniques for making pastries and desserts.', 'L5', 20, 'Active', '2024-12-01', 200.00, 1);
INSERT INTO shared.module VALUES ('Savory Dishes', 'Training in preparation of savory meals.', 'L6', 20, 'Active', '2024-12-01', 160.00, 2);
INSERT INTO shared.module VALUES ('Building Materials', 'Study of materials used in modern construction.', 'L5', 20, 'Active', '2024-12-01', 200.00, 2);
INSERT INTO shared.module VALUES ('Construction Safety', 'Focus on safety protocols and regulations.', 'L4', 20, 'Active', '2024-12-01', 160.00, 1);

-- Records of shared.course_module
INSERT INTO shared.course_module VALUES ('c000001', 'm000001');
INSERT INTO shared.course_module VALUES ('c000001', 'm000002');
INSERT INTO shared.course_module VALUES ('c000002', 'm000003');
INSERT INTO shared.course_module VALUES ('c000002', 'm000004');
INSERT INTO shared.course_module VALUES ('c000003', 'm000005');
INSERT INTO shared.course_module VALUES ('c000003', 'm000006');
INSERT INTO shared.course_module VALUES ('c000004', 'm000007');
INSERT INTO shared.course_module VALUES ('c000004', 'm000008');
INSERT INTO shared.course_module VALUES ('c000005', 'm000009');
INSERT INTO shared.course_module VALUES ('c000005', 'm000010');
INSERT INTO shared.course_module VALUES ('c000006', 'm000011');
INSERT INTO shared.course_module VALUES ('c000006', 'm000012');
INSERT INTO shared.course_module VALUES ('c000007', 'm000013');
INSERT INTO shared.course_module VALUES ('c000007', 'm000014');
INSERT INTO shared.course_module VALUES ('c000008', 'm000015');
INSERT INTO shared.course_module VALUES ('c000008', 'm000016');
INSERT INTO shared.course_module VALUES ('c000009', 'm000017');
INSERT INTO shared.course_module VALUES ('c000009', 'm000018');
INSERT INTO shared.course_module VALUES ('c000010', 'm000019');
INSERT INTO shared.course_module VALUES ('c000010', 'm000020');
INSERT INTO shared.course_module VALUES ('c000011', 'm000021');
INSERT INTO shared.course_module VALUES ('c000011', 'm000022');
INSERT INTO shared.course_module VALUES ('c000012', 'm000023');
INSERT INTO shared.course_module VALUES ('c000012', 'm000024');

-- Records of shared.assessment
INSERT INTO shared.assessment VALUES ('m000001', 'General Exam', NULL, 'Exam', 0.00, NULL);
INSERT INTO shared.assessment VALUES ('m000001', 'Final Exam',  NULL, 'Exam', 10.00, NULL);
INSERT INTO shared.assessment VALUES ('m000001', 'Coursework Project',  NULL, 'Coursework', 50.00, NULL);
INSERT INTO shared.assessment VALUES ('m000001', 'Essay', NULL, 'Essay', 30.00, NULL);
INSERT INTO shared.assessment VALUES ('m000001', 'Research Essay', NULL, 'Essay', 0.00, NULL);
INSERT INTO shared.assessment VALUES ('m000001', 'Presentation', NULL, 'Presentation', 10.00, NULL);
INSERT INTO shared.assessment VALUES ('m000002', 'General Exam', NULL, 'Exam', 0.00, NULL);
INSERT INTO shared.assessment VALUES ('m000002', 'Final Exam',  NULL, 'Exam', 50.00, NULL);
INSERT INTO shared.assessment VALUES ('m000002', 'Coursework Project',  NULL, 'Coursework', 30.00, NULL);
INSERT INTO shared.assessment VALUES ('m000002', 'Essay', NULL, 'Essay', 10.00, NULL);
INSERT INTO shared.assessment VALUES ('m000002', 'Research Essay', NULL, 'Essay', 0.00, NULL);
INSERT INTO shared.assessment VALUES ('m000002', 'Presentation', NULL, 'Presentation', 10.00, NULL);
INSERT INTO shared.assessment VALUES ('m000003', 'General Exam', NULL, 'Exam', 0.00, NULL);
INSERT INTO shared.assessment VALUES ('m000003', 'Final Exam',  NULL, 'Exam', 50.00, NULL);
INSERT INTO shared.assessment VALUES ('m000003', 'Coursework Project',  NULL, 'Coursework', 10.00, NULL);
INSERT INTO shared.assessment VALUES ('m000003', 'Essay', NULL, 'Essay', 30.00, NULL);
INSERT INTO shared.assessment VALUES ('m000003', 'Research Essay', NULL, 'Essay', 0.00, NULL);
INSERT INTO shared.assessment VALUES ('m000003', 'Presentation', NULL, 'Presentation', 10.00, NULL);
INSERT INTO shared.assessment VALUES ('m000004', 'General Exam', NULL, 'Exam', 0.00, NULL);
INSERT INTO shared.assessment VALUES ('m000004', 'Final Exam',  NULL, 'Exam', 50.00, NULL);
INSERT INTO shared.assessment VALUES ('m000004', 'Coursework Project',  NULL, 'Coursework', 10.00, NULL);
INSERT INTO shared.assessment VALUES ('m000004', 'Essay', NULL, 'Essay', 30.00, NULL);
INSERT INTO shared.assessment VALUES ('m000004', 'Research Essay', NULL, 'Essay', 0.00, NULL);
INSERT INTO shared.assessment VALUES ('m000004', 'Presentation', NULL, 'Presentation', 10.00, NULL);
INSERT INTO shared.assessment VALUES ('m000005', 'General Exam', NULL, 'Exam', 0.00, NULL);
INSERT INTO shared.assessment VALUES ('m000005', 'Final Exam',  NULL, 'Exam', 10.00, NULL);
INSERT INTO shared.assessment VALUES ('m000005', 'Coursework Project',  NULL, 'Coursework', 10.00, NULL);
INSERT INTO shared.assessment VALUES ('m000005', 'Essay', NULL, 'Essay', 30.00, NULL);
INSERT INTO shared.assessment VALUES ('m000005', 'Research Essay', NULL, 'Essay', 0.00, NULL);
INSERT INTO shared.assessment VALUES ('m000005', 'Presentation', NULL, 'Presentation', 50.00, NULL);
INSERT INTO shared.assessment VALUES ('m000006', 'General Exam', NULL, 'Exam', 0.00, NULL);
INSERT INTO shared.assessment VALUES ('m000006', 'Final Exam',  NULL, 'Exam', 10.00, NULL);
INSERT INTO shared.assessment VALUES ('m000006', 'Coursework Project',  NULL, 'Coursework', 10.00, NULL);
INSERT INTO shared.assessment VALUES ('m000006', 'Essay', NULL, 'Essay', 50.00, NULL);
INSERT INTO shared.assessment VALUES ('m000006', 'Research Essay', NULL, 'Essay', 0.00, NULL);
INSERT INTO shared.assessment VALUES ('m000006', 'Presentation', NULL, 'Presentation', 30.00, NULL);
INSERT INTO shared.assessment VALUES ('m000007', 'General Exam', NULL, 'Exam', 0.00, NULL);
INSERT INTO shared.assessment VALUES ('m000007', 'Final Exam',  NULL, 'Exam', 30.00, NULL);
INSERT INTO shared.assessment VALUES ('m000007', 'Coursework Project',  NULL, 'Coursework', 10.00, NULL);
INSERT INTO shared.assessment VALUES ('m000007', 'Essay', NULL, 'Essay', 10.00, NULL);
INSERT INTO shared.assessment VALUES ('m000007', 'Research Essay', NULL, 'Essay', 0.00, NULL);
INSERT INTO shared.assessment VALUES ('m000007', 'Presentation', NULL, 'Presentation', 50.00, NULL);
INSERT INTO shared.assessment VALUES ('m000008', 'General Exam', NULL, 'Exam', 0.00, NULL);
INSERT INTO shared.assessment VALUES ('m000008', 'Final Exam',  NULL, 'Exam', 10.00, NULL);
INSERT INTO shared.assessment VALUES ('m000008', 'Coursework Project',  NULL, 'Coursework', 50.00, NULL);
INSERT INTO shared.assessment VALUES ('m000008', 'Essay', NULL, 'Essay', 10.00, NULL);
INSERT INTO shared.assessment VALUES ('m000008', 'Research Essay', NULL, 'Essay', 0.00, NULL);
INSERT INTO shared.assessment VALUES ('m000008', 'Presentation', NULL, 'Presentation', 30.00, NULL);
INSERT INTO shared.assessment VALUES ('m000009', 'General Exam', NULL, 'Exam', 0.00, NULL);
INSERT INTO shared.assessment VALUES ('m000009', 'Final Exam',  NULL, 'Exam', 50.00, NULL);
INSERT INTO shared.assessment VALUES ('m000009', 'Coursework Project',  NULL, 'Coursework', 30.00, NULL);
INSERT INTO shared.assessment VALUES ('m000009', 'Essay', NULL, 'Essay', 10.00, NULL);
INSERT INTO shared.assessment VALUES ('m000009', 'Research Essay', NULL, 'Essay', 0.00, NULL);
INSERT INTO shared.assessment VALUES ('m000009', 'Presentation', NULL, 'Presentation', 10.00, NULL);
INSERT INTO shared.assessment VALUES ('m000010', 'General Exam', NULL, 'Exam', 0.00, NULL);
INSERT INTO shared.assessment VALUES ('m000010', 'Final Exam',  NULL, 'Exam', 10.00, NULL);
INSERT INTO shared.assessment VALUES ('m000010', 'Coursework Project',  NULL, 'Coursework', 10.00, NULL);
INSERT INTO shared.assessment VALUES ('m000010', 'Essay', NULL, 'Essay', 50.00, NULL);
INSERT INTO shared.assessment VALUES ('m000010', 'Research Essay', NULL, 'Essay', 0.00, NULL);
INSERT INTO shared.assessment VALUES ('m000010', 'Presentation', NULL, 'Presentation', 30.00, NULL);
INSERT INTO shared.assessment VALUES ('m000011', 'General Exam', NULL, 'Exam', 0.00, NULL);
INSERT INTO shared.assessment VALUES ('m000011', 'Final Exam',  NULL, 'Exam', 30.00, NULL);
INSERT INTO shared.assessment VALUES ('m000011', 'Coursework Project',  NULL, 'Coursework', 10.00, NULL);
INSERT INTO shared.assessment VALUES ('m000011', 'Essay', NULL, 'Essay', 10.00, NULL);
INSERT INTO shared.assessment VALUES ('m000011', 'Research Essay', NULL, 'Essay', 0.00, NULL);
INSERT INTO shared.assessment VALUES ('m000011', 'Presentation', NULL, 'Presentation', 50.00, NULL);
INSERT INTO shared.assessment VALUES ('m000012', 'General Exam', NULL, 'Exam', 0.00, NULL);
INSERT INTO shared.assessment VALUES ('m000012', 'Final Exam',  NULL, 'Exam', 50.00, NULL);
INSERT INTO shared.assessment VALUES ('m000012', 'Coursework Project',  NULL, 'Coursework', 10.00, NULL);
INSERT INTO shared.assessment VALUES ('m000012', 'Essay', NULL, 'Essay', 10.00, NULL);
INSERT INTO shared.assessment VALUES ('m000012', 'Research Essay', NULL, 'Essay', 0.00, NULL);
INSERT INTO shared.assessment VALUES ('m000012', 'Presentation', NULL, 'Presentation', 30.00, NULL);
INSERT INTO shared.assessment VALUES ('m000013', 'General Exam', NULL, 'Exam', 0.00, NULL);
INSERT INTO shared.assessment VALUES ('m000013', 'Final Exam',  NULL, 'Exam', 10.00, NULL);
INSERT INTO shared.assessment VALUES ('m000013', 'Coursework Project',  NULL, 'Coursework', 30.00, NULL);
INSERT INTO shared.assessment VALUES ('m000013', 'Essay', NULL, 'Essay', 50.00, NULL);
INSERT INTO shared.assessment VALUES ('m000013', 'Research Essay', NULL, 'Essay', 0.00, NULL);
INSERT INTO shared.assessment VALUES ('m000013', 'Presentation', NULL, 'Presentation', 10.00, NULL);
INSERT INTO shared.assessment VALUES ('m000014', 'General Exam', NULL, 'Exam', 0.00, NULL);
INSERT INTO shared.assessment VALUES ('m000014', 'Final Exam',  NULL, 'Exam', 50.00, NULL);
INSERT INTO shared.assessment VALUES ('m000014', 'Coursework Project',  NULL, 'Coursework', 30.00, NULL);
INSERT INTO shared.assessment VALUES ('m000014', 'Essay', NULL, 'Essay', 10.00, NULL);
INSERT INTO shared.assessment VALUES ('m000014', 'Research Essay', NULL, 'Essay', 0.00, NULL);
INSERT INTO shared.assessment VALUES ('m000014', 'Presentation', NULL, 'Presentation', 10.00, NULL);
INSERT INTO shared.assessment VALUES ('m000015', 'General Exam', NULL, 'Exam', 0.00, NULL);
INSERT INTO shared.assessment VALUES ('m000015', 'Final Exam',  NULL, 'Exam', 50.00, NULL);
INSERT INTO shared.assessment VALUES ('m000015', 'Coursework Project',  NULL, 'Coursework', 10.00, NULL);
INSERT INTO shared.assessment VALUES ('m000015', 'Essay', NULL, 'Essay', 10.00, NULL);
INSERT INTO shared.assessment VALUES ('m000015', 'Research Essay', NULL, 'Essay', 0.00, NULL);
INSERT INTO shared.assessment VALUES ('m000015', 'Presentation', NULL, 'Presentation', 30.00, NULL);
INSERT INTO shared.assessment VALUES ('m000016', 'General Exam', NULL, 'Exam', 0.00, NULL);
INSERT INTO shared.assessment VALUES ('m000016', 'Final Exam',  NULL, 'Exam', 10.00, NULL);
INSERT INTO shared.assessment VALUES ('m000016', 'Coursework Project',  NULL, 'Coursework', 30.00, NULL);
INSERT INTO shared.assessment VALUES ('m000016', 'Essay', NULL, 'Essay', 50.00, NULL);
INSERT INTO shared.assessment VALUES ('m000016', 'Research Essay', NULL, 'Essay', 0.00, NULL);
INSERT INTO shared.assessment VALUES ('m000016', 'Presentation', NULL, 'Presentation', 10.00, NULL);
INSERT INTO shared.assessment VALUES ('m000017', 'General Exam', NULL, 'Exam', 0.00, NULL);
INSERT INTO shared.assessment VALUES ('m000017', 'Final Exam',  NULL, 'Exam', 10.00, NULL);
INSERT INTO shared.assessment VALUES ('m000017', 'Coursework Project',  NULL, 'Coursework', 10.00, NULL);
INSERT INTO shared.assessment VALUES ('m000017', 'Essay', NULL, 'Essay', 50.00, NULL);
INSERT INTO shared.assessment VALUES ('m000017', 'Research Essay', NULL, 'Essay', 0.00, NULL);
INSERT INTO shared.assessment VALUES ('m000017', 'Presentation', NULL, 'Presentation', 30.00, NULL);
INSERT INTO shared.assessment VALUES ('m000018', 'General Exam', NULL, 'Exam', 0.00, NULL);
INSERT INTO shared.assessment VALUES ('m000018', 'Final Exam',  NULL, 'Exam', 30.00, NULL);
INSERT INTO shared.assessment VALUES ('m000018', 'Coursework Project',  NULL, 'Coursework', 10.00, NULL);
INSERT INTO shared.assessment VALUES ('m000018', 'Essay', NULL, 'Essay', 10.00, NULL);
INSERT INTO shared.assessment VALUES ('m000018', 'Research Essay', NULL, 'Essay', 0.00, NULL);
INSERT INTO shared.assessment VALUES ('m000018', 'Presentation', NULL, 'Presentation', 50.00, NULL);
INSERT INTO shared.assessment VALUES ('m000019', 'General Exam', NULL, 'Exam', 0.00, NULL);
INSERT INTO shared.assessment VALUES ('m000019', 'Final Exam',  NULL, 'Exam', 30.00, NULL);
INSERT INTO shared.assessment VALUES ('m000019', 'Coursework Project',  NULL, 'Coursework', 50.00, NULL);
INSERT INTO shared.assessment VALUES ('m000019', 'Essay', NULL, 'Essay', 10.00, NULL);
INSERT INTO shared.assessment VALUES ('m000019', 'Research Essay', NULL, 'Essay', 0.00, NULL);
INSERT INTO shared.assessment VALUES ('m000019', 'Presentation', NULL, 'Presentation', 10.00, NULL);
INSERT INTO shared.assessment VALUES ('m000020', 'General Exam', NULL, 'Exam', 0.00, NULL);
INSERT INTO shared.assessment VALUES ('m000020', 'Final Exam',  NULL, 'Exam', 50.00, NULL);
INSERT INTO shared.assessment VALUES ('m000020', 'Coursework Project',  NULL, 'Coursework', 30.00, NULL);
INSERT INTO shared.assessment VALUES ('m000020', 'Essay', NULL, 'Essay', 10.00, NULL);
INSERT INTO shared.assessment VALUES ('m000020', 'Research Essay', NULL, 'Essay', 0.00, NULL);
INSERT INTO shared.assessment VALUES ('m000020', 'Presentation', NULL, 'Presentation', 10.00, NULL);
INSERT INTO shared.assessment VALUES ('m000021', 'General Exam', NULL, 'Exam', 0.00, NULL);
INSERT INTO shared.assessment VALUES ('m000021', 'Final Exam',  NULL, 'Exam', 10.00, NULL);
INSERT INTO shared.assessment VALUES ('m000021', 'Coursework Project',  NULL, 'Coursework', 50.00, NULL);
INSERT INTO shared.assessment VALUES ('m000021', 'Essay', NULL, 'Essay', 30.00, NULL);
INSERT INTO shared.assessment VALUES ('m000021', 'Research Essay', NULL, 'Essay', 0.00, NULL);
INSERT INTO shared.assessment VALUES ('m000021', 'Presentation', NULL, 'Presentation', 10.00, NULL);
INSERT INTO shared.assessment VALUES ('m000022', 'General Exam', NULL, 'Exam', 0.00, NULL);
INSERT INTO shared.assessment VALUES ('m000022', 'Final Exam',  NULL, 'Exam', 30.00, NULL);
INSERT INTO shared.assessment VALUES ('m000022', 'Coursework Project',  NULL, 'Coursework', 10.00, NULL);
INSERT INTO shared.assessment VALUES ('m000022', 'Essay', NULL, 'Essay', 50.00, NULL);
INSERT INTO shared.assessment VALUES ('m000022', 'Research Essay', NULL, 'Essay', 0.00, NULL);
INSERT INTO shared.assessment VALUES ('m000022', 'Presentation', NULL, 'Presentation', 10.00, NULL);
INSERT INTO shared.assessment VALUES ('m000023', 'General Exam', NULL, 'Exam', 0.00, NULL);
INSERT INTO shared.assessment VALUES ('m000023', 'Final Exam',  NULL, 'Exam', 30.00, NULL);
INSERT INTO shared.assessment VALUES ('m000023', 'Coursework Project',  NULL, 'Coursework', 10.00, NULL);
INSERT INTO shared.assessment VALUES ('m000023', 'Essay', NULL, 'Essay', 50.00, NULL);
INSERT INTO shared.assessment VALUES ('m000023', 'Research Essay', NULL, 'Essay', 0.00, NULL);
INSERT INTO shared.assessment VALUES ('m000023', 'Presentation', NULL, 'Presentation', 10.00, NULL);
INSERT INTO shared.assessment VALUES ('m000024', 'General Exam', NULL, 'Exam', 0.00, NULL);
INSERT INTO shared.assessment VALUES ('m000024', 'Final Exam',  NULL, 'Exam', 30.00, NULL);
INSERT INTO shared.assessment VALUES ('m000024', 'Coursework Project',  NULL, 'Coursework', 10.00, NULL);
INSERT INTO shared.assessment VALUES ('m000024', 'Essay', NULL, 'Essay', 50.00, NULL);
INSERT INTO shared.assessment VALUES ('m000024', 'Research Essay', NULL, 'Essay', 0.00, NULL);
INSERT INTO shared.assessment VALUES ('m000024', 'Presentation', NULL, 'Presentation', 10.00, NULL);

-- Records of shared.role
INSERT INTO shared.role VALUES ('Lecturer');
INSERT INTO shared.role VALUES ('Teaching Assistant');
INSERT INTO shared.role VALUES ('Accountant');
INSERT INTO shared.role VALUES ('Human Resources Manager');
INSERT INTO shared.role VALUES ('Recruiter');
INSERT INTO shared.role VALUES ('IT Support Specialist');
INSERT INTO shared.role VALUES ('Facilities Manager');
INSERT INTO shared.role VALUES ('Security Officer');
INSERT INTO shared.role VALUES ('Library Assistant');
INSERT INTO shared.role VALUES ('Receptionist');
INSERT INTO shared.role VALUES ('Maintenance Technician');
INSERT INTO shared.role VALUES ('Groundskeeper');
INSERT INTO shared.role VALUES ('Admin staff');

-- Records of shared.facility
INSERT INTO shared.facility VALUES (100, 'Desktop Computers');
INSERT INTO shared.facility VALUES (20, 'Projectors');
INSERT INTO shared.facility VALUES (200, 'Whiteboards');
INSERT INTO shared.facility VALUES (5, '3D Printers');
INSERT INTO shared.facility VALUES (15, 'Microscopes');
INSERT INTO shared.facility VALUES (25, 'Easels');
INSERT INTO shared.facility VALUES (30, 'Sound Systems');
INSERT INTO shared.facility VALUES (40, 'Keyboards and Musical Instruments');
INSERT INTO shared.facility VALUES (10, 'Cooking Stations');
INSERT INTO shared.facility VALUES (10, 'Workshop Tools and Machines');
INSERT INTO shared.facility VALUES (12, 'Sports Equipment Sets');
INSERT INTO shared.facility VALUES (20, 'Printers and Scanners');

-- Records of shared.room_type
INSERT INTO shared.room_type VALUES ('Lecture Theatre', 'Large room equipped with seating for lectures and presentations.');
INSERT INTO shared.room_type VALUES ('Seminar Room', 'Medium-sized room designed for seminars, group discussions, and workshops.');
INSERT INTO shared.room_type VALUES ('Laboratory', 'Room equipped with specialized tools and equipment for experiments and practical sessions.');
INSERT INTO shared.room_type VALUES ('Computer Lab', 'Room with computers and software for programming, simulations, and digital training.');
INSERT INTO shared.room_type VALUES ('Art Studio', 'Creative space for art and design activities, equipped with easels and materials.');
INSERT INTO shared.room_type VALUES ('Music Room', 'Room designed for music practice and lessons, with soundproofing and instruments.');
INSERT INTO shared.room_type VALUES ('Conference Room', 'Room for formal meetings, discussions, and small conferences.');
INSERT INTO shared.room_type VALUES ('Library', 'Quiet space with resources for reading, studying, and research.');
INSERT INTO shared.room_type VALUES ('Cafeteria', 'Dining area for students and staff, serving meals and refreshments.');
INSERT INTO shared.room_type VALUES ('Sports Hall', 'Indoor facility for physical activities and sports events.');
INSERT INTO shared.room_type VALUES ('Workshop', 'Room equipped for vocational training, including tools and machinery.');
INSERT INTO shared.room_type VALUES ('Examination Hall', 'Room designed for hosting exams and assessments with individual desks.');
INSERT INTO shared.room_type VALUES ('Office', NULL);

-- Records of shared.emergency_contact
INSERT INTO shared.emergency_contact VALUES ('emily.jones@gmail.com', '07400123456', 'Emily', NULL, 'Jones', '12 Apple Street', 'Flat 4', 'London', 'E1 7HP', 'Mother');
INSERT INTO shared.emergency_contact VALUES ('john.smith@yahoo.com', '07411123456', 'John', NULL, 'Smith', '23 Pear Lane', NULL, 'Manchester', 'M2 5NG', 'Father');
INSERT INTO shared.emergency_contact VALUES ('lisa.brown@hotmail.com', '07422123456', 'Lisa', 'Marie', 'Brown', '56 Orange Avenue', 'Apt B', 'Birmingham', 'B12 8PP', 'Sister');
INSERT INTO shared.emergency_contact VALUES ('michael.green@gmail.com', '07433123456', 'Michael', NULL, 'Green', '78 Plum Road', NULL, 'Leeds', 'LS1 4LT', 'Brother');
INSERT INTO shared.emergency_contact VALUES ('sarah.white@yahoo.com', '07444123456', 'Sarah', 'Anne', 'White', '34 Peach Street', NULL, 'Bristol', 'BS1 3AU', 'Aunt');
INSERT INTO shared.emergency_contact VALUES ('david.taylor@hotmail.com', '07455123456', 'David', NULL, 'Taylor', '90 Grape Lane', 'Unit 5', 'Liverpool', 'L1 8JH', 'Uncle');
INSERT INTO shared.emergency_contact VALUES ('jessica.evans@gmail.com', '07466123456', 'Jessica', 'May', 'Evans', '12 Lime Grove', NULL, 'Glasgow', 'G2 8AZ', 'Friend');
INSERT INTO shared.emergency_contact VALUES ('mark.johnson@yahoo.com', '07477123456', 'Mark', NULL, 'Johnson', '33 Berry Street', NULL, 'Edinburgh', 'EH1 2AD', 'Cousin');
INSERT INTO shared.emergency_contact VALUES ('laura.moore@hotmail.com', '07488123456', 'Laura', NULL, 'Moore', '45 Kiwi Road', NULL, 'Cardiff', 'CF10 1AN', 'Colleague');
INSERT INTO shared.emergency_contact VALUES ('steven.harris@gmail.com', '07499123456', 'Steven', 'John', 'Harris', '22 Cherry Lane', NULL, 'Newcastle', 'NE1 3AF', 'Friend');
INSERT INTO shared.emergency_contact VALUES ('anna.clark@yahoo.com', '07500123456', 'Anna', NULL, 'Clark', '11 Maple Drive', NULL, 'Sheffield', 'S1 4DN', 'Niece');
INSERT INTO shared.emergency_contact VALUES ('robert.lewis@hotmail.com', '07511123456', 'Robert', NULL, 'Lewis', '60 Oak Street', NULL, 'Glasgow', 'G3 7HZ', 'Nephew');
INSERT INTO shared.emergency_contact VALUES ('hannah.walker@gmail.com', '07522123456', 'Hannah', NULL, 'Walker', '14 Pine Road', NULL, 'Manchester', 'M14 6QT', 'Cousin');
INSERT INTO shared.emergency_contact VALUES ('thomas.wright@yahoo.com', '07533123456', 'Thomas', NULL, 'Wright', '99 Willow Way', NULL, 'Bristol', 'BS8 2HL', 'Brother');
INSERT INTO shared.emergency_contact VALUES ('megan.james@hotmail.com', '07544123456', 'Megan', NULL, 'James', '88 Cedar Drive', NULL, 'Liverpool', 'L3 5HA', 'Friend');
INSERT INTO shared.emergency_contact VALUES ('charlie.scott@gmail.com', '07555123456', 'Charlie', 'Anne', 'Scott', '77 Maple Lane', NULL, 'Cardiff', 'CF14 2AB', 'Sister');
INSERT INTO shared.emergency_contact VALUES ('isabelle.morris@yahoo.com', '07566123456', 'Isabelle', NULL, 'Morris', '66 Birch Street', NULL, 'Sheffield', 'S2 3FL', 'Aunt');
INSERT INTO shared.emergency_contact VALUES ('matthew.taylor@hotmail.com', '07577123456', 'Matthew', NULL, 'Taylor', '55 Elm Avenue', NULL, 'Newcastle', 'NE6 4BL', 'Uncle');
INSERT INTO shared.emergency_contact VALUES ('rachel.johnson@gmail.com', '07588123456', 'Rachel', NULL, 'Johnson', '44 Hazel Grove', NULL, 'Edinburgh', 'EH2 4DN', 'Friend');
INSERT INTO shared.emergency_contact VALUES ('oliver.hall@yahoo.com', '07599123456', 'Oliver', NULL, 'Hall', '33 Cherry Lane', NULL, 'Birmingham', 'B11 2AF', 'Colleague');
INSERT INTO shared.emergency_contact VALUES ('sophie.anderson@hotmail.com', '07600123456', 'Sophie', NULL, 'Anderson', '22 Peach Street', NULL, 'London', 'E5 9GF', 'Mother');
INSERT INTO shared.emergency_contact VALUES ('benjamin.kim@gmail.com', '07611123456', 'Benjamin', 'Lee', 'Kim', '11 Pine Road', NULL, 'Leeds', 'LS4 2EF', 'Father');
INSERT INTO shared.emergency_contact VALUES ('zoe.baker@yahoo.com', '07622123456', 'Zoe', NULL, 'Baker', '50 Palm Avenue', NULL, 'Bristol', 'BS3 5GH', 'Sister');
INSERT INTO shared.emergency_contact VALUES ('alexander.martinez@hotmail.com', '07633123456', 'Alexander', NULL, 'Martinez', '31 Orchid Lane', NULL, 'Glasgow', 'G41 2QH', 'Brother');
INSERT INTO shared.emergency_contact VALUES ('victoria.lee@gmail.com', '07644123456', 'Victoria', NULL, 'Lee', '29 Magnolia Street', NULL, 'Manchester', 'M16 4FE', 'Aunt');
INSERT INTO shared.emergency_contact VALUES ('luke.davis@yahoo.com', '07655123456', 'Luke', NULL, 'Davis', '89 Willow Way', NULL, 'Cardiff', 'CF15 5HP', 'Uncle');
INSERT INTO shared.emergency_contact VALUES ('natalie.carter@hotmail.com', '07666123456', 'Natalie', NULL, 'Carter', '15 Elm Road', NULL, 'Edinburgh', 'EH3 5JQ', 'Friend');
INSERT INTO shared.emergency_contact VALUES ('chloe.harris@gmail.com', '07677123456', 'Chloe', NULL, 'Harris', '60 Peach Lane', NULL, 'Liverpool', 'L5 1AD', 'Cousin');
INSERT INTO shared.emergency_contact VALUES ('daniel.thomas@yahoo.com', '07688123456', 'Daniel', NULL, 'Thomas', '8 Maple Grove', NULL, 'Birmingham', 'B19 2XT', 'Colleague');
INSERT INTO shared.emergency_contact VALUES ('madison.mitchell@hotmail.com', '07699123456', 'Madison', NULL, 'Mitchell', '7 Cherry Street', NULL, 'Newcastle', 'NE2 3QY', 'Sister');
INSERT INTO shared.emergency_contact VALUES ('nathan.miller@gmail.com', '07700123456', 'Nathan', NULL, 'Miller', '4 Birch Lane', NULL, 'Sheffield', 'S1 9PL', 'Brother');

-- Records of branch_b01.staff
INSERT INTO branch_b01.staff VALUES ('Sophie', NULL, 'Roberts', 'Dr', '123 Maple Street', NULL, 'London', 'SW1A 2AA', 'sophie.roberts@gmail.com', '0113256780', '07912345679');
INSERT INTO branch_b01.staff VALUES ('John', NULL, 'Smith', 'Dr', '789 Elm Street', NULL, 'London', 'SW1A 2AA', 'john.smith@gmail.com', '0201234567', '07891234567');
INSERT INTO branch_b01.staff VALUES ('David', NULL, 'Clark', 'Dr', '789 Pine Avenue', NULL, 'Bristol', 'BS1 1AA', 'david.clark@gmail.com', '0123456789', '07712345678');
INSERT INTO branch_b01.staff VALUES ('Michael', NULL, 'Johnson', 'Dr', '123 Cedar Street', NULL, 'London', 'SW1A 2AA', 'michael.johnson@gmail.com', '0131234567', '07723456789');
INSERT INTO branch_b01.staff VALUES ('Emily', 'Grace', 'Wilson', 'Dr', '789 Oak Lane', NULL, 'Glasgow', 'G2 1AB', 'emily.wilson@gmail.com', '0113256781', '07912345680');
INSERT INTO branch_b01.staff VALUES ('Noah', 'Edward', 'Wilson', 'Dr', '123 Birch Avenue', NULL, 'London', 'SW1A 2AB', 'noah.wilson@gmail.com', '0203456790', '07892345679');
INSERT INTO branch_b01.staff VALUES ('Amelia', NULL, 'Thompson', 'Dr', '456 Oak Avenue', NULL, 'Manchester', 'M1 1AA', 'amelia.thompson@gmail.com', '0202345678', '07891234568');

-- Records of branch_b01.staff_role
INSERT INTO branch_b01.staff_role VALUES ('s000000001', 1);
INSERT INTO branch_b01.staff_role VALUES ('s000000002', 2);
INSERT INTO branch_b01.staff_role VALUES ('s000000003', 1);
INSERT INTO branch_b01.staff_role VALUES ('s000000004', 2);
INSERT INTO branch_b01.staff_role VALUES ('s000000005', 3);
INSERT INTO branch_b01.staff_role VALUES ('s000000006', 4);
INSERT INTO branch_b01.staff_role VALUES ('s000000007', 6);

-- Records of branch_b01.department
INSERT INTO branch_b01.department VALUES ('d000001', 's000000001');
INSERT INTO branch_b01.department VALUES ('d000003', 's000000003');
INSERT INTO branch_b01.department VALUES ('d000007', 's000000005');
INSERT INTO branch_b01.department VALUES ('d000010', 's000000006');
INSERT INTO branch_b01.department VALUES ('d000009', 's000000007');

-- Records of branch_b01.course
INSERT INTO branch_b01.course VALUES ('c000001', 's000000001');
INSERT INTO branch_b01.course VALUES ('c000002', 's000000001');
INSERT INTO branch_b01.course VALUES ('c000005', 's000000003');
INSERT INTO branch_b01.course VALUES ('c000006', 's000000003');

-- Records of branch_b01.department_course
INSERT INTO branch_b01.department_course VALUES ('d000001' , 'c000001');
INSERT INTO branch_b01.department_course VALUES ('d000001' , 'c000002');
INSERT INTO branch_b01.department_course VALUES ('d000003' , 'c000005');
INSERT INTO branch_b01.department_course VALUES ('d000003' , 'c000006');
INSERT INTO branch_b01.department_course VALUES ('d000003' , 'c000002');

-- Records of branch_b01.module
INSERT INTO branch_b01.module VALUES ('m000001');
INSERT INTO branch_b01.module VALUES ('m000002');
INSERT INTO branch_b01.module VALUES ('m000003');
INSERT INTO branch_b01.module VALUES ('m000004');
INSERT INTO branch_b01.module VALUES ('m000009');
INSERT INTO branch_b01.module VALUES ('m000010');
INSERT INTO branch_b01.module VALUES ('m000011');
INSERT INTO branch_b01.module VALUES ('m000012');

-- Records of branch_b01.course_module
INSERT INTO branch_b01.course_module VALUES ('c000001', 'm000001');
INSERT INTO branch_b01.course_module VALUES ('c000001', 'm000002');
INSERT INTO branch_b01.course_module VALUES ('c000002', 'm000003');
INSERT INTO branch_b01.course_module VALUES ('c000002', 'm000004');
INSERT INTO branch_b01.course_module VALUES ('c000005', 'm000009');
INSERT INTO branch_b01.course_module VALUES ('c000005', 'm000010');
INSERT INTO branch_b01.course_module VALUES ('c000006', 'm000011');
INSERT INTO branch_b01.course_module VALUES ('c000006', 'm000012');

-- Records of branch_b01.student
INSERT INTO branch_b01.student VALUES ('alex.braun@gmail.com', 'Alex', NULL, 'Braun', 'He/Him', '123 Main Street', 'Mayfair', 'London', 'SW1A 1AA', '0201234570', '07891234572', 0.00);
INSERT INTO branch_b01.student VALUES ('jane.smith@outlook.com', 'Jane', NULL, 'Smith', 'She/Her', '456 Park Avenue', NULL, 'Manchester', 'M1 1AA', '0161234569', '07987654323', 0.00);
INSERT INTO branch_b01.student VALUES ('JOHN.doe@yahoo.com', 'John', 'James', 'Doe', 'He/Him', '123 Main Street', 'Kensington', 'London', 'SW1A 1AA', '0201234571', '07891234573', 0.00);
INSERT INTO branch_b01.student VALUES ('emily.johnson@mail.co.uk', 'Emily', NULL, 'Johnson', 'She/Her', '789 Oak Lane', NULL, 'Birmingham', 'B1 1AA', '0123456789', '07712345678', 0.00);
INSERT INTO branch_b01.student VALUES ('michael.brown@gmail.com', 'Michael', 'Luke', 'Brown', 'He/Him', '1010 Maple Street', NULL, 'Edinburgh', 'EH1 1AA', '0131234567', '07723456789', 0.00);
INSERT INTO branch_b01.student VALUES ('emma.williams@gmail.com', 'Emma', NULL, 'Williams', 'She/Her', '789 Cedar Street', NULL, 'London', 'SW1A 2AB', '0203456789', '07892345678', 0.00);

-- Records of branch_b01.student_course
INSERT INTO branch_b01.student_course VALUES ('sn00000001', 'c000001', NULL, 0.00, TRUE);
INSERT INTO branch_b01.student_course VALUES ('sn00000002', 'c000001', NULL, 0.00, FALSE);
INSERT INTO branch_b01.student_course VALUES ('sn00000003', 'c000002', NULL, 0.00, TRUE);
INSERT INTO branch_b01.student_course VALUES ('sn00000004', 'c000002', NULL, 0.00, FALSE);
INSERT INTO branch_b01.student_course VALUES ('sn00000005', 'c000005', NULL, 0.00, FALSE);
INSERT INTO branch_b01.student_course VALUES ('sn00000006', 'c000006', NULL, 0.00, FALSE);

-- Records of branch_b01.tuition
INSERT INTO branch_b01.tuition VALUES (2800.00, 0, 2800.00, 0, '2025-07-01');
INSERT INTO branch_b01.tuition VALUES (2900.00, 0, 2900.00, 0, '2025-08-05');
INSERT INTO branch_b01.tuition VALUES (3000.00, 0, 3000.00, 0, '2025-07-10');
INSERT INTO branch_b01.tuition VALUES (3100.00, 0, 3100.00, 0, '2025-08-15');
INSERT INTO branch_b01.tuition VALUES (3200.00, 0, 3200.00, 0, '2024-07-20');
INSERT INTO branch_b01.tuition VALUES (3300.00, 0, 3300.00, 0, '2024-08-25');

-- Records of branch_b01.student_tuition
INSERT INTO branch_b01.student_tuition VALUES ('sn00000001', 1);
INSERT INTO branch_b01.student_tuition VALUES ('sn00000002', 2);
INSERT INTO branch_b01.student_tuition VALUES ('sn00000003', 3);
INSERT INTO branch_b01.student_tuition VALUES ('sn00000004', 4);
INSERT INTO branch_b01.student_tuition VALUES ('sn00000005', 5);
INSERT INTO branch_b01.student_tuition VALUES ('sn00000006', 6);

-- Records of branch_b01.tuition_payment
INSERT INTO branch_b01.tuition_payment VALUES (1, 300.00, '2025-03-15', 'Bank Transfer');
INSERT INTO branch_b01.tuition_payment VALUES (2, 200.00, '2025-03-20', 'Bank Transfer');
INSERT INTO branch_b01.tuition_payment VALUES (3, 400.00, '2025-04-10', 'Direct Debit');
INSERT INTO branch_b01.tuition_payment VALUES (4, 600.00, '2025-04-20', 'Direct Debit');
INSERT INTO branch_b01.tuition_payment VALUES (5, 500.00, '2025-05-10', 'Direct Debit');
INSERT INTO branch_b01.tuition_payment VALUES (6, 200.00, '2025-05-20', 'Direct Debit');

-- Records of branch_b01.staff_department
INSERT INTO branch_b01.staff_department VALUES ('s000000001', 'd000001', '2025-02-01');
INSERT INTO branch_b01.staff_department VALUES ('s000000002', 'd000001', '2025-02-02');
INSERT INTO branch_b01.staff_department VALUES ('s000000003', 'd000003', '2025-03-02');
INSERT INTO branch_b01.staff_department VALUES ('s000000004', 'd000003', '2025-02-06');
INSERT INTO branch_b01.staff_department VALUES ('s000000005', 'd000007', '2025-04-02');
INSERT INTO branch_b01.staff_department VALUES ('s000000006', 'd000010', '2025-02-09');
INSERT INTO branch_b01.staff_department VALUES ('s000000007', 'd000009', '2025-05-02');

-- Records of branch_b01.building
INSERT INTO branch_b01.building VALUES ('Turing Hall', 'TH', 'Educational', '12 Science Way', 'South Bank', 'London', 'SW1A 1AA', 'United Kingdom');
INSERT INTO branch_b01.building VALUES ('Ada Lovelace Building', 'ALB', 'Administrative', '98 King Street', 'Mayfair', 'London', 'SW1A 1AB', 'United Kingdom');

-- Records of branch_b01.room
INSERT INTO branch_b01.room VALUES (1, 'Lecture Theatre 1', 'LT1', 1, 100, 1);
INSERT INTO branch_b01.room VALUES (1, '1.02', 'TH1.01', 4, 40, 1);
INSERT INTO branch_b01.room VALUES (1, '1.04', 'TH1.02', 2, 25, 1);
INSERT INTO branch_b01.room VALUES (1, '2.01', 'TH2.01', 13, 1, 2);
INSERT INTO branch_b01.room VALUES (1, '2.02', 'TH2.02', 13, 1, 2);
INSERT INTO branch_b01.room VALUES (1, '2.03', 'TH2.03', 13, 1, 2);
INSERT INTO branch_b01.room VALUES (1, '2.04', 'TH2.04', 13, 1, 2);
INSERT INTO branch_b01.room VALUES (2, '1.05', 'ALB1.01', 13, 1, 1);
INSERT INTO branch_b01.room VALUES (2, '1.05', 'ALB1.02', 13, 1, 1);
INSERT INTO branch_b01.room VALUES (2, '1.05', 'ALB1.03', 13, 1, 1);
INSERT INTO branch_b01.room VALUES (2, '1.05', 'ALB1.04', 13, 1, 1);
INSERT INTO branch_b01.room VALUES (2, '2.01', 'ALB2.01', 13, 1, 2);
INSERT INTO branch_b01.room VALUES (2, '2.02', 'ALB2.02', 13, 1, 2);
INSERT INTO branch_b01.room VALUES (2, '2.03', 'ALB2.03', 13, 1, 2);
INSERT INTO branch_b01.room VALUES (2, '2.04', 'ALB2.04', 13, 1, 2);

-- Records of branch_b01.room_facility
INSERT INTO branch_b01.room_facility VALUES (1, 1, 1);
INSERT INTO branch_b01.room_facility VALUES (1, 2, 2);
INSERT INTO branch_b01.room_facility VALUES (2, 1, 25);
INSERT INTO branch_b01.room_facility VALUES (2, 2, 2);
INSERT INTO branch_b01.room_facility VALUES (2, 12, 2);
INSERT INTO branch_b01.room_facility VALUES (3, 1, 10);
INSERT INTO branch_b01.room_facility VALUES (3, 2, 2);
INSERT INTO branch_b01.room_facility VALUES (4, 1, 1);
INSERT INTO branch_b01.room_facility VALUES (5, 1, 1);
INSERT INTO branch_b01.room_facility VALUES (6, 1, 1);
INSERT INTO branch_b01.room_facility VALUES (7, 1, 1);
INSERT INTO branch_b01.room_facility VALUES (8, 1, 1);
INSERT INTO branch_b01.room_facility VALUES (9, 1, 1);
INSERT INTO branch_b01.room_facility VALUES (10, 1, 1);
INSERT INTO branch_b01.room_facility VALUES (11, 1, 1);
INSERT INTO branch_b01.room_facility VALUES (12, 1, 1);
INSERT INTO branch_b01.room_facility VALUES (13, 1, 1);
INSERT INTO branch_b01.room_facility VALUES (14, 1, 1);
INSERT INTO branch_b01.room_facility VALUES (15, 1, 1);

-- Records of branch_b01.session
INSERT INTO branch_b01.session VALUES (1, 'm000001', 'Lecture', '9:00', '10:00', '2024-11-05', '', TRUE, '');
INSERT INTO branch_b01.session VALUES (2, 'm000001', 'Practical', '10:00', '11:00', '2024-11-05', '', TRUE, '');
INSERT INTO branch_b01.session VALUES (1, 'm000001', 'Lecture', '9:00', '10:00', '2024-11-12', '', TRUE, '');
INSERT INTO branch_b01.session VALUES (2, 'm000001', 'Practical', '10:00', '11:00', '2024-11-12', '', TRUE, '');
INSERT INTO branch_b01.session VALUES (1, 'm000001', 'Lecture', '9:00', '10:00', '2024-11-19', '', TRUE, '');
INSERT INTO branch_b01.session VALUES (2, 'm000001', 'Practical', '10:00', '11:00', '2024-11-19', '', TRUE, '');
INSERT INTO branch_b01.session VALUES (1, 'm000001', 'Lecture', '9:00', '10:00', '2024-11-26', '', TRUE, '');
INSERT INTO branch_b01.session VALUES (3, 'm000001', 'Practical', '10:00', '11:00', '2024-11-26', '', TRUE, '');
INSERT INTO branch_b01.session VALUES (1, 'm000001', 'Lecture', '9:00', '10:00', '2024-12-03', '', TRUE, '');
INSERT INTO branch_b01.session VALUES (3, 'm000001', 'Practical', '10:00', '11:00', '2024-12-03', '', TRUE, '');
INSERT INTO branch_b01.session VALUES (1, 'm000001', 'Lecture', '9:00', '10:00', '2024-12-10', '', TRUE, '');
INSERT INTO branch_b01.session VALUES (3, 'm000001', 'Practical', '10:00', '11:00', '2024-12-10', '', TRUE, '');
INSERT INTO branch_b01.session VALUES (1, 'm000001', 'Lecture', '9:00', '10:00', '2024-12-17', '', TRUE, '');
INSERT INTO branch_b01.session VALUES (2, 'm000001', 'Practical', '10:00', '11:00', '2024-12-17', '', TRUE, '');
INSERT INTO branch_b01.session VALUES (1, 'm000001', 'Lecture', '9:00', '10:00', '2024-12-24', '', TRUE, '');
INSERT INTO branch_b01.session VALUES (2, 'm000001', 'Practical', '10:00', '11:00', '2024-12-24', '', TRUE, '');
INSERT INTO branch_b01.session VALUES (1, 'm000001', 'Lecture', '9:00', '10:00', '2024-12-31', '', TRUE, '');
INSERT INTO branch_b01.session VALUES (2, 'm000001', 'Practical', '10:00', '11:00', '2024-12-31', '', TRUE, '');
INSERT INTO branch_b01.session VALUES (1, 'm000001', 'Lecture', '9:00', '10:00', '2025-01-07', '', TRUE, '');
INSERT INTO branch_b01.session VALUES (2, 'm000001', 'Practical', '10:00', '11:00', '2025-01-07', '', TRUE, '');
INSERT INTO branch_b01.session VALUES (1, 'm000001', 'Lecture', '9:00', '10:00', '2025-01-14', '', TRUE, '');
INSERT INTO branch_b01.session VALUES (2, 'm000001', 'Practical', '10:00', '11:00', '2025-01-14', '', TRUE, '');
INSERT INTO branch_b01.session VALUES (1, 'm000001', 'Lecture', '9:00', '10:00', '2025-01-21', '', TRUE, '');
INSERT INTO branch_b01.session VALUES (3, 'm000001', 'Practical', '10:00', '11:00', '2025-01-21', '', TRUE, '');
INSERT INTO branch_b01.session VALUES (1, 'm000002', 'Lecture', '10:00', '11:00', '2024-11-05', '', TRUE, '');
INSERT INTO branch_b01.session VALUES (2, 'm000002', 'Practical', '11:00', '12:00', '2024-11-05', '', TRUE, '');
INSERT INTO branch_b01.session VALUES (1, 'm000002', 'Lecture', '10:00', '11:00', '2024-11-12', '', TRUE, '');
INSERT INTO branch_b01.session VALUES (2, 'm000002', 'Practical', '11:00', '12:00', '2024-11-12', '', TRUE, '');
INSERT INTO branch_b01.session VALUES (1, 'm000002', 'Lecture', '10:00', '11:00', '2024-11-19', '', TRUE, '');
INSERT INTO branch_b01.session VALUES (3, 'm000002', 'Practical', '11:00', '12:00', '2024-11-19', '', TRUE, '');
INSERT INTO branch_b01.session VALUES (1, 'm000002', 'Lecture', '10:00', '11:00', '2024-11-26', '', TRUE, '');
INSERT INTO branch_b01.session VALUES (2, 'm000002', 'Practical', '11:00', '12:00', '2024-11-26', '', TRUE, '');
INSERT INTO branch_b01.session VALUES (1, 'm000002', 'Lecture', '10:00', '11:00', '2024-12-03', '', TRUE, '');
INSERT INTO branch_b01.session VALUES (3, 'm000002', 'Practical', '11:00', '12:00', '2024-12-03', '', TRUE, '');
INSERT INTO branch_b01.session VALUES (1, 'm000002', 'Lecture', '10:00', '11:00', '2024-12-10', '', TRUE, '');
INSERT INTO branch_b01.session VALUES (3, 'm000002', 'Practical', '11:00', '12:00', '2024-12-10', '', TRUE, '');
INSERT INTO branch_b01.session VALUES (1, 'm000002', 'Lecture', '10:00', '11:00', '2024-12-17', '', TRUE, '');
INSERT INTO branch_b01.session VALUES (2, 'm000002', 'Practical', '11:00', '12:00', '2024-12-17', '', TRUE, '');
INSERT INTO branch_b01.session VALUES (1, 'm000002', 'Lecture', '10:00', '11:00', '2024-12-24', '', TRUE, '');
INSERT INTO branch_b01.session VALUES (2, 'm000002', 'Practical', '11:00', '12:00', '2024-12-24', '', TRUE, '');
INSERT INTO branch_b01.session VALUES (1, 'm000002', 'Lecture', '10:00', '11:00', '2024-12-31', '', TRUE, '');
INSERT INTO branch_b01.session VALUES (3, 'm000002', 'Practical', '11:00', '12:00', '2024-12-31', '', TRUE, '');
INSERT INTO branch_b01.session VALUES (1, 'm000002', 'Lecture', '10:00', '11:00', '2025-01-07', '', TRUE, '');
INSERT INTO branch_b01.session VALUES (3, 'm000002', 'Practical', '11:00', '12:00', '2025-01-07', '', TRUE, '');
INSERT INTO branch_b01.session VALUES (1, 'm000002', 'Lecture', '10:00', '11:00', '2025-01-14', '', TRUE, '');
INSERT INTO branch_b01.session VALUES (2, 'm000002', 'Practical', '11:00', '12:00', '2025-01-14', '', TRUE, '');
INSERT INTO branch_b01.session VALUES (1, 'm000002', 'Lecture', '10:00', '11:00', '2025-01-21', '', TRUE, '');
INSERT INTO branch_b01.session VALUES (3, 'm000002', 'Practical', '11:00', '12:00', '2025-01-21', '', TRUE, '');
INSERT INTO branch_b01.session VALUES (1, 'm000003', 'Lecture', '11:00', '12:00', '2024-11-05', '', TRUE, '');
INSERT INTO branch_b01.session VALUES (2, 'm000003', 'Practical', '12:00', '13:00', '2024-11-05', '', TRUE, '');
INSERT INTO branch_b01.session VALUES (1, 'm000003', 'Lecture', '11:00', '12:00', '2024-11-12', '', TRUE, '');
INSERT INTO branch_b01.session VALUES (2, 'm000003', 'Practical', '12:00', '13:00', '2024-11-12', '', TRUE, '');
INSERT INTO branch_b01.session VALUES (1, 'm000003', 'Lecture', '11:00', '12:00', '2024-11-19', '', TRUE, '');
INSERT INTO branch_b01.session VALUES (3, 'm000003', 'Practical', '12:00', '13:00', '2024-11-19', '', TRUE, '');
INSERT INTO branch_b01.session VALUES (1, 'm000003', 'Lecture', '11:00', '12:00', '2024-11-26', '', TRUE, '');
INSERT INTO branch_b01.session VALUES (2, 'm000003', 'Practical', '12:00', '13:00', '2024-11-26', '', TRUE, '');
INSERT INTO branch_b01.session VALUES (1, 'm000003', 'Lecture', '11:00', '12:00', '2024-12-03', '', TRUE, '');
INSERT INTO branch_b01.session VALUES (3, 'm000003', 'Practical', '12:00', '13:00', '2024-12-03', '', TRUE, '');
INSERT INTO branch_b01.session VALUES (1, 'm000003', 'Lecture', '11:00', '12:00', '2024-12-10', '', TRUE, '');
INSERT INTO branch_b01.session VALUES (2, 'm000003', 'Practical', '12:00', '13:00', '2024-12-10', '', TRUE, '');

-- Records of branch_b01.session
INSERT INTO branch_b01.session VALUES (1, 'm000003', 'Lecture', '11:00', '12:00', '2024-12-24', '', TRUE, '');
INSERT INTO branch_b01.session VALUES (2, 'm000003', 'Practical', '12:00', '13:00', '2024-12-24', '', TRUE, '');
INSERT INTO branch_b01.session VALUES (1, 'm000003', 'Lecture', '11:00', '12:00', '2024-12-31', '', TRUE, '');
INSERT INTO branch_b01.session VALUES (3, 'm000003', 'Practical', '12:00', '13:00', '2024-12-31', '', TRUE, '');
INSERT INTO branch_b01.session VALUES (1, 'm000003', 'Lecture', '11:00', '12:00', '2025-01-07', '', TRUE, '');
INSERT INTO branch_b01.session VALUES (2, 'm000003', 'Practical', '12:00', '13:00', '2025-01-07', '', TRUE, '');
INSERT INTO branch_b01.session VALUES (1, 'm000003', 'Lecture', '11:00', '12:00', '2025-01-14', '', TRUE, '');
INSERT INTO branch_b01.session VALUES (3, 'm000003', 'Practical', '12:00', '13:00', '2025-01-14', '', TRUE, '');
INSERT INTO branch_b01.session VALUES (1, 'm000003', 'Lecture', '11:00', '12:00', '2025-01-21', '', TRUE, '');
INSERT INTO branch_b01.session VALUES (2, 'm000003', 'Practical', '12:00', '13:00', '2025-01-21', '', TRUE, '');
INSERT INTO branch_b01.session VALUES (1, 'm000004', 'Lecture', '12:00', '13:00', '2024-11-05', '', TRUE, '');
INSERT INTO branch_b01.session VALUES (2, 'm000004', 'Practical', '13:00', '14:00', '2024-11-05', '', TRUE, '');
INSERT INTO branch_b01.session VALUES (1, 'm000004', 'Lecture', '12:00', '13:00', '2024-11-12', '', TRUE, '');
INSERT INTO branch_b01.session VALUES (3, 'm000004', 'Practical', '13:00', '14:00', '2024-11-12', '', TRUE, '');
INSERT INTO branch_b01.session VALUES (1, 'm000004', 'Lecture', '12:00', '13:00', '2024-11-19', '', TRUE, '');
INSERT INTO branch_b01.session VALUES (2, 'm000004', 'Practical', '13:00', '14:00', '2024-11-19', '', TRUE, '');
INSERT INTO branch_b01.session VALUES (1, 'm000004', 'Lecture', '12:00', '13:00', '2024-11-26', '', TRUE, '');
INSERT INTO branch_b01.session VALUES (2, 'm000004', 'Practical', '13:00', '14:00', '2024-11-26', '', TRUE, '');
INSERT INTO branch_b01.session VALUES (1, 'm000004', 'Lecture', '12:00', '13:00', '2024-12-03', '', TRUE, '');
INSERT INTO branch_b01.session VALUES (2, 'm000004', 'Practical', '13:00', '14:00', '2024-12-03', '', TRUE, '');
INSERT INTO branch_b01.session VALUES (1, 'm000004', 'Lecture', '12:00', '13:00', '2024-12-10', '', TRUE, '');
INSERT INTO branch_b01.session VALUES (2, 'm000004', 'Practical', '13:00', '14:00', '2024-12-10', '', TRUE, '');
INSERT INTO branch_b01.session VALUES (1, 'm000004', 'Lecture', '12:00', '13:00', '2024-12-17', '', TRUE, '');
INSERT INTO branch_b01.session VALUES (2, 'm000004', 'Practical', '13:00', '14:00', '2024-12-17', '', TRUE, '');
INSERT INTO branch_b01.session VALUES (1, 'm000004', 'Lecture', '12:00', '13:00', '2024-12-24', '', TRUE, '');
INSERT INTO branch_b01.session VALUES (2, 'm000004', 'Practical', '13:00', '14:00', '2024-12-24', '', TRUE, '');
INSERT INTO branch_b01.session VALUES (1, 'm000004', 'Lecture', '12:00', '13:00', '2024-12-31', '', TRUE, '');
INSERT INTO branch_b01.session VALUES (2, 'm000004', 'Practical', '13:00', '14:00', '2024-12-31', '', TRUE, '');
INSERT INTO branch_b01.session VALUES (1, 'm000004', 'Lecture', '12:00', '13:00', '2025-01-07', '', TRUE, '');
INSERT INTO branch_b01.session VALUES (3, 'm000004', 'Practical', '13:00', '14:00', '2025-01-07', '', TRUE, '');
INSERT INTO branch_b01.session VALUES (1, 'm000004', 'Lecture', '12:00', '13:00', '2025-01-14', '', TRUE, '');
INSERT INTO branch_b01.session VALUES (3, 'm000004', 'Practical', '13:00', '14:00', '2025-01-14', '', TRUE, '');
INSERT INTO branch_b01.session VALUES (1, 'm000004', 'Lecture', '12:00', '13:00', '2025-01-21', '', TRUE, '');
INSERT INTO branch_b01.session VALUES (3, 'm000004', 'Practical', '13:00', '14:00', '2025-01-21', '', TRUE, '');
INSERT INTO branch_b01.session VALUES (1, 'm000009', 'Lecture', '13:00', '14:00', '2024-11-05', '', TRUE, '');
INSERT INTO branch_b01.session VALUES (3, 'm000009', 'Practical', '14:00', '15:00', '2024-11-05', '', TRUE, '');
INSERT INTO branch_b01.session VALUES (1, 'm000009', 'Lecture', '13:00', '14:00', '2024-11-12', '', TRUE, '');
INSERT INTO branch_b01.session VALUES (3, 'm000009', 'Practical', '14:00', '15:00', '2024-11-12', '', TRUE, '');
INSERT INTO branch_b01.session VALUES (1, 'm000009', 'Lecture', '13:00', '14:00', '2024-11-19', '', TRUE, '');
INSERT INTO branch_b01.session VALUES (3, 'm000009', 'Practical', '14:00', '15:00', '2024-11-19', '', TRUE, '');
INSERT INTO branch_b01.session VALUES (1, 'm000009', 'Lecture', '13:00', '14:00', '2024-11-26', '', TRUE, '');
INSERT INTO branch_b01.session VALUES (3, 'm000009', 'Practical', '14:00', '15:00', '2024-11-26', '', TRUE, '');
INSERT INTO branch_b01.session VALUES (1, 'm000009', 'Lecture', '13:00', '14:00', '2024-12-03', '', TRUE, '');
INSERT INTO branch_b01.session VALUES (2, 'm000009', 'Practical', '14:00', '15:00', '2024-12-03', '', TRUE, '');
INSERT INTO branch_b01.session VALUES (1, 'm000009', 'Lecture', '13:00', '14:00', '2024-12-10', '', TRUE, '');
INSERT INTO branch_b01.session VALUES (3, 'm000009', 'Practical', '14:00', '15:00', '2024-12-10', '', TRUE, '');
INSERT INTO branch_b01.session VALUES (1, 'm000009', 'Lecture', '13:00', '14:00', '2024-12-17', '', TRUE, '');
INSERT INTO branch_b01.session VALUES (2, 'm000009', 'Practical', '14:00', '15:00', '2024-12-17', '', TRUE, '');
INSERT INTO branch_b01.session VALUES (1, 'm000009', 'Lecture', '13:00', '14:00', '2024-12-24', '', TRUE, '');
INSERT INTO branch_b01.session VALUES (2, 'm000009', 'Practical', '14:00', '15:00', '2024-12-24', '', TRUE, '');
INSERT INTO branch_b01.session VALUES (1, 'm000009', 'Lecture', '13:00', '14:00', '2024-12-31', '', TRUE, '');
INSERT INTO branch_b01.session VALUES (2, 'm000009', 'Practical', '14:00', '15:00', '2024-12-31', '', TRUE, '');
INSERT INTO branch_b01.session VALUES (1, 'm000009', 'Lecture', '13:00', '14:00', '2025-01-07', '', TRUE, '');
INSERT INTO branch_b01.session VALUES (2, 'm000009', 'Practical', '14:00', '15:00', '2025-01-07', '', TRUE, '');
INSERT INTO branch_b01.session VALUES (1, 'm000009', 'Lecture', '13:00', '14:00', '2025-01-14', '', TRUE, '');
INSERT INTO branch_b01.session VALUES (2, 'm000009', 'Practical', '14:00', '15:00', '2025-01-14', '', TRUE, '');
INSERT INTO branch_b01.session VALUES (1, 'm000009', 'Lecture', '13:00', '14:00', '2025-01-21', '', TRUE, '');
INSERT INTO branch_b01.session VALUES (3, 'm000009', 'Practical', '14:00', '15:00', '2025-01-21', '', TRUE, '');
INSERT INTO branch_b01.session VALUES (1, 'm000010', 'Lecture', '14:00', '15:00', '2024-11-05', '', TRUE, '');
INSERT INTO branch_b01.session VALUES (3, 'm000010', 'Practical', '15:00', '16:00', '2024-11-05', '', TRUE, '');
INSERT INTO branch_b01.session VALUES (1, 'm000010', 'Lecture', '14:00', '15:00', '2024-11-12', '', TRUE, '');
INSERT INTO branch_b01.session VALUES (3, 'm000010', 'Practical', '15:00', '16:00', '2024-11-12', '', TRUE, '');

-- Records of branch_b01.session
INSERT INTO branch_b01.session VALUES (1, 'm000010', 'Lecture', '14:00', '15:00', '2024-11-26', '', TRUE, '');
INSERT INTO branch_b01.session VALUES (2, 'm000010', 'Practical', '15:00', '16:00', '2024-11-26', '', TRUE, '');
INSERT INTO branch_b01.session VALUES (1, 'm000010', 'Lecture', '14:00', '15:00', '2024-12-03', '', TRUE, '');
INSERT INTO branch_b01.session VALUES (3, 'm000010', 'Practical', '15:00', '16:00', '2024-12-03', '', TRUE, '');
INSERT INTO branch_b01.session VALUES (1, 'm000010', 'Lecture', '14:00', '15:00', '2024-12-10', '', TRUE, '');
INSERT INTO branch_b01.session VALUES (2, 'm000010', 'Practical', '15:00', '16:00', '2024-12-10', '', TRUE, '');
INSERT INTO branch_b01.session VALUES (1, 'm000010', 'Lecture', '14:00', '15:00', '2024-12-17', '', TRUE, '');
INSERT INTO branch_b01.session VALUES (2, 'm000010', 'Practical', '15:00', '16:00', '2024-12-17', '', TRUE, '');
INSERT INTO branch_b01.session VALUES (1, 'm000010', 'Lecture', '14:00', '15:00', '2024-12-24', '', TRUE, '');
INSERT INTO branch_b01.session VALUES (2, 'm000010', 'Practical', '15:00', '16:00', '2024-12-24', '', TRUE, '');
INSERT INTO branch_b01.session VALUES (1, 'm000010', 'Lecture', '14:00', '15:00', '2024-12-31', '', TRUE, '');
INSERT INTO branch_b01.session VALUES (3, 'm000010', 'Practical', '15:00', '16:00', '2024-12-31', '', TRUE, '');
INSERT INTO branch_b01.session VALUES (1, 'm000010', 'Lecture', '14:00', '15:00', '2025-01-07', '', TRUE, '');
INSERT INTO branch_b01.session VALUES (2, 'm000010', 'Practical', '15:00', '16:00', '2025-01-07', '', TRUE, '');
INSERT INTO branch_b01.session VALUES (1, 'm000010', 'Lecture', '14:00', '15:00', '2025-01-14', '', TRUE, '');
INSERT INTO branch_b01.session VALUES (2, 'm000010', 'Practical', '15:00', '16:00', '2025-01-14', '', TRUE, '');
INSERT INTO branch_b01.session VALUES (1, 'm000010', 'Lecture', '14:00', '15:00', '2025-01-21', '', TRUE, '');
INSERT INTO branch_b01.session VALUES (3, 'm000010', 'Practical', '15:00', '16:00', '2025-01-21', '', TRUE, '');
INSERT INTO branch_b01.session VALUES (1, 'm000011', 'Lecture', '15:00', '16:00', '2024-11-05', '', TRUE, '');
INSERT INTO branch_b01.session VALUES (3, 'm000011', 'Practical', '16:00', '17:00', '2024-11-05', '', TRUE, '');
INSERT INTO branch_b01.session VALUES (1, 'm000011', 'Lecture', '15:00', '16:00', '2024-11-12', '', TRUE, '');
INSERT INTO branch_b01.session VALUES (3, 'm000011', 'Practical', '16:00', '17:00', '2024-11-12', '', TRUE, '');
INSERT INTO branch_b01.session VALUES (1, 'm000011', 'Lecture', '15:00', '16:00', '2024-11-19', '', TRUE, '');
INSERT INTO branch_b01.session VALUES (2, 'm000011', 'Practical', '16:00', '17:00', '2024-11-19', '', TRUE, '');
INSERT INTO branch_b01.session VALUES (1, 'm000011', 'Lecture', '15:00', '16:00', '2024-11-26', '', TRUE, '');
INSERT INTO branch_b01.session VALUES (3, 'm000011', 'Practical', '16:00', '17:00', '2024-11-26', '', TRUE, '');
INSERT INTO branch_b01.session VALUES (1, 'm000011', 'Lecture', '15:00', '16:00', '2024-12-03', '', TRUE, '');
INSERT INTO branch_b01.session VALUES (2, 'm000011', 'Practical', '16:00', '17:00', '2024-12-03', '', TRUE, '');
INSERT INTO branch_b01.session VALUES (1, 'm000011', 'Lecture', '15:00', '16:00', '2024-12-10', '', TRUE, '');
INSERT INTO branch_b01.session VALUES (3, 'm000011', 'Practical', '16:00', '17:00', '2024-12-10', '', TRUE, '');
INSERT INTO branch_b01.session VALUES (1, 'm000011', 'Lecture', '15:00', '16:00', '2024-12-17', '', TRUE, '');
INSERT INTO branch_b01.session VALUES (3, 'm000011', 'Practical', '16:00', '17:00', '2024-12-17', '', TRUE, '');
INSERT INTO branch_b01.session VALUES (1, 'm000011', 'Lecture', '15:00', '16:00', '2024-12-24', '', TRUE, '');
INSERT INTO branch_b01.session VALUES (2, 'm000011', 'Practical', '16:00', '17:00', '2024-12-24', '', TRUE, '');
INSERT INTO branch_b01.session VALUES (1, 'm000011', 'Lecture', '15:00', '16:00', '2024-12-31', '', TRUE, '');
INSERT INTO branch_b01.session VALUES (2, 'm000011', 'Practical', '16:00', '17:00', '2024-12-31', '', TRUE, '');
INSERT INTO branch_b01.session VALUES (1, 'm000011', 'Lecture', '15:00', '16:00', '2025-01-07', '', TRUE, '');
INSERT INTO branch_b01.session VALUES (2, 'm000011', 'Practical', '16:00', '17:00', '2025-01-07', '', TRUE, '');
INSERT INTO branch_b01.session VALUES (1, 'm000011', 'Lecture', '15:00', '16:00', '2025-01-14', '', TRUE, '');
INSERT INTO branch_b01.session VALUES (2, 'm000011', 'Practical', '16:00', '17:00', '2025-01-14', '', TRUE, '');
INSERT INTO branch_b01.session VALUES (1, 'm000011', 'Lecture', '15:00', '16:00', '2025-01-21', '', TRUE, '');
INSERT INTO branch_b01.session VALUES (3, 'm000011', 'Practical', '16:00', '17:00', '2025-01-21', '', TRUE, '');
INSERT INTO branch_b01.session VALUES (1, 'm000012', 'Lecture', '16:00', '17:00', '2024-11-05', '', TRUE, '');
INSERT INTO branch_b01.session VALUES (2, 'm000012', 'Practical', '17:00', '18:00', '2024-11-05', '', TRUE, '');
INSERT INTO branch_b01.session VALUES (1, 'm000012', 'Lecture', '16:00', '17:00', '2024-11-12', '', TRUE, '');
INSERT INTO branch_b01.session VALUES (3, 'm000012', 'Practical', '17:00', '18:00', '2024-11-12', '', TRUE, '');
INSERT INTO branch_b01.session VALUES (1, 'm000012', 'Lecture', '16:00', '17:00', '2024-11-19', '', TRUE, '');
INSERT INTO branch_b01.session VALUES (3, 'm000012', 'Practical', '17:00', '18:00', '2024-11-19', '', TRUE, '');
INSERT INTO branch_b01.session VALUES (1, 'm000012', 'Lecture', '16:00', '17:00', '2024-11-26', '', TRUE, '');
INSERT INTO branch_b01.session VALUES (3, 'm000012', 'Practical', '17:00', '18:00', '2024-11-26', '', TRUE, '');
INSERT INTO branch_b01.session VALUES (1, 'm000012', 'Lecture', '16:00', '17:00', '2024-12-03', '', TRUE, '');
INSERT INTO branch_b01.session VALUES (2, 'm000012', 'Practical', '17:00', '18:00', '2024-12-03', '', TRUE, '');
INSERT INTO branch_b01.session VALUES (1, 'm000012', 'Lecture', '16:00', '17:00', '2024-12-10', '', TRUE, '');
INSERT INTO branch_b01.session VALUES (2, 'm000012', 'Practical', '17:00', '18:00', '2024-12-10', '', TRUE, '');
INSERT INTO branch_b01.session VALUES (1, 'm000012', 'Lecture', '16:00', '17:00', '2024-12-17', '', TRUE, '');
INSERT INTO branch_b01.session VALUES (3, 'm000012', 'Practical', '17:00', '18:00', '2024-12-17', '', TRUE, '');
INSERT INTO branch_b01.session VALUES (1, 'm000012', 'Lecture', '16:00', '17:00', '2024-12-24', '', TRUE, '');
INSERT INTO branch_b01.session VALUES (2, 'm000012', 'Practical', '17:00', '18:00', '2024-12-24', '', TRUE, '');
INSERT INTO branch_b01.session VALUES (1, 'm000012', 'Lecture', '16:00', '17:00', '2024-12-31', '', TRUE, '');
INSERT INTO branch_b01.session VALUES (3, 'm000012', 'Practical', '17:00', '18:00', '2024-12-31', '', TRUE, '');
INSERT INTO branch_b01.session VALUES (1, 'm000012', 'Lecture', '16:00', '17:00', '2025-01-07', '', TRUE, '');
INSERT INTO branch_b01.session VALUES (2, 'm000012', 'Practical', '17:00', '18:00', '2025-01-07', '', TRUE, '');
INSERT INTO branch_b01.session VALUES (1, 'm000012', 'Lecture', '16:00', '17:00', '2025-01-14', '', TRUE, '');
INSERT INTO branch_b01.session VALUES (2, 'm000012', 'Practical', '17:00', '18:00', '2025-01-14', '', TRUE, '');
INSERT INTO branch_b01.session VALUES (1, 'm000012', 'Lecture', '16:00', '17:00', '2025-01-21', '', TRUE, '');
INSERT INTO branch_b01.session VALUES (3, 'm000012', 'Practical', '17:00', '18:00', '2025-01-21', '', TRUE, '');

-- Records of branch_b01.staff_session
INSERT INTO branch_b01.staff_session VALUES ('s000000001', 'sesh000001');
INSERT INTO branch_b01.staff_session VALUES ('s000000002', 'sesh000001');
INSERT INTO branch_b01.staff_session VALUES ('s000000001', 'sesh000002');
INSERT INTO branch_b01.staff_session VALUES ('s000000002', 'sesh000002');
INSERT INTO branch_b01.staff_session VALUES ('s000000001', 'sesh000003');
INSERT INTO branch_b01.staff_session VALUES ('s000000002', 'sesh000003');
INSERT INTO branch_b01.staff_session VALUES ('s000000001', 'sesh000004');
INSERT INTO branch_b01.staff_session VALUES ('s000000002', 'sesh000004');
INSERT INTO branch_b01.staff_session VALUES ('s000000001', 'sesh000005');
INSERT INTO branch_b01.staff_session VALUES ('s000000002', 'sesh000005');
INSERT INTO branch_b01.staff_session VALUES ('s000000001', 'sesh000006');
INSERT INTO branch_b01.staff_session VALUES ('s000000002', 'sesh000006');
INSERT INTO branch_b01.staff_session VALUES ('s000000001', 'sesh000007');
INSERT INTO branch_b01.staff_session VALUES ('s000000002', 'sesh000007');
INSERT INTO branch_b01.staff_session VALUES ('s000000001', 'sesh000008');
INSERT INTO branch_b01.staff_session VALUES ('s000000002', 'sesh000008');
INSERT INTO branch_b01.staff_session VALUES ('s000000001', 'sesh000009');
INSERT INTO branch_b01.staff_session VALUES ('s000000002', 'sesh000009');
INSERT INTO branch_b01.staff_session VALUES ('s000000001', 'sesh000010');
INSERT INTO branch_b01.staff_session VALUES ('s000000002', 'sesh000010');
INSERT INTO branch_b01.staff_session VALUES ('s000000001', 'sesh000011');
INSERT INTO branch_b01.staff_session VALUES ('s000000002', 'sesh000011');
INSERT INTO branch_b01.staff_session VALUES ('s000000001', 'sesh000012');
INSERT INTO branch_b01.staff_session VALUES ('s000000002', 'sesh000012');
INSERT INTO branch_b01.staff_session VALUES ('s000000001', 'sesh000013');
INSERT INTO branch_b01.staff_session VALUES ('s000000002', 'sesh000013');
INSERT INTO branch_b01.staff_session VALUES ('s000000001', 'sesh000014');
INSERT INTO branch_b01.staff_session VALUES ('s000000002', 'sesh000014');
INSERT INTO branch_b01.staff_session VALUES ('s000000001', 'sesh000015');
INSERT INTO branch_b01.staff_session VALUES ('s000000002', 'sesh000015');
INSERT INTO branch_b01.staff_session VALUES ('s000000001', 'sesh000016');
INSERT INTO branch_b01.staff_session VALUES ('s000000002', 'sesh000016');
INSERT INTO branch_b01.staff_session VALUES ('s000000001', 'sesh000017');
INSERT INTO branch_b01.staff_session VALUES ('s000000002', 'sesh000017');
INSERT INTO branch_b01.staff_session VALUES ('s000000001', 'sesh000018');
INSERT INTO branch_b01.staff_session VALUES ('s000000002', 'sesh000018');
INSERT INTO branch_b01.staff_session VALUES ('s000000001', 'sesh000019');
INSERT INTO branch_b01.staff_session VALUES ('s000000002', 'sesh000019');
INSERT INTO branch_b01.staff_session VALUES ('s000000001', 'sesh000020');
INSERT INTO branch_b01.staff_session VALUES ('s000000002', 'sesh000020');
INSERT INTO branch_b01.staff_session VALUES ('s000000001', 'sesh000021');
INSERT INTO branch_b01.staff_session VALUES ('s000000002', 'sesh000021');
INSERT INTO branch_b01.staff_session VALUES ('s000000001', 'sesh000022');
INSERT INTO branch_b01.staff_session VALUES ('s000000002', 'sesh000022');
INSERT INTO branch_b01.staff_session VALUES ('s000000001', 'sesh000023');
INSERT INTO branch_b01.staff_session VALUES ('s000000002', 'sesh000023');
INSERT INTO branch_b01.staff_session VALUES ('s000000001', 'sesh000024');
INSERT INTO branch_b01.staff_session VALUES ('s000000002', 'sesh000024');
INSERT INTO branch_b01.staff_session VALUES ('s000000001', 'sesh000025');
INSERT INTO branch_b01.staff_session VALUES ('s000000002', 'sesh000025');
INSERT INTO branch_b01.staff_session VALUES ('s000000001', 'sesh000026');
INSERT INTO branch_b01.staff_session VALUES ('s000000002', 'sesh000026');
INSERT INTO branch_b01.staff_session VALUES ('s000000001', 'sesh000027');
INSERT INTO branch_b01.staff_session VALUES ('s000000002', 'sesh000027');
INSERT INTO branch_b01.staff_session VALUES ('s000000001', 'sesh000028');
INSERT INTO branch_b01.staff_session VALUES ('s000000002', 'sesh000028');
INSERT INTO branch_b01.staff_session VALUES ('s000000001', 'sesh000029');
INSERT INTO branch_b01.staff_session VALUES ('s000000002', 'sesh000029');
INSERT INTO branch_b01.staff_session VALUES ('s000000001', 'sesh000030');
INSERT INTO branch_b01.staff_session VALUES ('s000000002', 'sesh000030');
INSERT INTO branch_b01.staff_session VALUES ('s000000001', 'sesh000031');
INSERT INTO branch_b01.staff_session VALUES ('s000000002', 'sesh000031');
INSERT INTO branch_b01.staff_session VALUES ('s000000001', 'sesh000032');
INSERT INTO branch_b01.staff_session VALUES ('s000000002', 'sesh000032');
INSERT INTO branch_b01.staff_session VALUES ('s000000001', 'sesh000033');
INSERT INTO branch_b01.staff_session VALUES ('s000000002', 'sesh000033');
INSERT INTO branch_b01.staff_session VALUES ('s000000001', 'sesh000034');
INSERT INTO branch_b01.staff_session VALUES ('s000000002', 'sesh000034');
INSERT INTO branch_b01.staff_session VALUES ('s000000001', 'sesh000035');
INSERT INTO branch_b01.staff_session VALUES ('s000000002', 'sesh000035');
INSERT INTO branch_b01.staff_session VALUES ('s000000001', 'sesh000036');
INSERT INTO branch_b01.staff_session VALUES ('s000000002', 'sesh000036');
INSERT INTO branch_b01.staff_session VALUES ('s000000001', 'sesh000037');
INSERT INTO branch_b01.staff_session VALUES ('s000000002', 'sesh000037');
INSERT INTO branch_b01.staff_session VALUES ('s000000001', 'sesh000038');
INSERT INTO branch_b01.staff_session VALUES ('s000000002', 'sesh000038');
INSERT INTO branch_b01.staff_session VALUES ('s000000001', 'sesh000039');
INSERT INTO branch_b01.staff_session VALUES ('s000000002', 'sesh000039');
INSERT INTO branch_b01.staff_session VALUES ('s000000001', 'sesh000040');
INSERT INTO branch_b01.staff_session VALUES ('s000000002', 'sesh000040');
INSERT INTO branch_b01.staff_session VALUES ('s000000001', 'sesh000041');
INSERT INTO branch_b01.staff_session VALUES ('s000000002', 'sesh000041');
INSERT INTO branch_b01.staff_session VALUES ('s000000001', 'sesh000042');
INSERT INTO branch_b01.staff_session VALUES ('s000000002', 'sesh000042');
INSERT INTO branch_b01.staff_session VALUES ('s000000001', 'sesh000043');
INSERT INTO branch_b01.staff_session VALUES ('s000000002', 'sesh000043');
INSERT INTO branch_b01.staff_session VALUES ('s000000001', 'sesh000044');
INSERT INTO branch_b01.staff_session VALUES ('s000000002', 'sesh000044');
INSERT INTO branch_b01.staff_session VALUES ('s000000001', 'sesh000045');
INSERT INTO branch_b01.staff_session VALUES ('s000000002', 'sesh000045');
INSERT INTO branch_b01.staff_session VALUES ('s000000001', 'sesh000046');
INSERT INTO branch_b01.staff_session VALUES ('s000000002', 'sesh000046');
INSERT INTO branch_b01.staff_session VALUES ('s000000001', 'sesh000047');
INSERT INTO branch_b01.staff_session VALUES ('s000000002', 'sesh000047');
INSERT INTO branch_b01.staff_session VALUES ('s000000001', 'sesh000048');
INSERT INTO branch_b01.staff_session VALUES ('s000000002', 'sesh000048');
INSERT INTO branch_b01.staff_session VALUES ('s000000001', 'sesh000049');

-- Records of branch_b01.staff_session
INSERT INTO branch_b01.staff_session VALUES ('s000000002', 'sesh000050');
INSERT INTO branch_b01.staff_session VALUES ('s000000001', 'sesh000051');
INSERT INTO branch_b01.staff_session VALUES ('s000000002', 'sesh000051');
INSERT INTO branch_b01.staff_session VALUES ('s000000001', 'sesh000052');
INSERT INTO branch_b01.staff_session VALUES ('s000000002', 'sesh000052');
INSERT INTO branch_b01.staff_session VALUES ('s000000001', 'sesh000053');
INSERT INTO branch_b01.staff_session VALUES ('s000000002', 'sesh000053');
INSERT INTO branch_b01.staff_session VALUES ('s000000001', 'sesh000054');
INSERT INTO branch_b01.staff_session VALUES ('s000000002', 'sesh000054');
INSERT INTO branch_b01.staff_session VALUES ('s000000001', 'sesh000055');
INSERT INTO branch_b01.staff_session VALUES ('s000000002', 'sesh000055');
INSERT INTO branch_b01.staff_session VALUES ('s000000001', 'sesh000056');
INSERT INTO branch_b01.staff_session VALUES ('s000000002', 'sesh000056');
INSERT INTO branch_b01.staff_session VALUES ('s000000001', 'sesh000057');
INSERT INTO branch_b01.staff_session VALUES ('s000000002', 'sesh000057');
INSERT INTO branch_b01.staff_session VALUES ('s000000001', 'sesh000058');
INSERT INTO branch_b01.staff_session VALUES ('s000000002', 'sesh000058');
INSERT INTO branch_b01.staff_session VALUES ('s000000001', 'sesh000059');
INSERT INTO branch_b01.staff_session VALUES ('s000000002', 'sesh000059');
INSERT INTO branch_b01.staff_session VALUES ('s000000001', 'sesh000060');
INSERT INTO branch_b01.staff_session VALUES ('s000000002', 'sesh000060');
INSERT INTO branch_b01.staff_session VALUES ('s000000001', 'sesh000061');
INSERT INTO branch_b01.staff_session VALUES ('s000000002', 'sesh000061');
INSERT INTO branch_b01.staff_session VALUES ('s000000001', 'sesh000062');
INSERT INTO branch_b01.staff_session VALUES ('s000000002', 'sesh000062');
INSERT INTO branch_b01.staff_session VALUES ('s000000001', 'sesh000063');
INSERT INTO branch_b01.staff_session VALUES ('s000000002', 'sesh000063');
INSERT INTO branch_b01.staff_session VALUES ('s000000001', 'sesh000064');
INSERT INTO branch_b01.staff_session VALUES ('s000000002', 'sesh000064');
INSERT INTO branch_b01.staff_session VALUES ('s000000001', 'sesh000065');
INSERT INTO branch_b01.staff_session VALUES ('s000000002', 'sesh000065');
INSERT INTO branch_b01.staff_session VALUES ('s000000001', 'sesh000066');
INSERT INTO branch_b01.staff_session VALUES ('s000000002', 'sesh000066');
INSERT INTO branch_b01.staff_session VALUES ('s000000001', 'sesh000067');
INSERT INTO branch_b01.staff_session VALUES ('s000000002', 'sesh000067');
INSERT INTO branch_b01.staff_session VALUES ('s000000001', 'sesh000068');
INSERT INTO branch_b01.staff_session VALUES ('s000000002', 'sesh000068');
INSERT INTO branch_b01.staff_session VALUES ('s000000001', 'sesh000069');
INSERT INTO branch_b01.staff_session VALUES ('s000000002', 'sesh000069');
INSERT INTO branch_b01.staff_session VALUES ('s000000001', 'sesh000070');
INSERT INTO branch_b01.staff_session VALUES ('s000000002', 'sesh000070');
INSERT INTO branch_b01.staff_session VALUES ('s000000001', 'sesh000071');
INSERT INTO branch_b01.staff_session VALUES ('s000000002', 'sesh000071');
INSERT INTO branch_b01.staff_session VALUES ('s000000001', 'sesh000072');
INSERT INTO branch_b01.staff_session VALUES ('s000000002', 'sesh000072');
INSERT INTO branch_b01.staff_session VALUES ('s000000001', 'sesh000073');
INSERT INTO branch_b01.staff_session VALUES ('s000000002', 'sesh000073');
INSERT INTO branch_b01.staff_session VALUES ('s000000001', 'sesh000074');
INSERT INTO branch_b01.staff_session VALUES ('s000000002', 'sesh000074');
INSERT INTO branch_b01.staff_session VALUES ('s000000001', 'sesh000075');
INSERT INTO branch_b01.staff_session VALUES ('s000000002', 'sesh000075');
INSERT INTO branch_b01.staff_session VALUES ('s000000001', 'sesh000076');
INSERT INTO branch_b01.staff_session VALUES ('s000000002', 'sesh000076');
INSERT INTO branch_b01.staff_session VALUES ('s000000001', 'sesh000077');
INSERT INTO branch_b01.staff_session VALUES ('s000000002', 'sesh000077');
INSERT INTO branch_b01.staff_session VALUES ('s000000001', 'sesh000078');
INSERT INTO branch_b01.staff_session VALUES ('s000000002', 'sesh000078');
INSERT INTO branch_b01.staff_session VALUES ('s000000001', 'sesh000079');
INSERT INTO branch_b01.staff_session VALUES ('s000000002', 'sesh000079');
INSERT INTO branch_b01.staff_session VALUES ('s000000001', 'sesh000080');
INSERT INTO branch_b01.staff_session VALUES ('s000000002', 'sesh000080');
INSERT INTO branch_b01.staff_session VALUES ('s000000001', 'sesh000081');
INSERT INTO branch_b01.staff_session VALUES ('s000000002', 'sesh000081');
INSERT INTO branch_b01.staff_session VALUES ('s000000001', 'sesh000082');
INSERT INTO branch_b01.staff_session VALUES ('s000000002', 'sesh000082');
INSERT INTO branch_b01.staff_session VALUES ('s000000001', 'sesh000083');
INSERT INTO branch_b01.staff_session VALUES ('s000000002', 'sesh000083');
INSERT INTO branch_b01.staff_session VALUES ('s000000001', 'sesh000084');
INSERT INTO branch_b01.staff_session VALUES ('s000000002', 'sesh000084');
INSERT INTO branch_b01.staff_session VALUES ('s000000001', 'sesh000085');
INSERT INTO branch_b01.staff_session VALUES ('s000000002', 'sesh000085');
INSERT INTO branch_b01.staff_session VALUES ('s000000001', 'sesh000086');
INSERT INTO branch_b01.staff_session VALUES ('s000000002', 'sesh000086');
INSERT INTO branch_b01.staff_session VALUES ('s000000001', 'sesh000087');
INSERT INTO branch_b01.staff_session VALUES ('s000000002', 'sesh000087');
INSERT INTO branch_b01.staff_session VALUES ('s000000001', 'sesh000088');
INSERT INTO branch_b01.staff_session VALUES ('s000000002', 'sesh000088');
INSERT INTO branch_b01.staff_session VALUES ('s000000001', 'sesh000089');
INSERT INTO branch_b01.staff_session VALUES ('s000000002', 'sesh000089');
INSERT INTO branch_b01.staff_session VALUES ('s000000001', 'sesh000090');
INSERT INTO branch_b01.staff_session VALUES ('s000000002', 'sesh000090');
INSERT INTO branch_b01.staff_session VALUES ('s000000001', 'sesh000091');
INSERT INTO branch_b01.staff_session VALUES ('s000000002', 'sesh000091');
INSERT INTO branch_b01.staff_session VALUES ('s000000001', 'sesh000092');
INSERT INTO branch_b01.staff_session VALUES ('s000000002', 'sesh000092');
INSERT INTO branch_b01.staff_session VALUES ('s000000001', 'sesh000093');
INSERT INTO branch_b01.staff_session VALUES ('s000000002', 'sesh000093');
INSERT INTO branch_b01.staff_session VALUES ('s000000001', 'sesh000094');
INSERT INTO branch_b01.staff_session VALUES ('s000000002', 'sesh000094');
INSERT INTO branch_b01.staff_session VALUES ('s000000001', 'sesh000095');
INSERT INTO branch_b01.staff_session VALUES ('s000000002', 'sesh000095');
INSERT INTO branch_b01.staff_session VALUES ('s000000001', 'sesh000096');
INSERT INTO branch_b01.staff_session VALUES ('s000000002', 'sesh000096');
INSERT INTO branch_b01.staff_session VALUES ('s000000002', 'sesh000097');
INSERT INTO branch_b01.staff_session VALUES ('s000000003', 'sesh000097');
INSERT INTO branch_b01.staff_session VALUES ('s000000002', 'sesh000098');
INSERT INTO branch_b01.staff_session VALUES ('s000000003', 'sesh000098');
INSERT INTO branch_b01.staff_session VALUES ('s000000002', 'sesh000099');
INSERT INTO branch_b01.staff_session VALUES ('s000000003', 'sesh000099');

-- Records of branch_b01.staff_session
INSERT INTO branch_b01.staff_session VALUES ('s000000002', 'sesh000101');
INSERT INTO branch_b01.staff_session VALUES ('s000000003', 'sesh000101');
INSERT INTO branch_b01.staff_session VALUES ('s000000002', 'sesh000102');
INSERT INTO branch_b01.staff_session VALUES ('s000000003', 'sesh000102');
INSERT INTO branch_b01.staff_session VALUES ('s000000002', 'sesh000103');
INSERT INTO branch_b01.staff_session VALUES ('s000000003', 'sesh000103');
INSERT INTO branch_b01.staff_session VALUES ('s000000002', 'sesh000104');
INSERT INTO branch_b01.staff_session VALUES ('s000000003', 'sesh000104');
INSERT INTO branch_b01.staff_session VALUES ('s000000002', 'sesh000105');
INSERT INTO branch_b01.staff_session VALUES ('s000000003', 'sesh000105');
INSERT INTO branch_b01.staff_session VALUES ('s000000002', 'sesh000106');
INSERT INTO branch_b01.staff_session VALUES ('s000000003', 'sesh000106');
INSERT INTO branch_b01.staff_session VALUES ('s000000002', 'sesh000107');
INSERT INTO branch_b01.staff_session VALUES ('s000000003', 'sesh000107');
INSERT INTO branch_b01.staff_session VALUES ('s000000002', 'sesh000108');
INSERT INTO branch_b01.staff_session VALUES ('s000000003', 'sesh000108');
INSERT INTO branch_b01.staff_session VALUES ('s000000002', 'sesh000109');
INSERT INTO branch_b01.staff_session VALUES ('s000000003', 'sesh000109');
INSERT INTO branch_b01.staff_session VALUES ('s000000002', 'sesh000110');
INSERT INTO branch_b01.staff_session VALUES ('s000000003', 'sesh000110');
INSERT INTO branch_b01.staff_session VALUES ('s000000002', 'sesh000111');
INSERT INTO branch_b01.staff_session VALUES ('s000000003', 'sesh000111');
INSERT INTO branch_b01.staff_session VALUES ('s000000002', 'sesh000112');
INSERT INTO branch_b01.staff_session VALUES ('s000000003', 'sesh000112');
INSERT INTO branch_b01.staff_session VALUES ('s000000002', 'sesh000113');
INSERT INTO branch_b01.staff_session VALUES ('s000000003', 'sesh000113');
INSERT INTO branch_b01.staff_session VALUES ('s000000002', 'sesh000114');
INSERT INTO branch_b01.staff_session VALUES ('s000000003', 'sesh000114');
INSERT INTO branch_b01.staff_session VALUES ('s000000002', 'sesh000115');
INSERT INTO branch_b01.staff_session VALUES ('s000000003', 'sesh000115');
INSERT INTO branch_b01.staff_session VALUES ('s000000002', 'sesh000116');
INSERT INTO branch_b01.staff_session VALUES ('s000000003', 'sesh000116');
INSERT INTO branch_b01.staff_session VALUES ('s000000002', 'sesh000117');
INSERT INTO branch_b01.staff_session VALUES ('s000000003', 'sesh000117');
INSERT INTO branch_b01.staff_session VALUES ('s000000002', 'sesh000118');
INSERT INTO branch_b01.staff_session VALUES ('s000000003', 'sesh000118');
INSERT INTO branch_b01.staff_session VALUES ('s000000002', 'sesh000119');
INSERT INTO branch_b01.staff_session VALUES ('s000000003', 'sesh000119');
INSERT INTO branch_b01.staff_session VALUES ('s000000002', 'sesh000120');
INSERT INTO branch_b01.staff_session VALUES ('s000000003', 'sesh000120');
INSERT INTO branch_b01.staff_session VALUES ('s000000002', 'sesh000121');
INSERT INTO branch_b01.staff_session VALUES ('s000000003', 'sesh000121');
INSERT INTO branch_b01.staff_session VALUES ('s000000002', 'sesh000122');
INSERT INTO branch_b01.staff_session VALUES ('s000000003', 'sesh000122');
INSERT INTO branch_b01.staff_session VALUES ('s000000002', 'sesh000123');
INSERT INTO branch_b01.staff_session VALUES ('s000000003', 'sesh000123');
INSERT INTO branch_b01.staff_session VALUES ('s000000002', 'sesh000124');
INSERT INTO branch_b01.staff_session VALUES ('s000000003', 'sesh000124');
INSERT INTO branch_b01.staff_session VALUES ('s000000002', 'sesh000125');
INSERT INTO branch_b01.staff_session VALUES ('s000000003', 'sesh000125');
INSERT INTO branch_b01.staff_session VALUES ('s000000002', 'sesh000126');
INSERT INTO branch_b01.staff_session VALUES ('s000000003', 'sesh000126');
INSERT INTO branch_b01.staff_session VALUES ('s000000002', 'sesh000127');
INSERT INTO branch_b01.staff_session VALUES ('s000000003', 'sesh000127');
INSERT INTO branch_b01.staff_session VALUES ('s000000002', 'sesh000128');
INSERT INTO branch_b01.staff_session VALUES ('s000000003', 'sesh000128');
INSERT INTO branch_b01.staff_session VALUES ('s000000002', 'sesh000129');
INSERT INTO branch_b01.staff_session VALUES ('s000000003', 'sesh000129');
INSERT INTO branch_b01.staff_session VALUES ('s000000002', 'sesh000130');
INSERT INTO branch_b01.staff_session VALUES ('s000000003', 'sesh000130');
INSERT INTO branch_b01.staff_session VALUES ('s000000002', 'sesh000131');
INSERT INTO branch_b01.staff_session VALUES ('s000000003', 'sesh000131');
INSERT INTO branch_b01.staff_session VALUES ('s000000002', 'sesh000132');
INSERT INTO branch_b01.staff_session VALUES ('s000000003', 'sesh000132');
INSERT INTO branch_b01.staff_session VALUES ('s000000002', 'sesh000133');
INSERT INTO branch_b01.staff_session VALUES ('s000000003', 'sesh000133');
INSERT INTO branch_b01.staff_session VALUES ('s000000002', 'sesh000134');
INSERT INTO branch_b01.staff_session VALUES ('s000000003', 'sesh000134');
INSERT INTO branch_b01.staff_session VALUES ('s000000002', 'sesh000135');
INSERT INTO branch_b01.staff_session VALUES ('s000000003', 'sesh000135');
INSERT INTO branch_b01.staff_session VALUES ('s000000002', 'sesh000136');
INSERT INTO branch_b01.staff_session VALUES ('s000000003', 'sesh000136');
INSERT INTO branch_b01.staff_session VALUES ('s000000002', 'sesh000137');
INSERT INTO branch_b01.staff_session VALUES ('s000000003', 'sesh000137');
INSERT INTO branch_b01.staff_session VALUES ('s000000002', 'sesh000138');
INSERT INTO branch_b01.staff_session VALUES ('s000000003', 'sesh000138');
INSERT INTO branch_b01.staff_session VALUES ('s000000002', 'sesh000139');
INSERT INTO branch_b01.staff_session VALUES ('s000000003', 'sesh000139');
INSERT INTO branch_b01.staff_session VALUES ('s000000002', 'sesh000140');
INSERT INTO branch_b01.staff_session VALUES ('s000000003', 'sesh000140');
INSERT INTO branch_b01.staff_session VALUES ('s000000002', 'sesh000141');
INSERT INTO branch_b01.staff_session VALUES ('s000000003', 'sesh000141');
INSERT INTO branch_b01.staff_session VALUES ('s000000002', 'sesh000142');
INSERT INTO branch_b01.staff_session VALUES ('s000000003', 'sesh000142');
INSERT INTO branch_b01.staff_session VALUES ('s000000002', 'sesh000143');
INSERT INTO branch_b01.staff_session VALUES ('s000000003', 'sesh000143');
INSERT INTO branch_b01.staff_session VALUES ('s000000002', 'sesh000144');
INSERT INTO branch_b01.staff_session VALUES ('s000000003', 'sesh000144');
INSERT INTO branch_b01.staff_session VALUES ('s000000002', 'sesh000145');
INSERT INTO branch_b01.staff_session VALUES ('s000000003', 'sesh000145');
INSERT INTO branch_b01.staff_session VALUES ('s000000002', 'sesh000146');
INSERT INTO branch_b01.staff_session VALUES ('s000000003', 'sesh000146');
INSERT INTO branch_b01.staff_session VALUES ('s000000002', 'sesh000147');
INSERT INTO branch_b01.staff_session VALUES ('s000000003', 'sesh000147');
INSERT INTO branch_b01.staff_session VALUES ('s000000002', 'sesh000148');
INSERT INTO branch_b01.staff_session VALUES ('s000000003', 'sesh000148');
INSERT INTO branch_b01.staff_session VALUES ('s000000002', 'sesh000149');

-- Records of branch_b01.staff_session
INSERT INTO branch_b01.staff_session VALUES ('s000000003', 'sesh000150');
INSERT INTO branch_b01.staff_session VALUES ('s000000002', 'sesh000151');
INSERT INTO branch_b01.staff_session VALUES ('s000000003', 'sesh000151');
INSERT INTO branch_b01.staff_session VALUES ('s000000002', 'sesh000152');
INSERT INTO branch_b01.staff_session VALUES ('s000000003', 'sesh000152');
INSERT INTO branch_b01.staff_session VALUES ('s000000002', 'sesh000153');
INSERT INTO branch_b01.staff_session VALUES ('s000000003', 'sesh000153');
INSERT INTO branch_b01.staff_session VALUES ('s000000002', 'sesh000154');
INSERT INTO branch_b01.staff_session VALUES ('s000000003', 'sesh000154');
INSERT INTO branch_b01.staff_session VALUES ('s000000002', 'sesh000155');
INSERT INTO branch_b01.staff_session VALUES ('s000000003', 'sesh000155');
INSERT INTO branch_b01.staff_session VALUES ('s000000002', 'sesh000156');
INSERT INTO branch_b01.staff_session VALUES ('s000000003', 'sesh000156');
INSERT INTO branch_b01.staff_session VALUES ('s000000002', 'sesh000157');
INSERT INTO branch_b01.staff_session VALUES ('s000000003', 'sesh000157');
INSERT INTO branch_b01.staff_session VALUES ('s000000002', 'sesh000158');
INSERT INTO branch_b01.staff_session VALUES ('s000000003', 'sesh000158');
INSERT INTO branch_b01.staff_session VALUES ('s000000002', 'sesh000159');
INSERT INTO branch_b01.staff_session VALUES ('s000000003', 'sesh000159');
INSERT INTO branch_b01.staff_session VALUES ('s000000002', 'sesh000160');
INSERT INTO branch_b01.staff_session VALUES ('s000000003', 'sesh000160');
INSERT INTO branch_b01.staff_session VALUES ('s000000002', 'sesh000161');
INSERT INTO branch_b01.staff_session VALUES ('s000000003', 'sesh000161');
INSERT INTO branch_b01.staff_session VALUES ('s000000002', 'sesh000162');
INSERT INTO branch_b01.staff_session VALUES ('s000000003', 'sesh000162');
INSERT INTO branch_b01.staff_session VALUES ('s000000002', 'sesh000163');
INSERT INTO branch_b01.staff_session VALUES ('s000000003', 'sesh000163');
INSERT INTO branch_b01.staff_session VALUES ('s000000002', 'sesh000164');
INSERT INTO branch_b01.staff_session VALUES ('s000000003', 'sesh000164');
INSERT INTO branch_b01.staff_session VALUES ('s000000002', 'sesh000165');
INSERT INTO branch_b01.staff_session VALUES ('s000000003', 'sesh000165');
INSERT INTO branch_b01.staff_session VALUES ('s000000002', 'sesh000166');
INSERT INTO branch_b01.staff_session VALUES ('s000000003', 'sesh000166');
INSERT INTO branch_b01.staff_session VALUES ('s000000002', 'sesh000167');
INSERT INTO branch_b01.staff_session VALUES ('s000000003', 'sesh000167');
INSERT INTO branch_b01.staff_session VALUES ('s000000002', 'sesh000168');
INSERT INTO branch_b01.staff_session VALUES ('s000000003', 'sesh000168');
INSERT INTO branch_b01.staff_session VALUES ('s000000002', 'sesh000169');
INSERT INTO branch_b01.staff_session VALUES ('s000000003', 'sesh000169');
INSERT INTO branch_b01.staff_session VALUES ('s000000002', 'sesh000170');
INSERT INTO branch_b01.staff_session VALUES ('s000000003', 'sesh000170');
INSERT INTO branch_b01.staff_session VALUES ('s000000002', 'sesh000171');
INSERT INTO branch_b01.staff_session VALUES ('s000000003', 'sesh000171');
INSERT INTO branch_b01.staff_session VALUES ('s000000002', 'sesh000172');
INSERT INTO branch_b01.staff_session VALUES ('s000000003', 'sesh000172');
INSERT INTO branch_b01.staff_session VALUES ('s000000002', 'sesh000173');
INSERT INTO branch_b01.staff_session VALUES ('s000000003', 'sesh000173');
INSERT INTO branch_b01.staff_session VALUES ('s000000002', 'sesh000174');
INSERT INTO branch_b01.staff_session VALUES ('s000000003', 'sesh000174');
INSERT INTO branch_b01.staff_session VALUES ('s000000002', 'sesh000175');
INSERT INTO branch_b01.staff_session VALUES ('s000000003', 'sesh000175');
INSERT INTO branch_b01.staff_session VALUES ('s000000002', 'sesh000176');
INSERT INTO branch_b01.staff_session VALUES ('s000000003', 'sesh000176');
INSERT INTO branch_b01.staff_session VALUES ('s000000002', 'sesh000177');
INSERT INTO branch_b01.staff_session VALUES ('s000000003', 'sesh000177');
INSERT INTO branch_b01.staff_session VALUES ('s000000002', 'sesh000178');
INSERT INTO branch_b01.staff_session VALUES ('s000000003', 'sesh000178');
INSERT INTO branch_b01.staff_session VALUES ('s000000002', 'sesh000179');
INSERT INTO branch_b01.staff_session VALUES ('s000000003', 'sesh000179');
INSERT INTO branch_b01.staff_session VALUES ('s000000002', 'sesh000180');
INSERT INTO branch_b01.staff_session VALUES ('s000000003', 'sesh000180');
INSERT INTO branch_b01.staff_session VALUES ('s000000002', 'sesh000181');
INSERT INTO branch_b01.staff_session VALUES ('s000000003', 'sesh000181');
INSERT INTO branch_b01.staff_session VALUES ('s000000002', 'sesh000182');
INSERT INTO branch_b01.staff_session VALUES ('s000000003', 'sesh000182');
INSERT INTO branch_b01.staff_session VALUES ('s000000002', 'sesh000183');
INSERT INTO branch_b01.staff_session VALUES ('s000000003', 'sesh000183');
INSERT INTO branch_b01.staff_session VALUES ('s000000002', 'sesh000184');
INSERT INTO branch_b01.staff_session VALUES ('s000000003', 'sesh000184');
INSERT INTO branch_b01.staff_session VALUES ('s000000002', 'sesh000185');
INSERT INTO branch_b01.staff_session VALUES ('s000000003', 'sesh000185');
INSERT INTO branch_b01.staff_session VALUES ('s000000002', 'sesh000186');
INSERT INTO branch_b01.staff_session VALUES ('s000000003', 'sesh000186');
INSERT INTO branch_b01.staff_session VALUES ('s000000002', 'sesh000187');
INSERT INTO branch_b01.staff_session VALUES ('s000000003', 'sesh000187');
INSERT INTO branch_b01.staff_session VALUES ('s000000002', 'sesh000188');
INSERT INTO branch_b01.staff_session VALUES ('s000000003', 'sesh000188');
INSERT INTO branch_b01.staff_session VALUES ('s000000002', 'sesh000189');
INSERT INTO branch_b01.staff_session VALUES ('s000000003', 'sesh000189');
INSERT INTO branch_b01.staff_session VALUES ('s000000002', 'sesh000190');
INSERT INTO branch_b01.staff_session VALUES ('s000000003', 'sesh000190');
INSERT INTO branch_b01.staff_session VALUES ('s000000002', 'sesh000191');
INSERT INTO branch_b01.staff_session VALUES ('s000000003', 'sesh000191');
INSERT INTO branch_b01.staff_session VALUES ('s000000002', 'sesh000192');
INSERT INTO branch_b01.staff_session VALUES ('s000000003', 'sesh000192');

-- Records of branch_b01.staff_contact
INSERT INTO branch_b01.staff_contact VALUES (1, 's000000001');
INSERT INTO branch_b01.staff_contact VALUES (2, 's000000002');
INSERT INTO branch_b01.staff_contact VALUES (3, 's000000003');
INSERT INTO branch_b01.staff_contact VALUES (4, 's000000004');
INSERT INTO branch_b01.staff_contact VALUES (5, 's000000005');
INSERT INTO branch_b01.staff_contact VALUES (6, 's000000006');
INSERT INTO branch_b01.staff_contact VALUES (7, 's000000007');

-- Records of branch_b01.student_contact
INSERT INTO branch_b01.student_contact VALUES (10, 'sn00000001');
INSERT INTO branch_b01.student_contact VALUES (1, 'sn00000002');
INSERT INTO branch_b01.student_contact VALUES (12, 'sn00000003');
INSERT INTO branch_b01.student_contact VALUES (8, 'sn00000004');
INSERT INTO branch_b01.student_contact VALUES (3, 'sn00000005');
INSERT INTO branch_b01.student_contact VALUES (11, 'sn00000006');

-- Records of branch_b01.staff_office
INSERT INTO branch_b01.staff_office VALUES (4,'s000000001');
INSERT INTO branch_b01.staff_office VALUES (5,'s000000002');
INSERT INTO branch_b01.staff_office VALUES (6,'s000000003');
INSERT INTO branch_b01.staff_office VALUES (7,'s000000004');
INSERT INTO branch_b01.staff_office VALUES (8,'s000000005');
INSERT INTO branch_b01.staff_office VALUES (9,'s000000006');
INSERT INTO branch_b01.staff_office VALUES (10,'s000000007');

-- Records of branch_b02.staff
INSERT INTO branch_b02.staff VALUES ('Ethan', 'William', 'White', 'Dr', '789 Pine Avenue', NULL, 'Glasgow', 'G1 1AA', 'ethan.white@gmail.com', '0162345679', '07987654322');
INSERT INTO branch_b02.staff VALUES ('William', 'Daniel', 'Thomas', 'Dr', '789 Elm Street', NULL, 'Glasgow', 'G1 1AA', 'william.thomas@gmail.com', '0161234568', '07987554322');
INSERT INTO branch_b02.staff VALUES ('Isabella', NULL, 'Harris', 'Dr', '456 Maple Street', NULL, 'Manchester', 'M1 2AB', 'isabella.harris@gmail.com', '0163456791', '07998765433');
INSERT INTO branch_b02.staff VALUES ('James', 'Alexander', 'Brown', 'Dr', '789 Oak Lane', NULL, 'Glasgow', 'G2 1AB', 'james.brown@gmail.com', '0112345670', '07871234568');
INSERT INTO branch_b02.staff VALUES ('Charlotte', NULL, 'Wilson', 'Dr', '101 Elm Street', NULL, 'Bristol', 'BS2 1AB', 'charlotte.wilson@gmail.com', '0142345679', '07876543211');
INSERT INTO branch_b02.staff VALUES ('Laura', 'James', 'Taylor', 'Ms', '456 Elm Street', NULL, 'Glasgow', 'G1 1AA', 'laura.taylor@gmail.com', '0201234512', '07891232567');
INSERT INTO branch_b02.staff VALUES ('Jane', NULL, 'Doe', 'Mrs', '987 Oak Avenue', NULL, 'Manchester', 'M1 2AA', 'jAne.doe@gmail.com', '0161234567', '07987654321');

-- Records of branch_b02.staff_role
INSERT INTO branch_b02.staff_role VALUES ('s000000008', 1);
INSERT INTO branch_b02.staff_role VALUES ('s000000009', 2);
INSERT INTO branch_b02.staff_role VALUES ('s000000010', 1);
INSERT INTO branch_b02.staff_role VALUES ('s000000011', 2);
INSERT INTO branch_b02.staff_role VALUES ('s000000012', 3);
INSERT INTO branch_b02.staff_role VALUES ('s000000013', 4);
INSERT INTO branch_b02.staff_role VALUES ('s000000014', 6);

-- Records of branch_b02.department
INSERT INTO branch_b02.department VALUES ('d000004', 's000000008');
INSERT INTO branch_b02.department VALUES ('d000005', 's000000010');
INSERT INTO branch_b02.department VALUES ('d000007', 's000000012');
INSERT INTO branch_b02.department VALUES ('d000010', 's000000013');
INSERT INTO branch_b02.department VALUES ('d000009', 's000000014');

-- Records of branch_b02.course
INSERT INTO branch_b02.course VALUES ('c000007', 's000000008');
INSERT INTO branch_b02.course VALUES ('c000008', 's000000008');
INSERT INTO branch_b02.course VALUES ('c000009', 's000000010');
INSERT INTO branch_b02.course VALUES ('c000010', 's000000010');

-- Records of branch_b02.department_course
INSERT INTO branch_b02.department_course VALUES ('d000004' , 'c000007');
INSERT INTO branch_b02.department_course VALUES ('d000004' , 'c000008');
INSERT INTO branch_b02.department_course VALUES ('d000005' , 'c000009');
INSERT INTO branch_b02.department_course VALUES ('d000005' , 'c000010');
INSERT INTO branch_b02.department_course VALUES ('d000005' , 'c000008');

-- Records of branch_b02.module
INSERT INTO branch_b02.module VALUES ('m000013');
INSERT INTO branch_b02.module VALUES ('m000014');
INSERT INTO branch_b02.module VALUES ('m000015');
INSERT INTO branch_b02.module VALUES ('m000016');
INSERT INTO branch_b02.module VALUES ('m000017');
INSERT INTO branch_b02.module VALUES ('m000018');
INSERT INTO branch_b02.module VALUES ('m000019');
INSERT INTO branch_b02.module VALUES ('m000020');

-- Records of branch_b02.course_module
INSERT INTO branch_b02.course_module VALUES ('c000007', 'm000013');
INSERT INTO branch_b02.course_module VALUES ('c000007', 'm000014');
INSERT INTO branch_b02.course_module VALUES ('c000008', 'm000015');
INSERT INTO branch_b02.course_module VALUES ('c000008', 'm000016');
INSERT INTO branch_b02.course_module VALUES ('c000009', 'm000017');
INSERT INTO branch_b02.course_module VALUES ('c000009', 'm000018');
INSERT INTO branch_b02.course_module VALUES ('c000010', 'm000019');
INSERT INTO branch_b02.course_module VALUES ('c000010', 'm000020');

-- Records of branch_b02.student
INSERT INTO branch_b02.student VALUES ('alexander.brown@gmail.com', 'Alexander', 'James', 'Brown', 'He/Him', '456 Birch Avenue', NULL, 'Manchester', 'M1 2AB', '0163456789', '07998765432', 0.00);
INSERT INTO branch_b02.student VALUES ('olivia.taylor@gmail.com', 'Olivia', NULL, 'Taylor', 'She/Her', '101 Elm Street', NULL, 'Glasgow', 'G2 1AB', '0142345671', '07871234571', 0.00);
INSERT INTO branch_b02.student VALUES ('will.thomas@gmail.com', 'William', 'John', 'Thomas', 'He/Him', '789 Oak Lane', NULL, 'Bristol', 'BS2 1AB', '0113456781', '07912335681', 0.00);
INSERT INTO branch_b02.student VALUES ('will.james@gmail.com', 'Will', NULL, 'James', 'He/Him', '125 Cedar Lane', NULL, 'London', 'SW1A 4AB', '0113456780', '07912345581', 0.00);
INSERT INTO branch_b02.student VALUES ('amanda.thomas@gmail.com', 'Amanda', NULL, 'Thomas', 'She/Her', '789 Oak Lane', NULL, 'Bristol', 'BS2 1AB', '0113456781', '07912345681', 0.00);
INSERT INTO branch_b02.student VALUES ('amanda.james@gmail.com', 'Amanda', NULL, 'James', 'She/Her', '125 Cedar Lane', NULL, 'Bristol', 'BS2 1AB', '0113456281', '07952345681', 0.00);

-- Records of branch_b02.student_course
INSERT INTO branch_b02.student_course VALUES ('sn00000007', 'c000007', NULL, 0.00, TRUE);
INSERT INTO branch_b02.student_course VALUES ('sn00000008', 'c000007', NULL, 0.00, FALSE);
INSERT INTO branch_b02.student_course VALUES ('sn00000009', 'c000008', NULL, 0.00, TRUE);
INSERT INTO branch_b02.student_course VALUES ('sn00000010', 'c000008', NULL, 0.00, FALSE);
INSERT INTO branch_b02.student_course VALUES ('sn00000011', 'c000009', NULL, 0.00, FALSE);
INSERT INTO branch_b02.student_course VALUES ('sn00000012', 'c000010', NULL, 0.00, FALSE);

-- Records of branch_b02.tuition
INSERT INTO branch_b02.tuition VALUES (2800.00, 0, 2800.00, 0, '2025-07-01');
INSERT INTO branch_b02.tuition VALUES (2900.00, 0, 2900.00, 0, '2025-08-05');
INSERT INTO branch_b02.tuition VALUES (3000.00, 0, 3000.00, 0, '2025-07-10');
INSERT INTO branch_b02.tuition VALUES (3100.00, 0, 3100.00, 0, '2024-08-15');
INSERT INTO branch_b02.tuition VALUES (3200.00, 0, 3200.00, 0, '2024-07-20');
INSERT INTO branch_b02.tuition VALUES (3300.00, 0, 3300.00, 0, '2024-08-25');

-- Records of branch_b02.student_tuition
INSERT INTO branch_b02.student_tuition VALUES ('sn00000007', 1);
INSERT INTO branch_b02.student_tuition VALUES ('sn00000008', 2);
INSERT INTO branch_b02.student_tuition VALUES ('sn00000009', 3);
INSERT INTO branch_b02.student_tuition VALUES ('sn00000010', 4);
INSERT INTO branch_b02.student_tuition VALUES ('sn00000011', 5);
INSERT INTO branch_b02.student_tuition VALUES ('sn00000012', 6);

-- Records of branch_b02.tuition_payment
INSERT INTO branch_b02.tuition_payment VALUES (1, 2800.00, '2025-03-15', 'Bank Transfer');
INSERT INTO branch_b02.tuition_payment VALUES (2, 1200.00, '2025-03-20', 'Bank Transfer');
INSERT INTO branch_b02.tuition_payment VALUES (3, 400.00, '2025-04-10', 'Direct Debit');
INSERT INTO branch_b02.tuition_payment VALUES (4, 2000.00, '2025-04-20', 'Direct Debit');
INSERT INTO branch_b02.tuition_payment VALUES (5, 600.00, '2025-05-10', 'Direct Debit');
INSERT INTO branch_b02.tuition_payment VALUES (6, 900.00, '2025-05-20', 'Direct Debit');

-- Records of branch_b02.staff_department
INSERT INTO branch_b02.staff_department VALUES ('s000000008', 'd000004', '2025-02-01');
INSERT INTO branch_b02.staff_department VALUES ('s000000009', 'd000004', '2025-02-02');
INSERT INTO branch_b02.staff_department VALUES ('s000000010', 'd000005', '2025-03-02');
INSERT INTO branch_b02.staff_department VALUES ('s000000011', 'd000005', '2025-02-06');
INSERT INTO branch_b02.staff_department VALUES ('s000000012', 'd000007', '2025-04-02');
INSERT INTO branch_b02.staff_department VALUES ('s000000013', 'd000010', '2025-02-09');
INSERT INTO branch_b02.staff_department VALUES ('s000000014', 'd000009', '2025-05-02');

-- Records of branch_b02.building
INSERT INTO branch_b02.building VALUES ('Nancy Rothwell', 'NR', 'Educational', '4 Oxford Street', NULL, 'Manchester', 'M1 1AA', 'United Kingdom');
INSERT INTO branch_b02.building VALUES ('Crawford House', 'CH', 'Administrative', '1 Charles Street', NULL, 'Manchester', 'M1 1AB', 'United Kingdom');

-- Records of branch_b02.room
INSERT INTO branch_b02.room VALUES (1, 'Lecture Theatre 1', 'LT1', 1, 100, 1);
INSERT INTO branch_b02.room VALUES (1, '1.02', 'NR1.01', 4, 40, 1);
INSERT INTO branch_b02.room VALUES (1, '1.04', 'NR1.02', 2, 25, 1);
INSERT INTO branch_b02.room VALUES (1, '2.01', 'NR2.01', 13, 1, 2);
INSERT INTO branch_b02.room VALUES (1, '2.02', 'NR2.02', 13, 1, 2);
INSERT INTO branch_b02.room VALUES (1, '2.03', 'NR2.03', 13, 1, 2);
INSERT INTO branch_b02.room VALUES (1, '2.04', 'NR2.04', 13, 1, 2);
INSERT INTO branch_b02.room VALUES (2, '1.05', 'CH1.01', 13, 1, 1);
INSERT INTO branch_b02.room VALUES (2, '1.05', 'CH1.02', 13, 1, 1);
INSERT INTO branch_b02.room VALUES (2, '1.05', 'CH1.03', 13, 1, 1);
INSERT INTO branch_b02.room VALUES (2, '1.05', 'CH1.04', 13, 1, 1);
INSERT INTO branch_b02.room VALUES (2, '2.01', 'CH2.01', 13, 1, 2);
INSERT INTO branch_b02.room VALUES (2, '2.02', 'CH2.02', 13, 1, 2);
INSERT INTO branch_b02.room VALUES (2, '2.03', 'CH2.03', 13, 1, 2);
INSERT INTO branch_b02.room VALUES (2, '2.04', 'CH2.04', 13, 1, 2);

-- Records of branch_b02.room_facility
INSERT INTO branch_b02.room_facility VALUES (1, 1, 1);
INSERT INTO branch_b02.room_facility VALUES (1, 2, 2);
INSERT INTO branch_b02.room_facility VALUES (2, 1, 25);
INSERT INTO branch_b02.room_facility VALUES (2, 2, 2);
INSERT INTO branch_b02.room_facility VALUES (2, 12, 2);
INSERT INTO branch_b02.room_facility VALUES (3, 1, 10);
INSERT INTO branch_b02.room_facility VALUES (3, 2, 2);
INSERT INTO branch_b02.room_facility VALUES (4, 1, 1);
INSERT INTO branch_b02.room_facility VALUES (5, 1, 1);
INSERT INTO branch_b02.room_facility VALUES (6, 1, 1);
INSERT INTO branch_b02.room_facility VALUES (7, 1, 1);
INSERT INTO branch_b02.room_facility VALUES (8, 1, 1);
INSERT INTO branch_b02.room_facility VALUES (9, 1, 1);
INSERT INTO branch_b02.room_facility VALUES (10, 1, 1);
INSERT INTO branch_b02.room_facility VALUES (11, 1, 1);
INSERT INTO branch_b02.room_facility VALUES (12, 1, 1);
INSERT INTO branch_b02.room_facility VALUES (13, 1, 1);
INSERT INTO branch_b02.room_facility VALUES (14, 1, 1);
INSERT INTO branch_b02.room_facility VALUES (15, 1, 1);

-- Records of branch_b02.session
INSERT INTO branch_b02.session VALUES (1, 'm000013', 'Lecture', '9:00', '10:00', '2024-11-05', '', TRUE, '');
INSERT INTO branch_b02.session VALUES (2, 'm000013', 'Practical', '10:00', '11:00', '2024-11-05', '', TRUE, '');
INSERT INTO branch_b02.session VALUES (1, 'm000013', 'Lecture', '9:00', '10:00', '2024-11-12', '', TRUE, '');
INSERT INTO branch_b02.session VALUES (2, 'm000013', 'Practical', '10:00', '11:00', '2024-11-12', '', TRUE, '');
INSERT INTO branch_b02.session VALUES (1, 'm000013', 'Lecture', '9:00', '10:00', '2024-11-19', '', TRUE, '');
INSERT INTO branch_b02.session VALUES (2, 'm000013', 'Practical', '10:00', '11:00', '2024-11-19', '', TRUE, '');
INSERT INTO branch_b02.session VALUES (1, 'm000013', 'Lecture', '9:00', '10:00', '2024-11-26', '', TRUE, '');
INSERT INTO branch_b02.session VALUES (3, 'm000013', 'Practical', '10:00', '11:00', '2024-11-26', '', TRUE, '');
INSERT INTO branch_b02.session VALUES (1, 'm000013', 'Lecture', '9:00', '10:00', '2024-12-03', '', TRUE, '');
INSERT INTO branch_b02.session VALUES (3, 'm000013', 'Practical', '10:00', '11:00', '2024-12-03', '', TRUE, '');
INSERT INTO branch_b02.session VALUES (1, 'm000013', 'Lecture', '9:00', '10:00', '2024-12-10', '', TRUE, '');
INSERT INTO branch_b02.session VALUES (3, 'm000013', 'Practical', '10:00', '11:00', '2024-12-10', '', TRUE, '');
INSERT INTO branch_b02.session VALUES (1, 'm000013', 'Lecture', '9:00', '10:00', '2024-12-17', '', TRUE, '');
INSERT INTO branch_b02.session VALUES (2, 'm000013', 'Practical', '10:00', '11:00', '2024-12-17', '', TRUE, '');
INSERT INTO branch_b02.session VALUES (1, 'm000013', 'Lecture', '9:00', '10:00', '2024-12-24', '', TRUE, '');
INSERT INTO branch_b02.session VALUES (2, 'm000013', 'Practical', '10:00', '11:00', '2024-12-24', '', TRUE, '');
INSERT INTO branch_b02.session VALUES (1, 'm000013', 'Lecture', '9:00', '10:00', '2024-12-31', '', TRUE, '');
INSERT INTO branch_b02.session VALUES (2, 'm000013', 'Practical', '10:00', '11:00', '2024-12-31', '', TRUE, '');
INSERT INTO branch_b02.session VALUES (1, 'm000013', 'Lecture', '9:00', '10:00', '2025-01-07', '', TRUE, '');
INSERT INTO branch_b02.session VALUES (2, 'm000013', 'Practical', '10:00', '11:00', '2025-01-07', '', TRUE, '');
INSERT INTO branch_b02.session VALUES (1, 'm000013', 'Lecture', '9:00', '10:00', '2025-01-14', '', TRUE, '');
INSERT INTO branch_b02.session VALUES (2, 'm000013', 'Practical', '10:00', '11:00', '2025-01-14', '', TRUE, '');
INSERT INTO branch_b02.session VALUES (1, 'm000013', 'Lecture', '9:00', '10:00', '2025-01-21', '', TRUE, '');
INSERT INTO branch_b02.session VALUES (3, 'm000013', 'Practical', '10:00', '11:00', '2025-01-21', '', TRUE, '');
INSERT INTO branch_b02.session VALUES (1, 'm000014', 'Lecture', '10:00', '11:00', '2024-11-05', '', TRUE, '');
INSERT INTO branch_b02.session VALUES (2, 'm000014', 'Practical', '11:00', '12:00', '2024-11-05', '', TRUE, '');
INSERT INTO branch_b02.session VALUES (1, 'm000014', 'Lecture', '10:00', '11:00', '2024-11-12', '', TRUE, '');
INSERT INTO branch_b02.session VALUES (2, 'm000014', 'Practical', '11:00', '12:00', '2024-11-12', '', TRUE, '');
INSERT INTO branch_b02.session VALUES (1, 'm000014', 'Lecture', '10:00', '11:00', '2024-11-19', '', TRUE, '');
INSERT INTO branch_b02.session VALUES (3, 'm000014', 'Practical', '11:00', '12:00', '2024-11-19', '', TRUE, '');
INSERT INTO branch_b02.session VALUES (1, 'm000014', 'Lecture', '10:00', '11:00', '2024-11-26', '', TRUE, '');
INSERT INTO branch_b02.session VALUES (2, 'm000014', 'Practical', '11:00', '12:00', '2024-11-26', '', TRUE, '');
INSERT INTO branch_b02.session VALUES (1, 'm000014', 'Lecture', '10:00', '11:00', '2024-12-03', '', TRUE, '');
INSERT INTO branch_b02.session VALUES (3, 'm000014', 'Practical', '11:00', '12:00', '2024-12-03', '', TRUE, '');
INSERT INTO branch_b02.session VALUES (1, 'm000014', 'Lecture', '10:00', '11:00', '2024-12-10', '', TRUE, '');
INSERT INTO branch_b02.session VALUES (3, 'm000014', 'Practical', '11:00', '12:00', '2024-12-10', '', TRUE, '');
INSERT INTO branch_b02.session VALUES (1, 'm000014', 'Lecture', '10:00', '11:00', '2024-12-17', '', TRUE, '');
INSERT INTO branch_b02.session VALUES (2, 'm000014', 'Practical', '11:00', '12:00', '2024-12-17', '', TRUE, '');
INSERT INTO branch_b02.session VALUES (1, 'm000014', 'Lecture', '10:00', '11:00', '2024-12-24', '', TRUE, '');
INSERT INTO branch_b02.session VALUES (2, 'm000014', 'Practical', '11:00', '12:00', '2024-12-24', '', TRUE, '');
INSERT INTO branch_b02.session VALUES (1, 'm000014', 'Lecture', '10:00', '11:00', '2024-12-31', '', TRUE, '');
INSERT INTO branch_b02.session VALUES (3, 'm000014', 'Practical', '11:00', '12:00', '2024-12-31', '', TRUE, '');
INSERT INTO branch_b02.session VALUES (1, 'm000014', 'Lecture', '10:00', '11:00', '2025-01-07', '', TRUE, '');
INSERT INTO branch_b02.session VALUES (3, 'm000014', 'Practical', '11:00', '12:00', '2025-01-07', '', TRUE, '');
INSERT INTO branch_b02.session VALUES (1, 'm000014', 'Lecture', '10:00', '11:00', '2025-01-14', '', TRUE, '');
INSERT INTO branch_b02.session VALUES (2, 'm000014', 'Practical', '11:00', '12:00', '2025-01-14', '', TRUE, '');
INSERT INTO branch_b02.session VALUES (1, 'm000014', 'Lecture', '10:00', '11:00', '2025-01-21', '', TRUE, '');
INSERT INTO branch_b02.session VALUES (3, 'm000014', 'Practical', '11:00', '12:00', '2025-01-21', '', TRUE, '');
INSERT INTO branch_b02.session VALUES (1, 'm000015', 'Lecture', '11:00', '12:00', '2024-11-05', '', TRUE, '');
INSERT INTO branch_b02.session VALUES (2, 'm000015', 'Practical', '12:00', '13:00', '2024-11-05', '', TRUE, '');
INSERT INTO branch_b02.session VALUES (1, 'm000015', 'Lecture', '11:00', '12:00', '2024-11-12', '', TRUE, '');
INSERT INTO branch_b02.session VALUES (2, 'm000015', 'Practical', '12:00', '13:00', '2024-11-12', '', TRUE, '');
INSERT INTO branch_b02.session VALUES (1, 'm000015', 'Lecture', '11:00', '12:00', '2024-11-19', '', TRUE, '');
INSERT INTO branch_b02.session VALUES (3, 'm000015', 'Practical', '12:00', '13:00', '2024-11-19', '', TRUE, '');
INSERT INTO branch_b02.session VALUES (1, 'm000015', 'Lecture', '11:00', '12:00', '2024-11-26', '', TRUE, '');
INSERT INTO branch_b02.session VALUES (2, 'm000015', 'Practical', '12:00', '13:00', '2024-11-26', '', TRUE, '');
INSERT INTO branch_b02.session VALUES (1, 'm000015', 'Lecture', '11:00', '12:00', '2024-12-03', '', TRUE, '');
INSERT INTO branch_b02.session VALUES (3, 'm000015', 'Practical', '12:00', '13:00', '2024-12-03', '', TRUE, '');
INSERT INTO branch_b02.session VALUES (1, 'm000015', 'Lecture', '11:00', '12:00', '2024-12-10', '', TRUE, '');
INSERT INTO branch_b02.session VALUES (2, 'm000015', 'Practical', '12:00', '13:00', '2024-12-10', '', TRUE, '');
INSERT INTO branch_b02.session VALUES (1, 'm000015', 'Lecture', '11:00', '12:00', '2024-12-17', '', TRUE, '');
INSERT INTO branch_b02.session VALUES (2, 'm000015', 'Practical', '12:00', '13:00', '2024-12-17', '', TRUE, '');
INSERT INTO branch_b02.session VALUES (1, 'm000015', 'Lecture', '11:00', '12:00', '2024-12-24', '', TRUE, '');
INSERT INTO branch_b02.session VALUES (2, 'm000015', 'Practical', '12:00', '13:00', '2024-12-24', '', TRUE, '');
INSERT INTO branch_b02.session VALUES (1, 'm000015', 'Lecture', '11:00', '12:00', '2024-12-31', '', TRUE, '');
INSERT INTO branch_b02.session VALUES (3, 'm000015', 'Practical', '12:00', '13:00', '2024-12-31', '', TRUE, '');
INSERT INTO branch_b02.session VALUES (1, 'm000015', 'Lecture', '11:00', '12:00', '2025-01-07', '', TRUE, '');

-- Records of branch_b02.session
INSERT INTO branch_b02.session VALUES (3, 'm000015', 'Practical', '12:00', '13:00', '2025-01-14', '', TRUE, '');
INSERT INTO branch_b02.session VALUES (1, 'm000015', 'Lecture', '11:00', '12:00', '2025-01-21', '', TRUE, '');
INSERT INTO branch_b02.session VALUES (2, 'm000015', 'Practical', '12:00', '13:00', '2025-01-21', '', TRUE, '');
INSERT INTO branch_b02.session VALUES (1, 'm000016', 'Lecture', '12:00', '13:00', '2024-11-05', '', TRUE, '');
INSERT INTO branch_b02.session VALUES (2, 'm000016', 'Practical', '13:00', '14:00', '2024-11-05', '', TRUE, '');
INSERT INTO branch_b02.session VALUES (1, 'm000016', 'Lecture', '12:00', '13:00', '2024-11-12', '', TRUE, '');
INSERT INTO branch_b02.session VALUES (3, 'm000016', 'Practical', '13:00', '14:00', '2024-11-12', '', TRUE, '');
INSERT INTO branch_b02.session VALUES (1, 'm000016', 'Lecture', '12:00', '13:00', '2024-11-19', '', TRUE, '');
INSERT INTO branch_b02.session VALUES (2, 'm000016', 'Practical', '13:00', '14:00', '2024-11-19', '', TRUE, '');
INSERT INTO branch_b02.session VALUES (1, 'm000016', 'Lecture', '12:00', '13:00', '2024-11-26', '', TRUE, '');
INSERT INTO branch_b02.session VALUES (2, 'm000016', 'Practical', '13:00', '14:00', '2024-11-26', '', TRUE, '');
INSERT INTO branch_b02.session VALUES (1, 'm000016', 'Lecture', '12:00', '13:00', '2024-12-03', '', TRUE, '');
INSERT INTO branch_b02.session VALUES (2, 'm000016', 'Practical', '13:00', '14:00', '2024-12-03', '', TRUE, '');
INSERT INTO branch_b02.session VALUES (1, 'm000016', 'Lecture', '12:00', '13:00', '2024-12-10', '', TRUE, '');
INSERT INTO branch_b02.session VALUES (2, 'm000016', 'Practical', '13:00', '14:00', '2024-12-10', '', TRUE, '');
INSERT INTO branch_b02.session VALUES (1, 'm000016', 'Lecture', '12:00', '13:00', '2024-12-17', '', TRUE, '');
INSERT INTO branch_b02.session VALUES (2, 'm000016', 'Practical', '13:00', '14:00', '2024-12-17', '', TRUE, '');
INSERT INTO branch_b02.session VALUES (1, 'm000016', 'Lecture', '12:00', '13:00', '2024-12-24', '', TRUE, '');
INSERT INTO branch_b02.session VALUES (2, 'm000016', 'Practical', '13:00', '14:00', '2024-12-24', '', TRUE, '');
INSERT INTO branch_b02.session VALUES (1, 'm000016', 'Lecture', '12:00', '13:00', '2024-12-31', '', TRUE, '');
INSERT INTO branch_b02.session VALUES (2, 'm000016', 'Practical', '13:00', '14:00', '2024-12-31', '', TRUE, '');
INSERT INTO branch_b02.session VALUES (1, 'm000016', 'Lecture', '12:00', '13:00', '2025-01-07', '', TRUE, '');
INSERT INTO branch_b02.session VALUES (3, 'm000016', 'Practical', '13:00', '14:00', '2025-01-07', '', TRUE, '');
INSERT INTO branch_b02.session VALUES (1, 'm000016', 'Lecture', '12:00', '13:00', '2025-01-14', '', TRUE, '');
INSERT INTO branch_b02.session VALUES (3, 'm000016', 'Practical', '13:00', '14:00', '2025-01-14', '', TRUE, '');
INSERT INTO branch_b02.session VALUES (1, 'm000016', 'Lecture', '12:00', '13:00', '2025-01-21', '', TRUE, '');
INSERT INTO branch_b02.session VALUES (3, 'm000016', 'Practical', '13:00', '14:00', '2025-01-21', '', TRUE, '');
INSERT INTO branch_b02.session VALUES (1, 'm000017', 'Lecture', '13:00', '14:00', '2024-11-05', '', TRUE, '');
INSERT INTO branch_b02.session VALUES (3, 'm000017', 'Practical', '14:00', '15:00', '2024-11-05', '', TRUE, '');
INSERT INTO branch_b02.session VALUES (1, 'm000017', 'Lecture', '13:00', '14:00', '2024-11-12', '', TRUE, '');
INSERT INTO branch_b02.session VALUES (3, 'm000017', 'Practical', '14:00', '15:00', '2024-11-12', '', TRUE, '');
INSERT INTO branch_b02.session VALUES (1, 'm000017', 'Lecture', '13:00', '14:00', '2024-11-19', '', TRUE, '');
INSERT INTO branch_b02.session VALUES (3, 'm000017', 'Practical', '14:00', '15:00', '2024-11-19', '', TRUE, '');
INSERT INTO branch_b02.session VALUES (1, 'm000017', 'Lecture', '13:00', '14:00', '2024-11-26', '', TRUE, '');
INSERT INTO branch_b02.session VALUES (3, 'm000017', 'Practical', '14:00', '15:00', '2024-11-26', '', TRUE, '');
INSERT INTO branch_b02.session VALUES (1, 'm000017', 'Lecture', '13:00', '14:00', '2024-12-03', '', TRUE, '');
INSERT INTO branch_b02.session VALUES (2, 'm000017', 'Practical', '14:00', '15:00', '2024-12-03', '', TRUE, '');
INSERT INTO branch_b02.session VALUES (1, 'm000017', 'Lecture', '13:00', '14:00', '2024-12-10', '', TRUE, '');
INSERT INTO branch_b02.session VALUES (3, 'm000017', 'Practical', '14:00', '15:00', '2024-12-10', '', TRUE, '');
INSERT INTO branch_b02.session VALUES (1, 'm000017', 'Lecture', '13:00', '14:00', '2024-12-17', '', TRUE, '');
INSERT INTO branch_b02.session VALUES (2, 'm000017', 'Practical', '14:00', '15:00', '2024-12-17', '', TRUE, '');
INSERT INTO branch_b02.session VALUES (1, 'm000017', 'Lecture', '13:00', '14:00', '2024-12-24', '', TRUE, '');
INSERT INTO branch_b02.session VALUES (2, 'm000017', 'Practical', '14:00', '15:00', '2024-12-24', '', TRUE, '');
INSERT INTO branch_b02.session VALUES (1, 'm000017', 'Lecture', '13:00', '14:00', '2024-12-31', '', TRUE, '');
INSERT INTO branch_b02.session VALUES (2, 'm000017', 'Practical', '14:00', '15:00', '2024-12-31', '', TRUE, '');
INSERT INTO branch_b02.session VALUES (1, 'm000017', 'Lecture', '13:00', '14:00', '2025-01-07', '', TRUE, '');
INSERT INTO branch_b02.session VALUES (2, 'm000017', 'Practical', '14:00', '15:00', '2025-01-07', '', TRUE, '');
INSERT INTO branch_b02.session VALUES (1, 'm000017', 'Lecture', '13:00', '14:00', '2025-01-14', '', TRUE, '');
INSERT INTO branch_b02.session VALUES (2, 'm000017', 'Practical', '14:00', '15:00', '2025-01-14', '', TRUE, '');
INSERT INTO branch_b02.session VALUES (1, 'm000017', 'Lecture', '13:00', '14:00', '2025-01-21', '', TRUE, '');
INSERT INTO branch_b02.session VALUES (3, 'm000017', 'Practical', '14:00', '15:00', '2025-01-21', '', TRUE, '');
INSERT INTO branch_b02.session VALUES (1, 'm000018', 'Lecture', '14:00', '15:00', '2024-11-05', '', TRUE, '');
INSERT INTO branch_b02.session VALUES (3, 'm000018', 'Practical', '15:00', '16:00', '2024-11-05', '', TRUE, '');
INSERT INTO branch_b02.session VALUES (1, 'm000018', 'Lecture', '14:00', '15:00', '2024-11-12', '', TRUE, '');
INSERT INTO branch_b02.session VALUES (3, 'm000018', 'Practical', '15:00', '16:00', '2024-11-12', '', TRUE, '');
INSERT INTO branch_b02.session VALUES (1, 'm000018', 'Lecture', '14:00', '15:00', '2024-11-19', '', TRUE, '');
INSERT INTO branch_b02.session VALUES (2, 'm000018', 'Practical', '15:00', '16:00', '2024-11-19', '', TRUE, '');
INSERT INTO branch_b02.session VALUES (1, 'm000018', 'Lecture', '14:00', '15:00', '2024-11-26', '', TRUE, '');
INSERT INTO branch_b02.session VALUES (2, 'm000018', 'Practical', '15:00', '16:00', '2024-11-26', '', TRUE, '');
INSERT INTO branch_b02.session VALUES (1, 'm000018', 'Lecture', '14:00', '15:00', '2024-12-03', '', TRUE, '');
INSERT INTO branch_b02.session VALUES (3, 'm000018', 'Practical', '15:00', '16:00', '2024-12-03', '', TRUE, '');
INSERT INTO branch_b02.session VALUES (1, 'm000018', 'Lecture', '14:00', '15:00', '2024-12-10', '', TRUE, '');
INSERT INTO branch_b02.session VALUES (2, 'm000018', 'Practical', '15:00', '16:00', '2024-12-10', '', TRUE, '');
INSERT INTO branch_b02.session VALUES (1, 'm000018', 'Lecture', '14:00', '15:00', '2024-12-17', '', TRUE, '');
INSERT INTO branch_b02.session VALUES (2, 'm000018', 'Practical', '15:00', '16:00', '2024-12-17', '', TRUE, '');
INSERT INTO branch_b02.session VALUES (1, 'm000018', 'Lecture', '14:00', '15:00', '2024-12-24', '', TRUE, '');
INSERT INTO branch_b02.session VALUES (2, 'm000018', 'Practical', '15:00', '16:00', '2024-12-24', '', TRUE, '');
INSERT INTO branch_b02.session VALUES (1, 'm000018', 'Lecture', '14:00', '15:00', '2024-12-31', '', TRUE, '');
INSERT INTO branch_b02.session VALUES (3, 'm000018', 'Practical', '15:00', '16:00', '2024-12-31', '', TRUE, '');
INSERT INTO branch_b02.session VALUES (1, 'm000018', 'Lecture', '14:00', '15:00', '2025-01-07', '', TRUE, '');

-- Records of branch_b02.session
INSERT INTO branch_b02.session VALUES (2, 'm000018', 'Practical', '15:00', '16:00', '2025-01-14', '', TRUE, '');
INSERT INTO branch_b02.session VALUES (1, 'm000018', 'Lecture', '14:00', '15:00', '2025-01-21', '', TRUE, '');
INSERT INTO branch_b02.session VALUES (3, 'm000018', 'Practical', '15:00', '16:00', '2025-01-21', '', TRUE, '');
INSERT INTO branch_b02.session VALUES (1, 'm000019', 'Lecture', '15:00', '16:00', '2024-11-05', '', TRUE, '');
INSERT INTO branch_b02.session VALUES (3, 'm000019', 'Practical', '16:00', '17:00', '2024-11-05', '', TRUE, '');
INSERT INTO branch_b02.session VALUES (1, 'm000019', 'Lecture', '15:00', '16:00', '2024-11-12', '', TRUE, '');
INSERT INTO branch_b02.session VALUES (3, 'm000019', 'Practical', '16:00', '17:00', '2024-11-12', '', TRUE, '');
INSERT INTO branch_b02.session VALUES (1, 'm000019', 'Lecture', '15:00', '16:00', '2024-11-19', '', TRUE, '');
INSERT INTO branch_b02.session VALUES (2, 'm000019', 'Practical', '16:00', '17:00', '2024-11-19', '', TRUE, '');
INSERT INTO branch_b02.session VALUES (1, 'm000019', 'Lecture', '15:00', '16:00', '2024-11-26', '', TRUE, '');
INSERT INTO branch_b02.session VALUES (3, 'm000019', 'Practical', '16:00', '17:00', '2024-11-26', '', TRUE, '');
INSERT INTO branch_b02.session VALUES (1, 'm000019', 'Lecture', '15:00', '16:00', '2024-12-03', '', TRUE, '');
INSERT INTO branch_b02.session VALUES (2, 'm000019', 'Practical', '16:00', '17:00', '2024-12-03', '', TRUE, '');
INSERT INTO branch_b02.session VALUES (1, 'm000019', 'Lecture', '15:00', '16:00', '2024-12-10', '', TRUE, '');
INSERT INTO branch_b02.session VALUES (3, 'm000019', 'Practical', '16:00', '17:00', '2024-12-10', '', TRUE, '');
INSERT INTO branch_b02.session VALUES (1, 'm000019', 'Lecture', '15:00', '16:00', '2024-12-17', '', TRUE, '');
INSERT INTO branch_b02.session VALUES (3, 'm000019', 'Practical', '16:00', '17:00', '2024-12-17', '', TRUE, '');
INSERT INTO branch_b02.session VALUES (1, 'm000019', 'Lecture', '15:00', '16:00', '2024-12-24', '', TRUE, '');
INSERT INTO branch_b02.session VALUES (2, 'm000019', 'Practical', '16:00', '17:00', '2024-12-24', '', TRUE, '');
INSERT INTO branch_b02.session VALUES (1, 'm000019', 'Lecture', '15:00', '16:00', '2024-12-31', '', TRUE, '');
INSERT INTO branch_b02.session VALUES (2, 'm000019', 'Practical', '16:00', '17:00', '2024-12-31', '', TRUE, '');
INSERT INTO branch_b02.session VALUES (1, 'm000019', 'Lecture', '15:00', '16:00', '2025-01-07', '', TRUE, '');
INSERT INTO branch_b02.session VALUES (2, 'm000019', 'Practical', '16:00', '17:00', '2025-01-07', '', TRUE, '');
INSERT INTO branch_b02.session VALUES (1, 'm000019', 'Lecture', '15:00', '16:00', '2025-01-14', '', TRUE, '');
INSERT INTO branch_b02.session VALUES (2, 'm000019', 'Practical', '16:00', '17:00', '2025-01-14', '', TRUE, '');
INSERT INTO branch_b02.session VALUES (1, 'm000019', 'Lecture', '15:00', '16:00', '2025-01-21', '', TRUE, '');
INSERT INTO branch_b02.session VALUES (3, 'm000019', 'Practical', '16:00', '17:00', '2025-01-21', '', TRUE, '');
INSERT INTO branch_b02.session VALUES (1, 'm000020', 'Lecture', '16:00', '17:00', '2024-11-05', '', TRUE, '');
INSERT INTO branch_b02.session VALUES (2, 'm000020', 'Practical', '17:00', '18:00', '2024-11-05', '', TRUE, '');
INSERT INTO branch_b02.session VALUES (1, 'm000020', 'Lecture', '16:00', '17:00', '2024-11-12', '', TRUE, '');
INSERT INTO branch_b02.session VALUES (3, 'm000020', 'Practical', '17:00', '18:00', '2024-11-12', '', TRUE, '');
INSERT INTO branch_b02.session VALUES (1, 'm000020', 'Lecture', '16:00', '17:00', '2024-11-19', '', TRUE, '');
INSERT INTO branch_b02.session VALUES (3, 'm000020', 'Practical', '17:00', '18:00', '2024-11-19', '', TRUE, '');
INSERT INTO branch_b02.session VALUES (1, 'm000020', 'Lecture', '16:00', '17:00', '2024-11-26', '', TRUE, '');
INSERT INTO branch_b02.session VALUES (3, 'm000020', 'Practical', '17:00', '18:00', '2024-11-26', '', TRUE, '');
INSERT INTO branch_b02.session VALUES (1, 'm000020', 'Lecture', '16:00', '17:00', '2024-12-03', '', TRUE, '');
INSERT INTO branch_b02.session VALUES (2, 'm000020', 'Practical', '17:00', '18:00', '2024-12-03', '', TRUE, '');
INSERT INTO branch_b02.session VALUES (1, 'm000020', 'Lecture', '16:00', '17:00', '2024-12-10', '', TRUE, '');
INSERT INTO branch_b02.session VALUES (2, 'm000020', 'Practical', '17:00', '18:00', '2024-12-10', '', TRUE, '');
INSERT INTO branch_b02.session VALUES (1, 'm000020', 'Lecture', '16:00', '17:00', '2024-12-17', '', TRUE, '');
INSERT INTO branch_b02.session VALUES (3, 'm000020', 'Practical', '17:00', '18:00', '2024-12-17', '', TRUE, '');
INSERT INTO branch_b02.session VALUES (1, 'm000020', 'Lecture', '16:00', '17:00', '2024-12-24', '', TRUE, '');
INSERT INTO branch_b02.session VALUES (2, 'm000020', 'Practical', '17:00', '18:00', '2024-12-24', '', TRUE, '');
INSERT INTO branch_b02.session VALUES (1, 'm000020', 'Lecture', '16:00', '17:00', '2024-12-31', '', TRUE, '');
INSERT INTO branch_b02.session VALUES (3, 'm000020', 'Practical', '17:00', '18:00', '2024-12-31', '', TRUE, '');
INSERT INTO branch_b02.session VALUES (1, 'm000020', 'Lecture', '16:00', '17:00', '2025-01-07', '', TRUE, '');
INSERT INTO branch_b02.session VALUES (2, 'm000020', 'Practical', '17:00', '18:00', '2025-01-07', '', TRUE, '');
INSERT INTO branch_b02.session VALUES (1, 'm000020', 'Lecture', '16:00', '17:00', '2025-01-14', '', TRUE, '');
INSERT INTO branch_b02.session VALUES (2, 'm000020', 'Practical', '17:00', '18:00', '2025-01-14', '', TRUE, '');
INSERT INTO branch_b02.session VALUES (1, 'm000020', 'Lecture', '16:00', '17:00', '2025-01-21', '', TRUE, '');
INSERT INTO branch_b02.session VALUES (3, 'm000020', 'Practical', '17:00', '18:00', '2025-01-21', '', TRUE, '');

-- Records of branch_b02.staff_session
INSERT INTO branch_b02.staff_session VALUES ('s000000008', 'sesh000194');
INSERT INTO branch_b02.staff_session VALUES ('s000000009', 'sesh000194');
INSERT INTO branch_b02.staff_session VALUES ('s000000008', 'sesh000195');
INSERT INTO branch_b02.staff_session VALUES ('s000000009', 'sesh000195');
INSERT INTO branch_b02.staff_session VALUES ('s000000008', 'sesh000196');
INSERT INTO branch_b02.staff_session VALUES ('s000000009', 'sesh000196');
INSERT INTO branch_b02.staff_session VALUES ('s000000008', 'sesh000197');
INSERT INTO branch_b02.staff_session VALUES ('s000000009', 'sesh000197');
INSERT INTO branch_b02.staff_session VALUES ('s000000008', 'sesh000198');
INSERT INTO branch_b02.staff_session VALUES ('s000000009', 'sesh000198');
INSERT INTO branch_b02.staff_session VALUES ('s000000008', 'sesh000199');
INSERT INTO branch_b02.staff_session VALUES ('s000000009', 'sesh000199');
INSERT INTO branch_b02.staff_session VALUES ('s000000008', 'sesh000200');
INSERT INTO branch_b02.staff_session VALUES ('s000000009', 'sesh000200');
INSERT INTO branch_b02.staff_session VALUES ('s000000008', 'sesh000201');
INSERT INTO branch_b02.staff_session VALUES ('s000000009', 'sesh000201');
INSERT INTO branch_b02.staff_session VALUES ('s000000008', 'sesh000202');
INSERT INTO branch_b02.staff_session VALUES ('s000000009', 'sesh000202');
INSERT INTO branch_b02.staff_session VALUES ('s000000008', 'sesh000203');
INSERT INTO branch_b02.staff_session VALUES ('s000000009', 'sesh000203');
INSERT INTO branch_b02.staff_session VALUES ('s000000008', 'sesh000204');
INSERT INTO branch_b02.staff_session VALUES ('s000000009', 'sesh000204');
INSERT INTO branch_b02.staff_session VALUES ('s000000008', 'sesh000205');
INSERT INTO branch_b02.staff_session VALUES ('s000000009', 'sesh000205');
INSERT INTO branch_b02.staff_session VALUES ('s000000008', 'sesh000206');
INSERT INTO branch_b02.staff_session VALUES ('s000000009', 'sesh000206');
INSERT INTO branch_b02.staff_session VALUES ('s000000008', 'sesh000207');
INSERT INTO branch_b02.staff_session VALUES ('s000000009', 'sesh000207');
INSERT INTO branch_b02.staff_session VALUES ('s000000008', 'sesh000208');
INSERT INTO branch_b02.staff_session VALUES ('s000000009', 'sesh000208');
INSERT INTO branch_b02.staff_session VALUES ('s000000008', 'sesh000209');
INSERT INTO branch_b02.staff_session VALUES ('s000000009', 'sesh000209');
INSERT INTO branch_b02.staff_session VALUES ('s000000008', 'sesh000210');
INSERT INTO branch_b02.staff_session VALUES ('s000000009', 'sesh000210');
INSERT INTO branch_b02.staff_session VALUES ('s000000008', 'sesh000211');
INSERT INTO branch_b02.staff_session VALUES ('s000000009', 'sesh000211');
INSERT INTO branch_b02.staff_session VALUES ('s000000008', 'sesh000212');
INSERT INTO branch_b02.staff_session VALUES ('s000000009', 'sesh000212');
INSERT INTO branch_b02.staff_session VALUES ('s000000008', 'sesh000213');
INSERT INTO branch_b02.staff_session VALUES ('s000000009', 'sesh000213');
INSERT INTO branch_b02.staff_session VALUES ('s000000008', 'sesh000214');
INSERT INTO branch_b02.staff_session VALUES ('s000000009', 'sesh000214');
INSERT INTO branch_b02.staff_session VALUES ('s000000008', 'sesh000215');
INSERT INTO branch_b02.staff_session VALUES ('s000000009', 'sesh000215');
INSERT INTO branch_b02.staff_session VALUES ('s000000008', 'sesh000216');
INSERT INTO branch_b02.staff_session VALUES ('s000000009', 'sesh000216');
INSERT INTO branch_b02.staff_session VALUES ('s000000008', 'sesh000217');
INSERT INTO branch_b02.staff_session VALUES ('s000000009', 'sesh000217');
INSERT INTO branch_b02.staff_session VALUES ('s000000008', 'sesh000218');
INSERT INTO branch_b02.staff_session VALUES ('s000000009', 'sesh000218');
INSERT INTO branch_b02.staff_session VALUES ('s000000008', 'sesh000219');
INSERT INTO branch_b02.staff_session VALUES ('s000000009', 'sesh000219');
INSERT INTO branch_b02.staff_session VALUES ('s000000008', 'sesh000220');
INSERT INTO branch_b02.staff_session VALUES ('s000000009', 'sesh000220');
INSERT INTO branch_b02.staff_session VALUES ('s000000008', 'sesh000221');
INSERT INTO branch_b02.staff_session VALUES ('s000000009', 'sesh000221');
INSERT INTO branch_b02.staff_session VALUES ('s000000008', 'sesh000222');
INSERT INTO branch_b02.staff_session VALUES ('s000000009', 'sesh000222');
INSERT INTO branch_b02.staff_session VALUES ('s000000008', 'sesh000223');
INSERT INTO branch_b02.staff_session VALUES ('s000000009', 'sesh000223');
INSERT INTO branch_b02.staff_session VALUES ('s000000008', 'sesh000224');
INSERT INTO branch_b02.staff_session VALUES ('s000000009', 'sesh000224');
INSERT INTO branch_b02.staff_session VALUES ('s000000008', 'sesh000225');
INSERT INTO branch_b02.staff_session VALUES ('s000000009', 'sesh000225');
INSERT INTO branch_b02.staff_session VALUES ('s000000008', 'sesh000226');
INSERT INTO branch_b02.staff_session VALUES ('s000000009', 'sesh000226');
INSERT INTO branch_b02.staff_session VALUES ('s000000008', 'sesh000227');
INSERT INTO branch_b02.staff_session VALUES ('s000000009', 'sesh000227');
INSERT INTO branch_b02.staff_session VALUES ('s000000008', 'sesh000228');
INSERT INTO branch_b02.staff_session VALUES ('s000000009', 'sesh000228');
INSERT INTO branch_b02.staff_session VALUES ('s000000008', 'sesh000229');
INSERT INTO branch_b02.staff_session VALUES ('s000000009', 'sesh000229');
INSERT INTO branch_b02.staff_session VALUES ('s000000008', 'sesh000230');
INSERT INTO branch_b02.staff_session VALUES ('s000000009', 'sesh000230');
INSERT INTO branch_b02.staff_session VALUES ('s000000008', 'sesh000231');
INSERT INTO branch_b02.staff_session VALUES ('s000000009', 'sesh000231');
INSERT INTO branch_b02.staff_session VALUES ('s000000008', 'sesh000232');
INSERT INTO branch_b02.staff_session VALUES ('s000000009', 'sesh000232');
INSERT INTO branch_b02.staff_session VALUES ('s000000008', 'sesh000233');
INSERT INTO branch_b02.staff_session VALUES ('s000000009', 'sesh000233');
INSERT INTO branch_b02.staff_session VALUES ('s000000008', 'sesh000234');
INSERT INTO branch_b02.staff_session VALUES ('s000000009', 'sesh000234');
INSERT INTO branch_b02.staff_session VALUES ('s000000008', 'sesh000235');
INSERT INTO branch_b02.staff_session VALUES ('s000000009', 'sesh000235');
INSERT INTO branch_b02.staff_session VALUES ('s000000008', 'sesh000236');
INSERT INTO branch_b02.staff_session VALUES ('s000000009', 'sesh000236');
INSERT INTO branch_b02.staff_session VALUES ('s000000008', 'sesh000237');
INSERT INTO branch_b02.staff_session VALUES ('s000000009', 'sesh000237');
INSERT INTO branch_b02.staff_session VALUES ('s000000008', 'sesh000238');
INSERT INTO branch_b02.staff_session VALUES ('s000000009', 'sesh000238');
INSERT INTO branch_b02.staff_session VALUES ('s000000008', 'sesh000239');
INSERT INTO branch_b02.staff_session VALUES ('s000000009', 'sesh000239');
INSERT INTO branch_b02.staff_session VALUES ('s000000008', 'sesh000240');
INSERT INTO branch_b02.staff_session VALUES ('s000000009', 'sesh000240');
INSERT INTO branch_b02.staff_session VALUES ('s000000008', 'sesh000241');
INSERT INTO branch_b02.staff_session VALUES ('s000000009', 'sesh000241');
INSERT INTO branch_b02.staff_session VALUES ('s000000008', 'sesh000242');
INSERT INTO branch_b02.staff_session VALUES ('s000000009', 'sesh000242');
INSERT INTO branch_b02.staff_session VALUES ('s000000008', 'sesh000243');
INSERT INTO branch_b02.staff_session VALUES ('s000000009', 'sesh000243');
INSERT INTO branch_b02.staff_session VALUES ('s000000008', 'sesh000244');
INSERT INTO branch_b02.staff_session VALUES ('s000000009', 'sesh000244');
INSERT INTO branch_b02.staff_session VALUES ('s000000008', 'sesh000245');
INSERT INTO branch_b02.staff_session VALUES ('s000000009', 'sesh000245');
INSERT INTO branch_b02.staff_session VALUES ('s000000008', 'sesh000246');
INSERT INTO branch_b02.staff_session VALUES ('s000000009', 'sesh000246');
INSERT INTO branch_b02.staff_session VALUES ('s000000008', 'sesh000247');
INSERT INTO branch_b02.staff_session VALUES ('s000000009', 'sesh000247');
INSERT INTO branch_b02.staff_session VALUES ('s000000008', 'sesh000248');
INSERT INTO branch_b02.staff_session VALUES ('s000000009', 'sesh000248');
INSERT INTO branch_b02.staff_session VALUES ('s000000008', 'sesh000249');
INSERT INTO branch_b02.staff_session VALUES ('s000000009', 'sesh000249');

-- Records of branch_b02.staff_session
INSERT INTO branch_b02.staff_session VALUES ('s000000008', 'sesh000251');
INSERT INTO branch_b02.staff_session VALUES ('s000000009', 'sesh000251');
INSERT INTO branch_b02.staff_session VALUES ('s000000008', 'sesh000252');
INSERT INTO branch_b02.staff_session VALUES ('s000000009', 'sesh000252');
INSERT INTO branch_b02.staff_session VALUES ('s000000008', 'sesh000253');
INSERT INTO branch_b02.staff_session VALUES ('s000000009', 'sesh000253');
INSERT INTO branch_b02.staff_session VALUES ('s000000008', 'sesh000254');
INSERT INTO branch_b02.staff_session VALUES ('s000000009', 'sesh000254');
INSERT INTO branch_b02.staff_session VALUES ('s000000008', 'sesh000255');
INSERT INTO branch_b02.staff_session VALUES ('s000000009', 'sesh000255');
INSERT INTO branch_b02.staff_session VALUES ('s000000008', 'sesh000256');
INSERT INTO branch_b02.staff_session VALUES ('s000000009', 'sesh000256');
INSERT INTO branch_b02.staff_session VALUES ('s000000008', 'sesh000257');
INSERT INTO branch_b02.staff_session VALUES ('s000000009', 'sesh000257');
INSERT INTO branch_b02.staff_session VALUES ('s000000008', 'sesh000258');
INSERT INTO branch_b02.staff_session VALUES ('s000000009', 'sesh000258');
INSERT INTO branch_b02.staff_session VALUES ('s000000008', 'sesh000259');
INSERT INTO branch_b02.staff_session VALUES ('s000000009', 'sesh000259');
INSERT INTO branch_b02.staff_session VALUES ('s000000008', 'sesh000260');
INSERT INTO branch_b02.staff_session VALUES ('s000000009', 'sesh000260');
INSERT INTO branch_b02.staff_session VALUES ('s000000008', 'sesh000261');
INSERT INTO branch_b02.staff_session VALUES ('s000000009', 'sesh000261');
INSERT INTO branch_b02.staff_session VALUES ('s000000008', 'sesh000262');
INSERT INTO branch_b02.staff_session VALUES ('s000000009', 'sesh000262');
INSERT INTO branch_b02.staff_session VALUES ('s000000008', 'sesh000263');
INSERT INTO branch_b02.staff_session VALUES ('s000000009', 'sesh000263');
INSERT INTO branch_b02.staff_session VALUES ('s000000008', 'sesh000264');
INSERT INTO branch_b02.staff_session VALUES ('s000000009', 'sesh000264');
INSERT INTO branch_b02.staff_session VALUES ('s000000008', 'sesh000265');
INSERT INTO branch_b02.staff_session VALUES ('s000000009', 'sesh000265');
INSERT INTO branch_b02.staff_session VALUES ('s000000008', 'sesh000266');
INSERT INTO branch_b02.staff_session VALUES ('s000000009', 'sesh000266');
INSERT INTO branch_b02.staff_session VALUES ('s000000008', 'sesh000267');
INSERT INTO branch_b02.staff_session VALUES ('s000000009', 'sesh000267');
INSERT INTO branch_b02.staff_session VALUES ('s000000008', 'sesh000268');
INSERT INTO branch_b02.staff_session VALUES ('s000000009', 'sesh000268');
INSERT INTO branch_b02.staff_session VALUES ('s000000008', 'sesh000269');
INSERT INTO branch_b02.staff_session VALUES ('s000000009', 'sesh000269');
INSERT INTO branch_b02.staff_session VALUES ('s000000008', 'sesh000270');
INSERT INTO branch_b02.staff_session VALUES ('s000000009', 'sesh000270');
INSERT INTO branch_b02.staff_session VALUES ('s000000008', 'sesh000271');
INSERT INTO branch_b02.staff_session VALUES ('s000000009', 'sesh000271');
INSERT INTO branch_b02.staff_session VALUES ('s000000008', 'sesh000272');
INSERT INTO branch_b02.staff_session VALUES ('s000000009', 'sesh000272');
INSERT INTO branch_b02.staff_session VALUES ('s000000008', 'sesh000273');
INSERT INTO branch_b02.staff_session VALUES ('s000000009', 'sesh000273');
INSERT INTO branch_b02.staff_session VALUES ('s000000008', 'sesh000274');
INSERT INTO branch_b02.staff_session VALUES ('s000000009', 'sesh000274');
INSERT INTO branch_b02.staff_session VALUES ('s000000008', 'sesh000275');
INSERT INTO branch_b02.staff_session VALUES ('s000000009', 'sesh000275');
INSERT INTO branch_b02.staff_session VALUES ('s000000008', 'sesh000276');
INSERT INTO branch_b02.staff_session VALUES ('s000000009', 'sesh000276');
INSERT INTO branch_b02.staff_session VALUES ('s000000008', 'sesh000277');
INSERT INTO branch_b02.staff_session VALUES ('s000000009', 'sesh000277');
INSERT INTO branch_b02.staff_session VALUES ('s000000008', 'sesh000278');
INSERT INTO branch_b02.staff_session VALUES ('s000000009', 'sesh000278');
INSERT INTO branch_b02.staff_session VALUES ('s000000008', 'sesh000279');
INSERT INTO branch_b02.staff_session VALUES ('s000000009', 'sesh000279');
INSERT INTO branch_b02.staff_session VALUES ('s000000008', 'sesh000280');
INSERT INTO branch_b02.staff_session VALUES ('s000000009', 'sesh000280');
INSERT INTO branch_b02.staff_session VALUES ('s000000008', 'sesh000281');
INSERT INTO branch_b02.staff_session VALUES ('s000000009', 'sesh000281');
INSERT INTO branch_b02.staff_session VALUES ('s000000008', 'sesh000282');
INSERT INTO branch_b02.staff_session VALUES ('s000000009', 'sesh000282');
INSERT INTO branch_b02.staff_session VALUES ('s000000008', 'sesh000283');
INSERT INTO branch_b02.staff_session VALUES ('s000000009', 'sesh000283');
INSERT INTO branch_b02.staff_session VALUES ('s000000008', 'sesh000284');
INSERT INTO branch_b02.staff_session VALUES ('s000000009', 'sesh000284');
INSERT INTO branch_b02.staff_session VALUES ('s000000008', 'sesh000285');
INSERT INTO branch_b02.staff_session VALUES ('s000000009', 'sesh000285');
INSERT INTO branch_b02.staff_session VALUES ('s000000008', 'sesh000286');
INSERT INTO branch_b02.staff_session VALUES ('s000000009', 'sesh000286');
INSERT INTO branch_b02.staff_session VALUES ('s000000008', 'sesh000287');
INSERT INTO branch_b02.staff_session VALUES ('s000000009', 'sesh000287');
INSERT INTO branch_b02.staff_session VALUES ('s000000008', 'sesh000288');
INSERT INTO branch_b02.staff_session VALUES ('s000000009', 'sesh000288');
INSERT INTO branch_b02.staff_session VALUES ('s000000008', 'sesh000289');
INSERT INTO branch_b02.staff_session VALUES ('s000000009', 'sesh000289');
INSERT INTO branch_b02.staff_session VALUES ('s000000009', 'sesh000290');
INSERT INTO branch_b02.staff_session VALUES ('s000000010', 'sesh000290');
INSERT INTO branch_b02.staff_session VALUES ('s000000009', 'sesh000291');
INSERT INTO branch_b02.staff_session VALUES ('s000000010', 'sesh000291');
INSERT INTO branch_b02.staff_session VALUES ('s000000009', 'sesh000292');
INSERT INTO branch_b02.staff_session VALUES ('s000000010', 'sesh000292');
INSERT INTO branch_b02.staff_session VALUES ('s000000009', 'sesh000293');
INSERT INTO branch_b02.staff_session VALUES ('s000000010', 'sesh000293');
INSERT INTO branch_b02.staff_session VALUES ('s000000009', 'sesh000294');
INSERT INTO branch_b02.staff_session VALUES ('s000000010', 'sesh000294');
INSERT INTO branch_b02.staff_session VALUES ('s000000009', 'sesh000295');
INSERT INTO branch_b02.staff_session VALUES ('s000000010', 'sesh000295');
INSERT INTO branch_b02.staff_session VALUES ('s000000009', 'sesh000296');
INSERT INTO branch_b02.staff_session VALUES ('s000000010', 'sesh000296');
INSERT INTO branch_b02.staff_session VALUES ('s000000009', 'sesh000297');
INSERT INTO branch_b02.staff_session VALUES ('s000000010', 'sesh000297');
INSERT INTO branch_b02.staff_session VALUES ('s000000009', 'sesh000298');
INSERT INTO branch_b02.staff_session VALUES ('s000000010', 'sesh000298');
INSERT INTO branch_b02.staff_session VALUES ('s000000009', 'sesh000299');

-- Records of branch_b02.staff_session
INSERT INTO branch_b02.staff_session VALUES ('s000000010', 'sesh000300');
INSERT INTO branch_b02.staff_session VALUES ('s000000009', 'sesh000301');
INSERT INTO branch_b02.staff_session VALUES ('s000000010', 'sesh000301');
INSERT INTO branch_b02.staff_session VALUES ('s000000009', 'sesh000302');
INSERT INTO branch_b02.staff_session VALUES ('s000000010', 'sesh000302');
INSERT INTO branch_b02.staff_session VALUES ('s000000009', 'sesh000303');
INSERT INTO branch_b02.staff_session VALUES ('s000000010', 'sesh000303');
INSERT INTO branch_b02.staff_session VALUES ('s000000009', 'sesh000304');
INSERT INTO branch_b02.staff_session VALUES ('s000000010', 'sesh000304');
INSERT INTO branch_b02.staff_session VALUES ('s000000009', 'sesh000305');
INSERT INTO branch_b02.staff_session VALUES ('s000000010', 'sesh000305');
INSERT INTO branch_b02.staff_session VALUES ('s000000009', 'sesh000306');
INSERT INTO branch_b02.staff_session VALUES ('s000000010', 'sesh000306');
INSERT INTO branch_b02.staff_session VALUES ('s000000009', 'sesh000307');
INSERT INTO branch_b02.staff_session VALUES ('s000000010', 'sesh000307');
INSERT INTO branch_b02.staff_session VALUES ('s000000009', 'sesh000308');
INSERT INTO branch_b02.staff_session VALUES ('s000000010', 'sesh000308');
INSERT INTO branch_b02.staff_session VALUES ('s000000009', 'sesh000309');
INSERT INTO branch_b02.staff_session VALUES ('s000000010', 'sesh000309');
INSERT INTO branch_b02.staff_session VALUES ('s000000009', 'sesh000310');
INSERT INTO branch_b02.staff_session VALUES ('s000000010', 'sesh000310');
INSERT INTO branch_b02.staff_session VALUES ('s000000009', 'sesh000311');
INSERT INTO branch_b02.staff_session VALUES ('s000000010', 'sesh000311');
INSERT INTO branch_b02.staff_session VALUES ('s000000009', 'sesh000312');
INSERT INTO branch_b02.staff_session VALUES ('s000000010', 'sesh000312');
INSERT INTO branch_b02.staff_session VALUES ('s000000009', 'sesh000313');
INSERT INTO branch_b02.staff_session VALUES ('s000000010', 'sesh000313');
INSERT INTO branch_b02.staff_session VALUES ('s000000009', 'sesh000314');
INSERT INTO branch_b02.staff_session VALUES ('s000000010', 'sesh000314');
INSERT INTO branch_b02.staff_session VALUES ('s000000009', 'sesh000315');
INSERT INTO branch_b02.staff_session VALUES ('s000000010', 'sesh000315');
INSERT INTO branch_b02.staff_session VALUES ('s000000009', 'sesh000316');
INSERT INTO branch_b02.staff_session VALUES ('s000000010', 'sesh000316');
INSERT INTO branch_b02.staff_session VALUES ('s000000009', 'sesh000317');
INSERT INTO branch_b02.staff_session VALUES ('s000000010', 'sesh000317');
INSERT INTO branch_b02.staff_session VALUES ('s000000009', 'sesh000318');
INSERT INTO branch_b02.staff_session VALUES ('s000000010', 'sesh000318');
INSERT INTO branch_b02.staff_session VALUES ('s000000009', 'sesh000319');
INSERT INTO branch_b02.staff_session VALUES ('s000000010', 'sesh000319');
INSERT INTO branch_b02.staff_session VALUES ('s000000009', 'sesh000320');
INSERT INTO branch_b02.staff_session VALUES ('s000000010', 'sesh000320');
INSERT INTO branch_b02.staff_session VALUES ('s000000009', 'sesh000321');
INSERT INTO branch_b02.staff_session VALUES ('s000000010', 'sesh000321');
INSERT INTO branch_b02.staff_session VALUES ('s000000009', 'sesh000322');
INSERT INTO branch_b02.staff_session VALUES ('s000000010', 'sesh000322');
INSERT INTO branch_b02.staff_session VALUES ('s000000009', 'sesh000323');
INSERT INTO branch_b02.staff_session VALUES ('s000000010', 'sesh000323');
INSERT INTO branch_b02.staff_session VALUES ('s000000009', 'sesh000324');
INSERT INTO branch_b02.staff_session VALUES ('s000000010', 'sesh000324');
INSERT INTO branch_b02.staff_session VALUES ('s000000009', 'sesh000325');
INSERT INTO branch_b02.staff_session VALUES ('s000000010', 'sesh000325');
INSERT INTO branch_b02.staff_session VALUES ('s000000009', 'sesh000326');
INSERT INTO branch_b02.staff_session VALUES ('s000000010', 'sesh000326');
INSERT INTO branch_b02.staff_session VALUES ('s000000009', 'sesh000327');
INSERT INTO branch_b02.staff_session VALUES ('s000000010', 'sesh000327');
INSERT INTO branch_b02.staff_session VALUES ('s000000009', 'sesh000328');
INSERT INTO branch_b02.staff_session VALUES ('s000000010', 'sesh000328');
INSERT INTO branch_b02.staff_session VALUES ('s000000009', 'sesh000329');
INSERT INTO branch_b02.staff_session VALUES ('s000000010', 'sesh000329');
INSERT INTO branch_b02.staff_session VALUES ('s000000009', 'sesh000330');
INSERT INTO branch_b02.staff_session VALUES ('s000000010', 'sesh000330');
INSERT INTO branch_b02.staff_session VALUES ('s000000009', 'sesh000331');
INSERT INTO branch_b02.staff_session VALUES ('s000000010', 'sesh000331');
INSERT INTO branch_b02.staff_session VALUES ('s000000009', 'sesh000332');
INSERT INTO branch_b02.staff_session VALUES ('s000000010', 'sesh000332');
INSERT INTO branch_b02.staff_session VALUES ('s000000009', 'sesh000333');
INSERT INTO branch_b02.staff_session VALUES ('s000000010', 'sesh000333');
INSERT INTO branch_b02.staff_session VALUES ('s000000009', 'sesh000334');
INSERT INTO branch_b02.staff_session VALUES ('s000000010', 'sesh000334');
INSERT INTO branch_b02.staff_session VALUES ('s000000009', 'sesh000335');
INSERT INTO branch_b02.staff_session VALUES ('s000000010', 'sesh000335');
INSERT INTO branch_b02.staff_session VALUES ('s000000009', 'sesh000336');
INSERT INTO branch_b02.staff_session VALUES ('s000000010', 'sesh000336');
INSERT INTO branch_b02.staff_session VALUES ('s000000009', 'sesh000337');
INSERT INTO branch_b02.staff_session VALUES ('s000000010', 'sesh000337');
INSERT INTO branch_b02.staff_session VALUES ('s000000009', 'sesh000338');
INSERT INTO branch_b02.staff_session VALUES ('s000000010', 'sesh000338');
INSERT INTO branch_b02.staff_session VALUES ('s000000009', 'sesh000339');
INSERT INTO branch_b02.staff_session VALUES ('s000000010', 'sesh000339');
INSERT INTO branch_b02.staff_session VALUES ('s000000009', 'sesh000340');
INSERT INTO branch_b02.staff_session VALUES ('s000000010', 'sesh000340');
INSERT INTO branch_b02.staff_session VALUES ('s000000009', 'sesh000341');
INSERT INTO branch_b02.staff_session VALUES ('s000000010', 'sesh000341');
INSERT INTO branch_b02.staff_session VALUES ('s000000009', 'sesh000342');
INSERT INTO branch_b02.staff_session VALUES ('s000000010', 'sesh000342');
INSERT INTO branch_b02.staff_session VALUES ('s000000009', 'sesh000343');
INSERT INTO branch_b02.staff_session VALUES ('s000000010', 'sesh000343');
INSERT INTO branch_b02.staff_session VALUES ('s000000009', 'sesh000344');
INSERT INTO branch_b02.staff_session VALUES ('s000000010', 'sesh000344');
INSERT INTO branch_b02.staff_session VALUES ('s000000009', 'sesh000345');
INSERT INTO branch_b02.staff_session VALUES ('s000000010', 'sesh000345');
INSERT INTO branch_b02.staff_session VALUES ('s000000009', 'sesh000346');
INSERT INTO branch_b02.staff_session VALUES ('s000000010', 'sesh000346');
INSERT INTO branch_b02.staff_session VALUES ('s000000009', 'sesh000347');
INSERT INTO branch_b02.staff_session VALUES ('s000000010', 'sesh000347');
INSERT INTO branch_b02.staff_session VALUES ('s000000009', 'sesh000348');
INSERT INTO branch_b02.staff_session VALUES ('s000000010', 'sesh000348');
INSERT INTO branch_b02.staff_session VALUES ('s000000009', 'sesh000349');
INSERT INTO branch_b02.staff_session VALUES ('s000000010', 'sesh000349');

-- Records of branch_b02.staff_session
INSERT INTO branch_b02.staff_session VALUES ('s000000009', 'sesh000351');
INSERT INTO branch_b02.staff_session VALUES ('s000000010', 'sesh000351');
INSERT INTO branch_b02.staff_session VALUES ('s000000009', 'sesh000352');
INSERT INTO branch_b02.staff_session VALUES ('s000000010', 'sesh000352');
INSERT INTO branch_b02.staff_session VALUES ('s000000009', 'sesh000353');
INSERT INTO branch_b02.staff_session VALUES ('s000000010', 'sesh000353');
INSERT INTO branch_b02.staff_session VALUES ('s000000009', 'sesh000354');
INSERT INTO branch_b02.staff_session VALUES ('s000000010', 'sesh000354');
INSERT INTO branch_b02.staff_session VALUES ('s000000009', 'sesh000355');
INSERT INTO branch_b02.staff_session VALUES ('s000000010', 'sesh000355');
INSERT INTO branch_b02.staff_session VALUES ('s000000009', 'sesh000356');
INSERT INTO branch_b02.staff_session VALUES ('s000000010', 'sesh000356');
INSERT INTO branch_b02.staff_session VALUES ('s000000009', 'sesh000357');
INSERT INTO branch_b02.staff_session VALUES ('s000000010', 'sesh000357');
INSERT INTO branch_b02.staff_session VALUES ('s000000009', 'sesh000358');
INSERT INTO branch_b02.staff_session VALUES ('s000000010', 'sesh000358');
INSERT INTO branch_b02.staff_session VALUES ('s000000009', 'sesh000359');
INSERT INTO branch_b02.staff_session VALUES ('s000000010', 'sesh000359');
INSERT INTO branch_b02.staff_session VALUES ('s000000009', 'sesh000360');
INSERT INTO branch_b02.staff_session VALUES ('s000000010', 'sesh000360');
INSERT INTO branch_b02.staff_session VALUES ('s000000009', 'sesh000361');
INSERT INTO branch_b02.staff_session VALUES ('s000000010', 'sesh000361');
INSERT INTO branch_b02.staff_session VALUES ('s000000009', 'sesh000362');
INSERT INTO branch_b02.staff_session VALUES ('s000000010', 'sesh000362');
INSERT INTO branch_b02.staff_session VALUES ('s000000009', 'sesh000363');
INSERT INTO branch_b02.staff_session VALUES ('s000000010', 'sesh000363');
INSERT INTO branch_b02.staff_session VALUES ('s000000009', 'sesh000364');
INSERT INTO branch_b02.staff_session VALUES ('s000000010', 'sesh000364');
INSERT INTO branch_b02.staff_session VALUES ('s000000009', 'sesh000365');
INSERT INTO branch_b02.staff_session VALUES ('s000000010', 'sesh000365');
INSERT INTO branch_b02.staff_session VALUES ('s000000009', 'sesh000366');
INSERT INTO branch_b02.staff_session VALUES ('s000000010', 'sesh000366');
INSERT INTO branch_b02.staff_session VALUES ('s000000009', 'sesh000367');
INSERT INTO branch_b02.staff_session VALUES ('s000000010', 'sesh000367');
INSERT INTO branch_b02.staff_session VALUES ('s000000009', 'sesh000368');
INSERT INTO branch_b02.staff_session VALUES ('s000000010', 'sesh000368');
INSERT INTO branch_b02.staff_session VALUES ('s000000009', 'sesh000369');
INSERT INTO branch_b02.staff_session VALUES ('s000000010', 'sesh000369');
INSERT INTO branch_b02.staff_session VALUES ('s000000009', 'sesh000370');
INSERT INTO branch_b02.staff_session VALUES ('s000000010', 'sesh000370');
INSERT INTO branch_b02.staff_session VALUES ('s000000009', 'sesh000371');
INSERT INTO branch_b02.staff_session VALUES ('s000000010', 'sesh000371');
INSERT INTO branch_b02.staff_session VALUES ('s000000009', 'sesh000372');
INSERT INTO branch_b02.staff_session VALUES ('s000000010', 'sesh000372');
INSERT INTO branch_b02.staff_session VALUES ('s000000009', 'sesh000373');
INSERT INTO branch_b02.staff_session VALUES ('s000000010', 'sesh000373');
INSERT INTO branch_b02.staff_session VALUES ('s000000009', 'sesh000374');
INSERT INTO branch_b02.staff_session VALUES ('s000000010', 'sesh000374');
INSERT INTO branch_b02.staff_session VALUES ('s000000009', 'sesh000375');
INSERT INTO branch_b02.staff_session VALUES ('s000000010', 'sesh000375');
INSERT INTO branch_b02.staff_session VALUES ('s000000009', 'sesh000376');
INSERT INTO branch_b02.staff_session VALUES ('s000000010', 'sesh000376');
INSERT INTO branch_b02.staff_session VALUES ('s000000009', 'sesh000377');
INSERT INTO branch_b02.staff_session VALUES ('s000000010', 'sesh000377');
INSERT INTO branch_b02.staff_session VALUES ('s000000009', 'sesh000378');
INSERT INTO branch_b02.staff_session VALUES ('s000000010', 'sesh000378');
INSERT INTO branch_b02.staff_session VALUES ('s000000009', 'sesh000379');
INSERT INTO branch_b02.staff_session VALUES ('s000000010', 'sesh000379');
INSERT INTO branch_b02.staff_session VALUES ('s000000009', 'sesh000380');
INSERT INTO branch_b02.staff_session VALUES ('s000000010', 'sesh000380');
INSERT INTO branch_b02.staff_session VALUES ('s000000009', 'sesh000381');
INSERT INTO branch_b02.staff_session VALUES ('s000000010', 'sesh000381');
INSERT INTO branch_b02.staff_session VALUES ('s000000009', 'sesh000382');
INSERT INTO branch_b02.staff_session VALUES ('s000000010', 'sesh000382');
INSERT INTO branch_b02.staff_session VALUES ('s000000009', 'sesh000383');
INSERT INTO branch_b02.staff_session VALUES ('s000000010', 'sesh000383');
INSERT INTO branch_b02.staff_session VALUES ('s000000009', 'sesh000384');
INSERT INTO branch_b02.staff_session VALUES ('s000000010', 'sesh000384');
INSERT INTO branch_b02.staff_session VALUES ('s000000009', 'sesh000385');
INSERT INTO branch_b02.staff_session VALUES ('s000000010', 'sesh000385');

-- Records of branch_b02.staff_contact
INSERT INTO branch_b02.staff_contact VALUES (1, 's000000008');
INSERT INTO branch_b02.staff_contact VALUES (2, 's000000009');
INSERT INTO branch_b02.staff_contact VALUES (3, 's000000010');
INSERT INTO branch_b02.staff_contact VALUES (4, 's000000011');
INSERT INTO branch_b02.staff_contact VALUES (5, 's000000012');
INSERT INTO branch_b02.staff_contact VALUES (6, 's000000013');
INSERT INTO branch_b02.staff_contact VALUES (7, 's000000014');

-- Records of branch_b02.student_contact
INSERT INTO branch_b02.student_contact VALUES (10, 'sn00000007');
INSERT INTO branch_b02.student_contact VALUES (1, 'sn00000008');
INSERT INTO branch_b02.student_contact VALUES (12, 'sn00000009');
INSERT INTO branch_b02.student_contact VALUES (8, 'sn00000010');
INSERT INTO branch_b02.student_contact VALUES (3, 'sn00000011');
INSERT INTO branch_b02.student_contact VALUES (11, 'sn00000012');

-- Records of branch_b02.staff_office
INSERT INTO branch_b02.staff_office VALUES (4,'s000000008');
INSERT INTO branch_b02.staff_office VALUES (5,'s000000009');
INSERT INTO branch_b02.staff_office VALUES (6,'s000000010');
INSERT INTO branch_b02.staff_office VALUES (7,'s000000011');
INSERT INTO branch_b02.staff_office VALUES (8,'s000000012');
INSERT INTO branch_b02.staff_office VALUES (9,'s000000013');
INSERT INTO branch_b02.staff_office VALUES (10,'s000000014');