-- Records of STAFF
INSERT INTO branch_b02.staff (staff_fname, staff_mname, staff_lname, staff_title, staff_addr1, staff_addr2, staff_city, staff_postcode, staff_personal_email, staff_landline, staff_mobile, staff_dob)
VALUES
	('Ethan', 'William', 'White', 'Dr', '789 Pine Avenue', NULL, 'Glasgow', 'G1 1AA', 'ethan.white@gmail.com', '0162345679', '07987654322', '1983-11-20'),
  ('William', 'Daniel', 'Thomas', 'Dr', '789 Elm Street', NULL, 'Glasgow', 'G1 1AA', 'william.thomas@gmail.com', '0161234568', '07987554322', '1980-10-30'),
  ('Isabella', NULL, 'Harris', 'Dr', '456 Maple Street', NULL, 'Manchester', 'M1 2AB', 'isabella.harris@gmail.com', '0163456791', '07998765433', '1979-09-25'),
  ('James', 'Alexander', 'Brown', 'Dr', '789 Oak Lane', NULL, 'Glasgow', 'G2 1AB', 'james.brown@gmail.com', '0112345670', '07871234568', '1984-12-10'),
  ('Charlotte', NULL, 'Wilson', 'Dr', '101 Elm Street', NULL, 'Bristol', 'BS2 1AB', 'charlotte.wilson@gmail.com', '0142345679', '07876543211', '1977-02-05'),
  ('Laura', 'James', 'Taylor', 'Ms', '456 Elm Street', NULL, 'Glasgow', 'G1 1AA', 'laura.taylor@gmail.com', '0201234512', '07891232567', '1985-05-20'),
  ('Jane', NULL, 'Doe', 'Mrs', '987 Oak Avenue', NULL, 'Manchester', 'M1 2AA', 'jAne.doe@gmail.com', '0161234567', '07987654321', '1975-07-10');

-- Records of STAFF_ROLE
INSERT INTO branch_b02.staff_role (staff_id, role_id)
VALUES
  ('s000000008', 1),
  ('s000000009', 2),
  ('s000000010', 1),
  ('s000000011', 2),
  ('s000000012', 3),
  ('s000000013', 4),
  ('s000000014', 6);

-- Records of DEPARTMENT
INSERT INTO branch_b02.department (dep_id, staff_id)
VALUES
  ('d000001', 's000000008'),
  ('d000003', 's000000010'),
  ('d000007', 's000000012'),
  ('d000010', 's000000013'),
  ('d000009', 's000000014');

-- Records of COURSE
INSERT INTO branch_b02.course (course_id, staff_id)
VALUES
  ('c000001', 's000000008'),
  ('c000002', 's000000008'),
  ('c000005', 's000000010'),
  ('c000006', 's000000010');

-- Records of DEPARTMENT_COURSE
INSERT INTO branch_b02.department_course (dep_id, course_id)
VALUES
  ('d000001' , 'c000001'),
  ('d000001' , 'c000002'),
  ('d000003' , 'c000005'),
  ('d000003' , 'c000006'),
  ('d000003' , 'c000002');

-- Records of MODULE
INSERT INTO branch_b02.module (module_id)
VALUES
  ('m000001'),
  ('m000002'),
  ('m000003'),
  ('m000004'),
  ('m000009'),
  ('m000010'),
  ('m000011'),
  ('m000012');

-- Records of COURSE_MODULE
INSERT INTO branch_b02.course_module (course_id, module_id) 
VALUES
  ('c000001', 'm000001'),
  ('c000001', 'm000002'),
  ('c000002', 'm000003'),
  ('c000002', 'm000004'),
  ('c000005', 'm000009'),
  ('c000005', 'm000010'),
  ('c000006', 'm000011'),
  ('c000006', 'm000012');

-- Records of STUDENT
INSERT INTO branch_b02.student (student_personal_email, student_fname, student_mname, student_lname, student_pronouns, student_addr1, student_addr2, student_city, student_postcode, student_landline, student_mobile, student_dob, student_attendance)
VALUES
  ('alexander.brown@gmail.com', 'Alexander', 'James', 'Brown', 'He/Him', '456 Birch Avenue', NULL, 'Manchester', 'M1 2AB', '0163456789', '07998765432', '1998-08-20', 0.00),
  ('olivia.taylor@gmail.com', 'Olivia', NULL, 'Taylor', 'She/Her', '101 Elm Street', NULL, 'Glasgow', 'G2 1AB', '0142345671', '07871234571', '2000-02-25', 0.00),
  ('will.thomas@gmail.com', 'William', 'John', 'Thomas', 'He/Him', '789 Oak Lane', NULL, 'Bristol', 'BS2 1AB', '0113456781', '07912335681', '1997-06-30', 0.00),
  ('will.james@gmail.com', 'Will', NULL, 'James', 'He/Him', '125 Cedar Lane', NULL, 'London', 'SW1A 4AB', '0113456780', '07912345581', '1995-05-20', 0.00),
  ('amanda.thomas@gmail.com', 'Amanda', NULL, 'Thomas', 'She/Her', '789 Oak Lane', NULL, 'Bristol', 'BS2 1AB', '0113456781', '07912345681', '1997-06-30', 0.00),
  ('amanda.james@gmail.com', 'Amanda', NULL, 'James', 'She/Her', '125 Cedar Lane', NULL, 'Bristol', 'BS2 1AB', '0113456281', '07952345681', '1998-06-30', 0.00);

-- Records of STUDENT_COURSE
INSERT INTO branch_b02.student_course (student_id, course_id, feedback, culmative_average, course_rep)
VALUES
  ('sn00000001', 'c000001', NULL, 0.00, TRUE),
  ('sn00000002', 'c000001', NULL, 0.00, FALSE),
  ('sn00000003', 'c000002', NULL, 0.00, TRUE),
  ('sn00000004', 'c000002', NULL, 0.00, FALSE),
  ('sn00000005', 'c000005', NULL, 0.00, FALSE),
  ('sn00000006', 'c000006', NULL, 0.00, FALSE);

-- Records of TUITION
INSERT INTO branch_b02.tuition (tuition_amount, tuition_paid, tuition_remaining, tuition_remaining_perc, tuition_deadline)
VALUES
  (2800.00, 0, 2800.00, 0, '2025-07-01'),
  (2900.00, 0, 2900.00, 0, '2025-08-05'),
  (3000.00, 0, 3000.00, 0, '2025-07-10'),
  (3100.00, 0, 3100.00, 0, '2025-08-15'),
  (3200.00, 0, 3200.00, 0, '2025-07-20'),
  (3300.00, 0, 3300.00, 0, '2025-08-25');

-- Records of STUDENT_TUITION
INSERT INTO branch_b02.student_tuition (student_id, tuition_id)
VALUES
  ('sn00000001', 1),
  ('sn00000002', 2),
  ('sn00000003', 3),
  ('sn00000004', 4),
  ('sn00000005', 5),
  ('sn00000006', 6);

-- Records of TUITION_PAYMENT
INSERT INTO branch_b02.tuition_payment (tuition_id, tuition_payment_amount, tuition_payment_date, tuition_payment_method)
VALUES
  (1, 300.00, '2025-03-15', 'Bank Transfer'),
  (2, 200.00, '2025-03-20', 'Bank Transfer'),
  (3, 400.00, '2025-04-10', 'Direct Debit'),
  (4, 600.00, '2025-04-20', 'Direct Debit'),
  (5, 500.00, '2025-05-10', 'Direct Debit'),
  (6, 200.00, '2025-05-20', 'Direct Debit');

-- Records of STAFF_DEPARTMENT
INSERT INTO branch_b02.staff_department (staff_id, dep_id, date_assinged)
VALUES
  ('s000000008', 'd000001', '2025-02-01'),
  ('s000000009', 'd000001', '2025-02-02'),
  ('s000000010', 'd000003', '2025-03-02'),
  ('s000000011', 'd000003', '2025-02-06'),
  ('s000000012', 'd000007', '2025-04-02'),
  ('s000000013', 'd000010', '2025-02-09'),
  ('s000000014', 'd000009', '2025-05-02');

-- Records of BUILDING
INSERT INTO branch_b02.building (building_name, building_alt_name, building_type, building_addr1, building_addr2, building_city, building_postcode, building_country)
VALUES
  ('Turing Hall', 'TH', 'Educational', '12 Science Way', 'South Bank', 'London', 'SW1A 1AA', 'United Kingdom'),
  ('Ada Lovelace Building', 'ALB', 'Administrative', '98 King Street', 'Mayfair', 'London', 'SW1A 1AB', 'United Kingdom');

-- Records of ROOM
INSERT INTO branch_b02.room (building_id, room_name, room_alt_name, room_type_id, room_capacity, room_floor)
VALUES
  (1, 'Lecture Theatre 1', 'LT1', 1, 100, 1),
  (1, '1.02', 'TH1.01', 4, 40, 1),
  (1, '1.04', 'TH1.02', 2, 25, 1),
  (1, '2.01', 'TH2.01', 13, 1, 2),
  (1, '2.02', 'TH2.02', 13, 1, 2),
  (1, '2.03', 'TH2.03', 13, 1, 2),
  (1, '2.04', 'TH2.04', 13, 1, 2),
  (2, '1.05', 'ALB1.01', 13, 1, 1),
  (2, '1.05', 'ALB1.02', 13, 1, 1),
  (2, '1.05', 'ALB1.03', 13, 1, 1),
  (2, '1.05', 'ALB1.04', 13, 1, 1),
  (2, '2.01', 'ALB2.01', 13, 1, 2),
  (2, '2.02', 'ALB2.02', 13, 1, 2),
  (2, '2.03', 'ALB2.03', 13, 1, 2),
  (2, '2.04', 'ALB2.04', 13, 1, 2);

-- Records of ROOM_FACILITY
INSERT INTO branch_b02.room_facility (room_id, facility_id, quantity)
VALUES
  (1, 1, 1),
  (1, 2, 2),
  (2, 1, 25),
  (2, 2, 2),
  (2, 12, 2),
  (3, 1, 10),
  (3, 2, 2),
  (4, 1, 1),
  (5, 1, 1),
  (6, 1, 1),
  (7, 1, 1),
  (8, 1, 1),
  (9, 1, 1),
  (10, 1, 1),
  (11, 1, 1),
  (12, 1, 1),
  (13, 1, 1),
  (14, 1, 1),
  (15, 1, 1);

-- Records of SESSION
INSERT INTO branch_b02.session (room_id, module_id, session_type, session_start_time, session_end_time, session_date, session_feedback, session_mandatory, session_description)
VALUES
	(1, 'm000001', 'Lecture', '9:00', '10:00', '2024-11-05', '', TRUE, ''),
	(2, 'm000001', 'Practical', '10:00', '11:00', '2024-11-05', '', TRUE, ''),
	(1, 'm000001', 'Lecture', '9:00', '10:00', '2024-11-12', '', TRUE, ''),
	(2, 'm000001', 'Practical', '10:00', '11:00', '2024-11-12', '', TRUE, ''),
	(1, 'm000001', 'Lecture', '9:00', '10:00', '2024-11-19', '', TRUE, ''),
	(2, 'm000001', 'Practical', '10:00', '11:00', '2024-11-19', '', TRUE, ''),
	(1, 'm000001', 'Lecture', '9:00', '10:00', '2024-11-26', '', TRUE, ''),
	(3, 'm000001', 'Practical', '10:00', '11:00', '2024-11-26', '', TRUE, ''),
	(1, 'm000001', 'Lecture', '9:00', '10:00', '2024-12-03', '', TRUE, ''),
	(3, 'm000001', 'Practical', '10:00', '11:00', '2024-12-03', '', TRUE, ''),
	(1, 'm000001', 'Lecture', '9:00', '10:00', '2024-12-10', '', TRUE, ''),
	(3, 'm000001', 'Practical', '10:00', '11:00', '2024-12-10', '', TRUE, ''),
	(1, 'm000001', 'Lecture', '9:00', '10:00', '2024-12-17', '', TRUE, ''),
	(2, 'm000001', 'Practical', '10:00', '11:00', '2024-12-17', '', TRUE, ''),
	(1, 'm000001', 'Lecture', '9:00', '10:00', '2024-12-24', '', TRUE, ''),
	(2, 'm000001', 'Practical', '10:00', '11:00', '2024-12-24', '', TRUE, ''),
	(1, 'm000001', 'Lecture', '9:00', '10:00', '2024-12-31', '', TRUE, ''),
	(2, 'm000001', 'Practical', '10:00', '11:00', '2024-12-31', '', TRUE, ''),
	(1, 'm000001', 'Lecture', '9:00', '10:00', '2025-01-07', '', TRUE, ''),
	(2, 'm000001', 'Practical', '10:00', '11:00', '2025-01-07', '', TRUE, ''),
	(1, 'm000001', 'Lecture', '9:00', '10:00', '2025-01-14', '', TRUE, ''),
	(2, 'm000001', 'Practical', '10:00', '11:00', '2025-01-14', '', TRUE, ''),
	(1, 'm000001', 'Lecture', '9:00', '10:00', '2025-01-21', '', TRUE, ''),
	(3, 'm000001', 'Practical', '10:00', '11:00', '2025-01-21', '', TRUE, ''),
	(1, 'm000002', 'Lecture', '10:00', '11:00', '2024-11-05', '', TRUE, ''),
	(2, 'm000002', 'Practical', '11:00', '12:00', '2024-11-05', '', TRUE, ''),
	(1, 'm000002', 'Lecture', '10:00', '11:00', '2024-11-12', '', TRUE, ''),
	(2, 'm000002', 'Practical', '11:00', '12:00', '2024-11-12', '', TRUE, ''),
	(1, 'm000002', 'Lecture', '10:00', '11:00', '2024-11-19', '', TRUE, ''),
	(3, 'm000002', 'Practical', '11:00', '12:00', '2024-11-19', '', TRUE, ''),
	(1, 'm000002', 'Lecture', '10:00', '11:00', '2024-11-26', '', TRUE, ''),
	(2, 'm000002', 'Practical', '11:00', '12:00', '2024-11-26', '', TRUE, ''),
	(1, 'm000002', 'Lecture', '10:00', '11:00', '2024-12-03', '', TRUE, ''),
	(3, 'm000002', 'Practical', '11:00', '12:00', '2024-12-03', '', TRUE, ''),
	(1, 'm000002', 'Lecture', '10:00', '11:00', '2024-12-10', '', TRUE, ''),
	(3, 'm000002', 'Practical', '11:00', '12:00', '2024-12-10', '', TRUE, ''),
	(1, 'm000002', 'Lecture', '10:00', '11:00', '2024-12-17', '', TRUE, ''),
	(2, 'm000002', 'Practical', '11:00', '12:00', '2024-12-17', '', TRUE, ''),
	(1, 'm000002', 'Lecture', '10:00', '11:00', '2024-12-24', '', TRUE, ''),
	(2, 'm000002', 'Practical', '11:00', '12:00', '2024-12-24', '', TRUE, ''),
	(1, 'm000002', 'Lecture', '10:00', '11:00', '2024-12-31', '', TRUE, ''),
	(3, 'm000002', 'Practical', '11:00', '12:00', '2024-12-31', '', TRUE, ''),
	(1, 'm000002', 'Lecture', '10:00', '11:00', '2025-01-07', '', TRUE, ''),
	(3, 'm000002', 'Practical', '11:00', '12:00', '2025-01-07', '', TRUE, ''),
	(1, 'm000002', 'Lecture', '10:00', '11:00', '2025-01-14', '', TRUE, ''),
	(2, 'm000002', 'Practical', '11:00', '12:00', '2025-01-14', '', TRUE, ''),
	(1, 'm000002', 'Lecture', '10:00', '11:00', '2025-01-21', '', TRUE, ''),
	(3, 'm000002', 'Practical', '11:00', '12:00', '2025-01-21', '', TRUE, ''),
	(1, 'm000003', 'Lecture', '11:00', '12:00', '2024-11-05', '', TRUE, ''),
	(2, 'm000003', 'Practical', '12:00', '13:00', '2024-11-05', '', TRUE, ''),
	(1, 'm000003', 'Lecture', '11:00', '12:00', '2024-11-12', '', TRUE, ''),
	(2, 'm000003', 'Practical', '12:00', '13:00', '2024-11-12', '', TRUE, ''),
	(1, 'm000003', 'Lecture', '11:00', '12:00', '2024-11-19', '', TRUE, ''),
	(3, 'm000003', 'Practical', '12:00', '13:00', '2024-11-19', '', TRUE, ''),
	(1, 'm000003', 'Lecture', '11:00', '12:00', '2024-11-26', '', TRUE, ''),
	(2, 'm000003', 'Practical', '12:00', '13:00', '2024-11-26', '', TRUE, ''),
	(1, 'm000003', 'Lecture', '11:00', '12:00', '2024-12-03', '', TRUE, ''),
	(3, 'm000003', 'Practical', '12:00', '13:00', '2024-12-03', '', TRUE, ''),
	(1, 'm000003', 'Lecture', '11:00', '12:00', '2024-12-10', '', TRUE, ''),
	(2, 'm000003', 'Practical', '12:00', '13:00', '2024-12-10', '', TRUE, ''),
	(1, 'm000003', 'Lecture', '11:00', '12:00', '2024-12-17', '', TRUE, ''),
	(2, 'm000003', 'Practical', '12:00', '13:00', '2024-12-17', '', TRUE, ''),
	(1, 'm000003', 'Lecture', '11:00', '12:00', '2024-12-24', '', TRUE, ''),
	(2, 'm000003', 'Practical', '12:00', '13:00', '2024-12-24', '', TRUE, ''),
	(1, 'm000003', 'Lecture', '11:00', '12:00', '2024-12-31', '', TRUE, ''),
	(3, 'm000003', 'Practical', '12:00', '13:00', '2024-12-31', '', TRUE, ''),
	(1, 'm000003', 'Lecture', '11:00', '12:00', '2025-01-07', '', TRUE, ''),
	(2, 'm000003', 'Practical', '12:00', '13:00', '2025-01-07', '', TRUE, ''),
	(1, 'm000003', 'Lecture', '11:00', '12:00', '2025-01-14', '', TRUE, ''),
	(3, 'm000003', 'Practical', '12:00', '13:00', '2025-01-14', '', TRUE, ''),
	(1, 'm000003', 'Lecture', '11:00', '12:00', '2025-01-21', '', TRUE, ''),
	(2, 'm000003', 'Practical', '12:00', '13:00', '2025-01-21', '', TRUE, ''),
	(1, 'm000004', 'Lecture', '12:00', '13:00', '2024-11-05', '', TRUE, ''),
	(2, 'm000004', 'Practical', '13:00', '14:00', '2024-11-05', '', TRUE, ''),
	(1, 'm000004', 'Lecture', '12:00', '13:00', '2024-11-12', '', TRUE, ''),
	(3, 'm000004', 'Practical', '13:00', '14:00', '2024-11-12', '', TRUE, ''),
	(1, 'm000004', 'Lecture', '12:00', '13:00', '2024-11-19', '', TRUE, ''),
	(2, 'm000004', 'Practical', '13:00', '14:00', '2024-11-19', '', TRUE, ''),
	(1, 'm000004', 'Lecture', '12:00', '13:00', '2024-11-26', '', TRUE, ''),
	(2, 'm000004', 'Practical', '13:00', '14:00', '2024-11-26', '', TRUE, ''),
	(1, 'm000004', 'Lecture', '12:00', '13:00', '2024-12-03', '', TRUE, ''),
	(2, 'm000004', 'Practical', '13:00', '14:00', '2024-12-03', '', TRUE, ''),
	(1, 'm000004', 'Lecture', '12:00', '13:00', '2024-12-10', '', TRUE, ''),
	(2, 'm000004', 'Practical', '13:00', '14:00', '2024-12-10', '', TRUE, ''),
	(1, 'm000004', 'Lecture', '12:00', '13:00', '2024-12-17', '', TRUE, ''),
	(2, 'm000004', 'Practical', '13:00', '14:00', '2024-12-17', '', TRUE, ''),
	(1, 'm000004', 'Lecture', '12:00', '13:00', '2024-12-24', '', TRUE, ''),
	(2, 'm000004', 'Practical', '13:00', '14:00', '2024-12-24', '', TRUE, ''),
	(1, 'm000004', 'Lecture', '12:00', '13:00', '2024-12-31', '', TRUE, ''),
	(2, 'm000004', 'Practical', '13:00', '14:00', '2024-12-31', '', TRUE, ''),
	(1, 'm000004', 'Lecture', '12:00', '13:00', '2025-01-07', '', TRUE, ''),
	(3, 'm000004', 'Practical', '13:00', '14:00', '2025-01-07', '', TRUE, ''),
	(1, 'm000004', 'Lecture', '12:00', '13:00', '2025-01-14', '', TRUE, ''),
	(3, 'm000004', 'Practical', '13:00', '14:00', '2025-01-14', '', TRUE, ''),
	(1, 'm000004', 'Lecture', '12:00', '13:00', '2025-01-21', '', TRUE, ''),
	(3, 'm000004', 'Practical', '13:00', '14:00', '2025-01-21', '', TRUE, ''),
	(1, 'm000009', 'Lecture', '13:00', '14:00', '2024-11-05', '', TRUE, ''),
	(3, 'm000009', 'Practical', '14:00', '15:00', '2024-11-05', '', TRUE, ''),
	(1, 'm000009', 'Lecture', '13:00', '14:00', '2024-11-12', '', TRUE, ''),
	(3, 'm000009', 'Practical', '14:00', '15:00', '2024-11-12', '', TRUE, ''),
	(1, 'm000009', 'Lecture', '13:00', '14:00', '2024-11-19', '', TRUE, ''),
	(3, 'm000009', 'Practical', '14:00', '15:00', '2024-11-19', '', TRUE, ''),
	(1, 'm000009', 'Lecture', '13:00', '14:00', '2024-11-26', '', TRUE, ''),
	(3, 'm000009', 'Practical', '14:00', '15:00', '2024-11-26', '', TRUE, ''),
	(1, 'm000009', 'Lecture', '13:00', '14:00', '2024-12-03', '', TRUE, ''),
	(2, 'm000009', 'Practical', '14:00', '15:00', '2024-12-03', '', TRUE, ''),
	(1, 'm000009', 'Lecture', '13:00', '14:00', '2024-12-10', '', TRUE, ''),
	(3, 'm000009', 'Practical', '14:00', '15:00', '2024-12-10', '', TRUE, ''),
	(1, 'm000009', 'Lecture', '13:00', '14:00', '2024-12-17', '', TRUE, ''),
	(2, 'm000009', 'Practical', '14:00', '15:00', '2024-12-17', '', TRUE, ''),
	(1, 'm000009', 'Lecture', '13:00', '14:00', '2024-12-24', '', TRUE, ''),
	(2, 'm000009', 'Practical', '14:00', '15:00', '2024-12-24', '', TRUE, ''),
	(1, 'm000009', 'Lecture', '13:00', '14:00', '2024-12-31', '', TRUE, ''),
	(2, 'm000009', 'Practical', '14:00', '15:00', '2024-12-31', '', TRUE, ''),
	(1, 'm000009', 'Lecture', '13:00', '14:00', '2025-01-07', '', TRUE, ''),
	(2, 'm000009', 'Practical', '14:00', '15:00', '2025-01-07', '', TRUE, ''),
	(1, 'm000009', 'Lecture', '13:00', '14:00', '2025-01-14', '', TRUE, ''),
	(2, 'm000009', 'Practical', '14:00', '15:00', '2025-01-14', '', TRUE, ''),
	(1, 'm000009', 'Lecture', '13:00', '14:00', '2025-01-21', '', TRUE, ''),
	(3, 'm000009', 'Practical', '14:00', '15:00', '2025-01-21', '', TRUE, ''),
	(1, 'm000010', 'Lecture', '14:00', '15:00', '2024-11-05', '', TRUE, ''),
	(3, 'm000010', 'Practical', '15:00', '16:00', '2024-11-05', '', TRUE, ''),
	(1, 'm000010', 'Lecture', '14:00', '15:00', '2024-11-12', '', TRUE, ''),
	(3, 'm000010', 'Practical', '15:00', '16:00', '2024-11-12', '', TRUE, ''),
	(1, 'm000010', 'Lecture', '14:00', '15:00', '2024-11-19', '', TRUE, ''),
	(2, 'm000010', 'Practical', '15:00', '16:00', '2024-11-19', '', TRUE, ''),
	(1, 'm000010', 'Lecture', '14:00', '15:00', '2024-11-26', '', TRUE, ''),
	(2, 'm000010', 'Practical', '15:00', '16:00', '2024-11-26', '', TRUE, ''),
	(1, 'm000010', 'Lecture', '14:00', '15:00', '2024-12-03', '', TRUE, ''),
	(3, 'm000010', 'Practical', '15:00', '16:00', '2024-12-03', '', TRUE, ''),
	(1, 'm000010', 'Lecture', '14:00', '15:00', '2024-12-10', '', TRUE, ''),
	(2, 'm000010', 'Practical', '15:00', '16:00', '2024-12-10', '', TRUE, ''),
	(1, 'm000010', 'Lecture', '14:00', '15:00', '2024-12-17', '', TRUE, ''),
	(2, 'm000010', 'Practical', '15:00', '16:00', '2024-12-17', '', TRUE, ''),
	(1, 'm000010', 'Lecture', '14:00', '15:00', '2024-12-24', '', TRUE, ''),
	(2, 'm000010', 'Practical', '15:00', '16:00', '2024-12-24', '', TRUE, ''),
	(1, 'm000010', 'Lecture', '14:00', '15:00', '2024-12-31', '', TRUE, ''),
	(3, 'm000010', 'Practical', '15:00', '16:00', '2024-12-31', '', TRUE, ''),
	(1, 'm000010', 'Lecture', '14:00', '15:00', '2025-01-07', '', TRUE, ''),
	(2, 'm000010', 'Practical', '15:00', '16:00', '2025-01-07', '', TRUE, ''),
	(1, 'm000010', 'Lecture', '14:00', '15:00', '2025-01-14', '', TRUE, ''),
	(2, 'm000010', 'Practical', '15:00', '16:00', '2025-01-14', '', TRUE, ''),
	(1, 'm000010', 'Lecture', '14:00', '15:00', '2025-01-21', '', TRUE, ''),
	(3, 'm000010', 'Practical', '15:00', '16:00', '2025-01-21', '', TRUE, ''),
	(1, 'm000011', 'Lecture', '15:00', '16:00', '2024-11-05', '', TRUE, ''),
	(3, 'm000011', 'Practical', '16:00', '17:00', '2024-11-05', '', TRUE, ''),
	(1, 'm000011', 'Lecture', '15:00', '16:00', '2024-11-12', '', TRUE, ''),
	(3, 'm000011', 'Practical', '16:00', '17:00', '2024-11-12', '', TRUE, ''),
	(1, 'm000011', 'Lecture', '15:00', '16:00', '2024-11-19', '', TRUE, ''),
	(2, 'm000011', 'Practical', '16:00', '17:00', '2024-11-19', '', TRUE, ''),
	(1, 'm000011', 'Lecture', '15:00', '16:00', '2024-11-26', '', TRUE, ''),
	(3, 'm000011', 'Practical', '16:00', '17:00', '2024-11-26', '', TRUE, ''),
	(1, 'm000011', 'Lecture', '15:00', '16:00', '2024-12-03', '', TRUE, ''),
	(2, 'm000011', 'Practical', '16:00', '17:00', '2024-12-03', '', TRUE, ''),
	(1, 'm000011', 'Lecture', '15:00', '16:00', '2024-12-10', '', TRUE, ''),
	(3, 'm000011', 'Practical', '16:00', '17:00', '2024-12-10', '', TRUE, ''),
	(1, 'm000011', 'Lecture', '15:00', '16:00', '2024-12-17', '', TRUE, ''),
	(3, 'm000011', 'Practical', '16:00', '17:00', '2024-12-17', '', TRUE, ''),
	(1, 'm000011', 'Lecture', '15:00', '16:00', '2024-12-24', '', TRUE, ''),
	(2, 'm000011', 'Practical', '16:00', '17:00', '2024-12-24', '', TRUE, ''),
	(1, 'm000011', 'Lecture', '15:00', '16:00', '2024-12-31', '', TRUE, ''),
	(2, 'm000011', 'Practical', '16:00', '17:00', '2024-12-31', '', TRUE, ''),
	(1, 'm000011', 'Lecture', '15:00', '16:00', '2025-01-07', '', TRUE, ''),
	(2, 'm000011', 'Practical', '16:00', '17:00', '2025-01-07', '', TRUE, ''),
	(1, 'm000011', 'Lecture', '15:00', '16:00', '2025-01-14', '', TRUE, ''),
	(2, 'm000011', 'Practical', '16:00', '17:00', '2025-01-14', '', TRUE, ''),
	(1, 'm000011', 'Lecture', '15:00', '16:00', '2025-01-21', '', TRUE, ''),
	(3, 'm000011', 'Practical', '16:00', '17:00', '2025-01-21', '', TRUE, ''),
	(1, 'm000012', 'Lecture', '16:00', '17:00', '2024-11-05', '', TRUE, ''),
	(2, 'm000012', 'Practical', '17:00', '18:00', '2024-11-05', '', TRUE, ''),
	(1, 'm000012', 'Lecture', '16:00', '17:00', '2024-11-12', '', TRUE, ''),
	(3, 'm000012', 'Practical', '17:00', '18:00', '2024-11-12', '', TRUE, ''),
	(1, 'm000012', 'Lecture', '16:00', '17:00', '2024-11-19', '', TRUE, ''),
	(3, 'm000012', 'Practical', '17:00', '18:00', '2024-11-19', '', TRUE, ''),
	(1, 'm000012', 'Lecture', '16:00', '17:00', '2024-11-26', '', TRUE, ''),
	(3, 'm000012', 'Practical', '17:00', '18:00', '2024-11-26', '', TRUE, ''),
	(1, 'm000012', 'Lecture', '16:00', '17:00', '2024-12-03', '', TRUE, ''),
	(2, 'm000012', 'Practical', '17:00', '18:00', '2024-12-03', '', TRUE, ''),
	(1, 'm000012', 'Lecture', '16:00', '17:00', '2024-12-10', '', TRUE, ''),
	(2, 'm000012', 'Practical', '17:00', '18:00', '2024-12-10', '', TRUE, ''),
	(1, 'm000012', 'Lecture', '16:00', '17:00', '2024-12-17', '', TRUE, ''),
	(3, 'm000012', 'Practical', '17:00', '18:00', '2024-12-17', '', TRUE, ''),
	(1, 'm000012', 'Lecture', '16:00', '17:00', '2024-12-24', '', TRUE, ''),
	(2, 'm000012', 'Practical', '17:00', '18:00', '2024-12-24', '', TRUE, ''),
	(1, 'm000012', 'Lecture', '16:00', '17:00', '2024-12-31', '', TRUE, ''),
	(3, 'm000012', 'Practical', '17:00', '18:00', '2024-12-31', '', TRUE, ''),
	(1, 'm000012', 'Lecture', '16:00', '17:00', '2025-01-07', '', TRUE, ''),
	(2, 'm000012', 'Practical', '17:00', '18:00', '2025-01-07', '', TRUE, ''),
	(1, 'm000012', 'Lecture', '16:00', '17:00', '2025-01-14', '', TRUE, ''),
	(2, 'm000012', 'Practical', '17:00', '18:00', '2025-01-14', '', TRUE, ''),
	(1, 'm000012', 'Lecture', '16:00', '17:00', '2025-01-21', '', TRUE, ''),
	(3, 'm000012', 'Practical', '17:00', '18:00', '2025-01-21', '', TRUE, '');

-- Records of STAFF_SESSION
INSERT INTO branch_b02.staff_session (staff_id, session_id)
VALUES
	('s000000008', 'sesh000001'),
	('s000000009', 'sesh000001'),
	('s000000008', 'sesh000002'),
	('s000000009', 'sesh000002'),
	('s000000008', 'sesh000003'),
	('s000000009', 'sesh000003'),
	('s000000008', 'sesh000004'),
	('s000000009', 'sesh000004'),
	('s000000008', 'sesh000005'),
	('s000000009', 'sesh000005'),
	('s000000008', 'sesh000006'),
	('s000000009', 'sesh000006'),
	('s000000008', 'sesh000007'),
	('s000000009', 'sesh000007'),
	('s000000008', 'sesh000008'),
	('s000000009', 'sesh000008'),
	('s000000008', 'sesh000009'),
	('s000000009', 'sesh000009'),
	('s000000008', 'sesh000010'),
	('s000000009', 'sesh000010'),
	('s000000008', 'sesh000011'),
	('s000000009', 'sesh000011'),
	('s000000008', 'sesh000012'),
	('s000000009', 'sesh000012'),
	('s000000008', 'sesh000013'),
	('s000000009', 'sesh000013'),
	('s000000008', 'sesh000014'),
	('s000000009', 'sesh000014'),
	('s000000008', 'sesh000015'),
	('s000000009', 'sesh000015'),
	('s000000008', 'sesh000016'),
	('s000000009', 'sesh000016'),
	('s000000008', 'sesh000017'),
	('s000000009', 'sesh000017'),
	('s000000008', 'sesh000018'),
	('s000000009', 'sesh000018'),
	('s000000008', 'sesh000019'),
	('s000000009', 'sesh000019'),
	('s000000008', 'sesh000020'),
	('s000000009', 'sesh000020'),
	('s000000008', 'sesh000021'),
	('s000000009', 'sesh000021'),
	('s000000008', 'sesh000022'),
	('s000000009', 'sesh000022'),
	('s000000008', 'sesh000023'),
	('s000000009', 'sesh000023'),
	('s000000008', 'sesh000024'),
	('s000000009', 'sesh000024'),
	('s000000008', 'sesh000025'),
	('s000000009', 'sesh000025'),
	('s000000008', 'sesh000026'),
	('s000000009', 'sesh000026'),
	('s000000008', 'sesh000027'),
	('s000000009', 'sesh000027'),
	('s000000008', 'sesh000028'),
	('s000000009', 'sesh000028'),
	('s000000008', 'sesh000029'),
	('s000000009', 'sesh000029'),
	('s000000008', 'sesh000030'),
	('s000000009', 'sesh000030'),
	('s000000008', 'sesh000031'),
	('s000000009', 'sesh000031'),
	('s000000008', 'sesh000032'),
	('s000000009', 'sesh000032'),
	('s000000008', 'sesh000033'),
	('s000000009', 'sesh000033'),
	('s000000008', 'sesh000034'),
	('s000000009', 'sesh000034'),
	('s000000008', 'sesh000035'),
	('s000000009', 'sesh000035'),
	('s000000008', 'sesh000036'),
	('s000000009', 'sesh000036'),
	('s000000008', 'sesh000037'),
	('s000000009', 'sesh000037'),
	('s000000008', 'sesh000038'),
	('s000000009', 'sesh000038'),
	('s000000008', 'sesh000039'),
	('s000000009', 'sesh000039'),
	('s000000008', 'sesh000040'),
	('s000000009', 'sesh000040'),
	('s000000008', 'sesh000041'),
	('s000000009', 'sesh000041'),
	('s000000008', 'sesh000042'),
	('s000000009', 'sesh000042'),
	('s000000008', 'sesh000043'),
	('s000000009', 'sesh000043'),
	('s000000008', 'sesh000044'),
	('s000000009', 'sesh000044'),
	('s000000008', 'sesh000045'),
	('s000000009', 'sesh000045'),
	('s000000008', 'sesh000046'),
	('s000000009', 'sesh000046'),
	('s000000008', 'sesh000047'),
	('s000000009', 'sesh000047'),
	('s000000008', 'sesh000048'),
	('s000000009', 'sesh000048'),
	('s000000008', 'sesh000049'),
	('s000000009', 'sesh000049'),
	('s000000008', 'sesh000050'),
	('s000000009', 'sesh000050'),
	('s000000008', 'sesh000051'),
	('s000000009', 'sesh000051'),
	('s000000008', 'sesh000052'),
	('s000000009', 'sesh000052'),
	('s000000008', 'sesh000053'),
	('s000000009', 'sesh000053'),
	('s000000008', 'sesh000054'),
	('s000000009', 'sesh000054'),
	('s000000008', 'sesh000055'),
	('s000000009', 'sesh000055'),
	('s000000008', 'sesh000056'),
	('s000000009', 'sesh000056'),
	('s000000008', 'sesh000057'),
	('s000000009', 'sesh000057'),
	('s000000008', 'sesh000058'),
	('s000000009', 'sesh000058'),
	('s000000008', 'sesh000059'),
	('s000000009', 'sesh000059'),
	('s000000008', 'sesh000060'),
	('s000000009', 'sesh000060'),
	('s000000008', 'sesh000061'),
	('s000000009', 'sesh000061'),
	('s000000008', 'sesh000062'),
	('s000000009', 'sesh000062'),
	('s000000008', 'sesh000063'),
	('s000000009', 'sesh000063'),
	('s000000008', 'sesh000064'),
	('s000000009', 'sesh000064'),
	('s000000008', 'sesh000065'),
	('s000000009', 'sesh000065'),
	('s000000008', 'sesh000066'),
	('s000000009', 'sesh000066'),
	('s000000008', 'sesh000067'),
	('s000000009', 'sesh000067'),
	('s000000008', 'sesh000068'),
	('s000000009', 'sesh000068'),
	('s000000008', 'sesh000069'),
	('s000000009', 'sesh000069'),
	('s000000008', 'sesh000070'),
	('s000000009', 'sesh000070'),
	('s000000008', 'sesh000071'),
	('s000000009', 'sesh000071'),
	('s000000008', 'sesh000072'),
	('s000000009', 'sesh000072'),
	('s000000008', 'sesh000073'),
	('s000000009', 'sesh000073'),
	('s000000008', 'sesh000074'),
	('s000000009', 'sesh000074'),
	('s000000008', 'sesh000075'),
	('s000000009', 'sesh000075'),
	('s000000008', 'sesh000076'),
	('s000000009', 'sesh000076'),
	('s000000008', 'sesh000077'),
	('s000000009', 'sesh000077'),
	('s000000008', 'sesh000078'),
	('s000000009', 'sesh000078'),
	('s000000008', 'sesh000079'),
	('s000000009', 'sesh000079'),
	('s000000008', 'sesh000080'),
	('s000000009', 'sesh000080'),
	('s000000008', 'sesh000081'),
	('s000000009', 'sesh000081'),
	('s000000008', 'sesh000082'),
	('s000000009', 'sesh000082'),
	('s000000008', 'sesh000083'),
	('s000000009', 'sesh000083'),
	('s000000008', 'sesh000084'),
	('s000000009', 'sesh000084'),
	('s000000008', 'sesh000085'),
	('s000000009', 'sesh000085'),
	('s000000008', 'sesh000086'),
	('s000000009', 'sesh000086'),
	('s000000008', 'sesh000087'),
	('s000000009', 'sesh000087'),
	('s000000008', 'sesh000088'),
	('s000000009', 'sesh000088'),
	('s000000008', 'sesh000089'),
	('s000000009', 'sesh000089'),
	('s000000008', 'sesh000090'),
	('s000000009', 'sesh000090'),
	('s000000008', 'sesh000091'),
	('s000000009', 'sesh000091'),
	('s000000008', 'sesh000092'),
	('s000000009', 'sesh000092'),
	('s000000008', 'sesh000093'),
	('s000000009', 'sesh000093'),
	('s000000008', 'sesh000094'),
	('s000000009', 'sesh000094'),
	('s000000008', 'sesh000095'),
	('s000000009', 'sesh000095'),
	('s000000008', 'sesh000096'),
	('s000000009', 'sesh000096'),
	('s000000009', 'sesh000097'),
	('s000000010', 'sesh000097'),
	('s000000009', 'sesh000098'),
	('s000000010', 'sesh000098'),
	('s000000009', 'sesh000099'),
	('s000000010', 'sesh000099'),
	('s000000009', 'sesh000100'),
	('s000000010', 'sesh000100'),
	('s000000009', 'sesh000101'),
	('s000000010', 'sesh000101'),
	('s000000009', 'sesh000102'),
	('s000000010', 'sesh000102'),
	('s000000009', 'sesh000103'),
	('s000000010', 'sesh000103'),
	('s000000009', 'sesh000104'),
	('s000000010', 'sesh000104'),
	('s000000009', 'sesh000105'),
	('s000000010', 'sesh000105'),
	('s000000009', 'sesh000106'),
	('s000000010', 'sesh000106'),
	('s000000009', 'sesh000107'),
	('s000000010', 'sesh000107'),
	('s000000009', 'sesh000108'),
	('s000000010', 'sesh000108'),
	('s000000009', 'sesh000109'),
	('s000000010', 'sesh000109'),
	('s000000009', 'sesh000110'),
	('s000000010', 'sesh000110'),
	('s000000009', 'sesh000111'),
	('s000000010', 'sesh000111'),
	('s000000009', 'sesh000112'),
	('s000000010', 'sesh000112'),
	('s000000009', 'sesh000113'),
	('s000000010', 'sesh000113'),
	('s000000009', 'sesh000114'),
	('s000000010', 'sesh000114'),
	('s000000009', 'sesh000115'),
	('s000000010', 'sesh000115'),
	('s000000009', 'sesh000116'),
	('s000000010', 'sesh000116'),
	('s000000009', 'sesh000117'),
	('s000000010', 'sesh000117'),
	('s000000009', 'sesh000118'),
	('s000000010', 'sesh000118'),
	('s000000009', 'sesh000119'),
	('s000000010', 'sesh000119'),
	('s000000009', 'sesh000120'),
	('s000000010', 'sesh000120'),
	('s000000009', 'sesh000121'),
	('s000000010', 'sesh000121'),
	('s000000009', 'sesh000122'),
	('s000000010', 'sesh000122'),
	('s000000009', 'sesh000123'),
	('s000000010', 'sesh000123'),
	('s000000009', 'sesh000124'),
	('s000000010', 'sesh000124'),
	('s000000009', 'sesh000125'),
	('s000000010', 'sesh000125'),
	('s000000009', 'sesh000126'),
	('s000000010', 'sesh000126'),
	('s000000009', 'sesh000127'),
	('s000000010', 'sesh000127'),
	('s000000009', 'sesh000128'),
	('s000000010', 'sesh000128'),
	('s000000009', 'sesh000129'),
	('s000000010', 'sesh000129'),
	('s000000009', 'sesh000130'),
	('s000000010', 'sesh000130'),
	('s000000009', 'sesh000131'),
	('s000000010', 'sesh000131'),
	('s000000009', 'sesh000132'),
	('s000000010', 'sesh000132'),
	('s000000009', 'sesh000133'),
	('s000000010', 'sesh000133'),
	('s000000009', 'sesh000134'),
	('s000000010', 'sesh000134'),
	('s000000009', 'sesh000135'),
	('s000000010', 'sesh000135'),
	('s000000009', 'sesh000136'),
	('s000000010', 'sesh000136'),
	('s000000009', 'sesh000137'),
	('s000000010', 'sesh000137'),
	('s000000009', 'sesh000138'),
	('s000000010', 'sesh000138'),
	('s000000009', 'sesh000139'),
	('s000000010', 'sesh000139'),
	('s000000009', 'sesh000140'),
	('s000000010', 'sesh000140'),
	('s000000009', 'sesh000141'),
	('s000000010', 'sesh000141'),
	('s000000009', 'sesh000142'),
	('s000000010', 'sesh000142'),
	('s000000009', 'sesh000143'),
	('s000000010', 'sesh000143'),
	('s000000009', 'sesh000144'),
	('s000000010', 'sesh000144'),
	('s000000009', 'sesh000145'),
	('s000000010', 'sesh000145'),
	('s000000009', 'sesh000146'),
	('s000000010', 'sesh000146'),
	('s000000009', 'sesh000147'),
	('s000000010', 'sesh000147'),
	('s000000009', 'sesh000148'),
	('s000000010', 'sesh000148'),
	('s000000009', 'sesh000149'),
	('s000000010', 'sesh000149'),
	('s000000009', 'sesh000150'),
	('s000000010', 'sesh000150'),
	('s000000009', 'sesh000151'),
	('s000000010', 'sesh000151'),
	('s000000009', 'sesh000152'),
	('s000000010', 'sesh000152'),
	('s000000009', 'sesh000153'),
	('s000000010', 'sesh000153'),
	('s000000009', 'sesh000154'),
	('s000000010', 'sesh000154'),
	('s000000009', 'sesh000155'),
	('s000000010', 'sesh000155'),
	('s000000009', 'sesh000156'),
	('s000000010', 'sesh000156'),
	('s000000009', 'sesh000157'),
	('s000000010', 'sesh000157'),
	('s000000009', 'sesh000158'),
	('s000000010', 'sesh000158'),
	('s000000009', 'sesh000159'),
	('s000000010', 'sesh000159'),
	('s000000009', 'sesh000160'),
	('s000000010', 'sesh000160'),
	('s000000009', 'sesh000161'),
	('s000000010', 'sesh000161'),
	('s000000009', 'sesh000162'),
	('s000000010', 'sesh000162'),
	('s000000009', 'sesh000163'),
	('s000000010', 'sesh000163'),
	('s000000009', 'sesh000164'),
	('s000000010', 'sesh000164'),
	('s000000009', 'sesh000165'),
	('s000000010', 'sesh000165'),
	('s000000009', 'sesh000166'),
	('s000000010', 'sesh000166'),
	('s000000009', 'sesh000167'),
	('s000000010', 'sesh000167'),
	('s000000009', 'sesh000168'),
	('s000000010', 'sesh000168'),
	('s000000009', 'sesh000169'),
	('s000000010', 'sesh000169'),
	('s000000009', 'sesh000170'),
	('s000000010', 'sesh000170'),
	('s000000009', 'sesh000171'),
	('s000000010', 'sesh000171'),
	('s000000009', 'sesh000172'),
	('s000000010', 'sesh000172'),
	('s000000009', 'sesh000173'),
	('s000000010', 'sesh000173'),
	('s000000009', 'sesh000174'),
	('s000000010', 'sesh000174'),
	('s000000009', 'sesh000175'),
	('s000000010', 'sesh000175'),
	('s000000009', 'sesh000176'),
	('s000000010', 'sesh000176'),
	('s000000009', 'sesh000177'),
	('s000000010', 'sesh000177'),
	('s000000009', 'sesh000178'),
	('s000000010', 'sesh000178'),
	('s000000009', 'sesh000179'),
	('s000000010', 'sesh000179'),
	('s000000009', 'sesh000180'),
	('s000000010', 'sesh000180'),
	('s000000009', 'sesh000181'),
	('s000000010', 'sesh000181'),
	('s000000009', 'sesh000182'),
	('s000000010', 'sesh000182'),
	('s000000009', 'sesh000183'),
	('s000000010', 'sesh000183'),
	('s000000009', 'sesh000184'),
	('s000000010', 'sesh000184'),
	('s000000009', 'sesh000185'),
	('s000000010', 'sesh000185'),
	('s000000009', 'sesh000186'),
	('s000000010', 'sesh000186'),
	('s000000009', 'sesh000187'),
	('s000000010', 'sesh000187'),
	('s000000009', 'sesh000188'),
	('s000000010', 'sesh000188'),
	('s000000009', 'sesh000189'),
	('s000000010', 'sesh000189'),
	('s000000009', 'sesh000190'),
	('s000000010', 'sesh000190'),
	('s000000009', 'sesh000191'),
	('s000000010', 'sesh000191'),
	('s000000009', 'sesh000192'),
	('s000000010', 'sesh000192');

-- Records of STAFF_CONTACT
INSERT INTO branch_b02.staff_contact (contact_id, staff_id)
VALUES
  (1, 's000000008'),
  (2, 's000000009'),
  (3, 's000000010'),
  (4, 's000000011'),
  (5, 's000000012'),
  (6, 's000000013'),
  (7, 's000000014');

-- Records of STUDENT_CONTACT
INSERT INTO branch_b02.student_contact (contact_id, student_id)
VALUES
  (10, 'sn00000001'),
  (1, 'sn00000002'),
  (12, 'sn00000003'),
  (8, 'sn00000004'),
  (3, 'sn00000005'),
  (11, 'sn00000006');

-- Records of STAFF_OFFICE
INSERT INTO branch_b02.staff_office (room_id, staff_id)
VALUES
  (4,'s000000008'),
  (5,'s000000009'),
  (6,'s000000010'),
  (7,'s000000011'),
  (8,'s000000012'),
  (9,'s000000013'),
  (10,'s000000014');

-- Records of ASSIGNMENT

-- Records of STAFF_ASSIGNMENT

/* UPDATE SEED DATA */
-- Assign random grades to all student assessments
UPDATE branch_b02.student_assessment
SET grade = ROUND(CAST(random() * 100 AS numeric), 2);

-- Update attendance records (randomly) for all sessions that have passed
UPDATE branch_b02.student_session AS ss
SET attendance_record = (
  CASE 
    WHEN random() > 0.25 THEN TRUE
    ELSE FALSE
  END
)
WHERE EXISTS (
  SELECT 1
  FROM branch_b02.session AS s
  WHERE s.session_id = ss.session_id
    AND s.session_date < CURRENT_DATE
);